event_id,employee_id,employee_name,rfid_uid,department,workstation,shift,day_number,timestamp,feedback,previous_feedback,skin_temperature,heart_rate,spo2,gsr,risk_score,risk_level
5d2bde25-a6f2-499b-8eee-a0355893f472,EMP0782,Worker_0782,RFID000782,Maintenance,WS-05,AFTERNOON,1,2026-10-01T13:00:17,SAD,,36.75,87.2,97.4,0.43,84.1,HIGH
0e53a7b3-56dd-41b3-b62d-1c1c8c58cfc2,EMP0415,Worker_0415,RFID000415,Packaging,WS-02,AFTERNOON,1,2026-10-01T13:00:20,HAPPY,,36.76,78.4,97.9,0.181,8.45,LOW
d4c6d2d8-f022-481c-bb3f-5cb06b78530e,EMP0379,Worker_0379,RFID000379,Cutting,WS-02,AFTERNOON,1,2026-10-01T13:00:22,HAPPY,,36.11,83.9,98.5,0.373,11.37,LOW
547f66c5-a3c5-405e-b60b-5799bd86e005,EMP0543,Worker_0543,RFID000543,Finishing,WS-09,AFTERNOON,1,2026-10-01T13:00:30,HAPPY,,36.81,80.6,98.2,0.324,8.3,LOW
fdc6b594-95d6-465b-b4b4-89b7be3d93ae,EMP0734,Worker_0734,RFID000734,Cutting,WS-07,AFTERNOON,1,2026-10-01T13:00:48,OK,,36.47,64.8,98.5,0.314,38.78,MODERATE
13aaa790-cbd0-4920-b5e5-5cf380ae50b1,EMP0612,Worker_0612,RFID000612,Finishing,WS-10,AFTERNOON,1,2026-10-01T13:00:58,OK,,36.71,76.3,98.2,0.309,35.44,MODERATE
bbd59fd8-68ff-4bfe-ba01-9111a2a95e65,EMP0002,Worker_0002,RFID000002,Assembly,WS-10,AFTERNOON,1,2026-10-01T13:01:22,HAPPY,,36.27,74.6,97.1,0.274,7.24,LOW
9e3f1fea-2526-4ef3-8f3d-3b7238b3f1fc,EMP0039,Worker_0039,RFID000039,Assembly,WS-02,AFTERNOON,1,2026-10-01T13:01:30,HAPPY,,36.57,69.9,97.6,0.185,10.2,LOW
21a725f5-72a5-40af-a654-33ababf699cf,EMP0817,Worker_0817,RFID000817,Assembly,WS-02,AFTERNOON,1,2026-10-01T13:01:34,OK,,36.72,80.0,97.0,0.336,42.16,MODERATE
14ac65c9-7156-473d-a0fe-db861f6d7e69,EMP0965,Worker_0965,RFID000965,Quality,WS-09,AFTERNOON,1,2026-10-01T13:01:58,OK,,36.53,89.1,98.4,0.208,46.3,MODERATE
7070051d-5c7f-48d0-a2f9-e501dc5eb9d0,EMP0771,Worker_0771,RFID000771,Cutting,WS-07,AFTERNOON,1,2026-10-01T13:02:16,HAPPY,,36.59,80.5,98.8,0.299,12.91,LOW
bc2f195c-4ec2-446d-8d93-928ac8ab47ac,EMP0305,Worker_0305,RFID000305,Stores,WS-07,AFTERNOON,1,2026-10-01T13:02:23,SAD,,37.02,70.6,98.1,0.486,74.62,HIGH
fd4db095-9401-42ab-863f-9bb15b6028df,EMP0696,Worker_0696,RFID000696,Production,WS-01,AFTERNOON,1,2026-10-01T13:02:35,HAPPY,,36.36,72.4,98.1,0.227,7.76,LOW
0f6f3b42-63ab-46e4-8098-ec59ff42c073,EMP0293,Worker_0293,RFID000293,Stores,WS-10,AFTERNOON,1,2026-10-01T13:02:56,HAPPY,,36.61,76.4,97.5,0.232,14.22,LOW
ba94ef9f-aac9-4eda-a7f3-1e44e8be5e50,EMP0549,Worker_0549,RFID000549,Assembly,WS-03,AFTERNOON,1,2026-10-01T13:03:02,OK,,36.59,71.8,96.6,0.224,40.45,MODERATE
64d866f1-2fb8-43e7-87eb-f9b6c958ca40,EMP0251,Worker_0251,RFID000251,Finishing,WS-09,AFTERNOON,1,2026-10-01T13:03:22,SAD,,36.68,90.5,97.2,0.343,78.72,HIGH
71dc086e-7dcb-467d-ab57-a297eca2a82d,EMP0784,Worker_0784,RFID000784,Production,WS-05,AFTERNOON,1,2026-10-01T13:03:26,OK,,36.28,84.2,97.4,0.39,40.17,MODERATE
7d8a9eea-0915-4168-88fd-601b6b0061ca,EMP0390,Worker_0390,RFID000390,Packaging,WS-03,AFTERNOON,1,2026-10-01T13:03:48,HAPPY,,36.57,77.8,98.5,0.332,6.93,LOW
dbf0596e-add1-4716-a0ea-d8eea7f9f410,EMP0561,Worker_0561,RFID000561,Packaging,WS-06,AFTERNOON,1,2026-10-01T13:04:10,HAPPY,,36.36,76.2,99.2,0.242,9.32,LOW
f21d2050-ebf5-43be-b227-651ff49e1c26,EMP0967,Worker_0967,RFID000967,Finishing,WS-01,AFTERNOON,1,2026-10-01T13:04:23,OK,,36.78,72.7,97.7,0.37,35.73,MODERATE
99aeb459-086b-4107-9add-236f59bd4d60,EMP0527,Worker_0527,RFID000527,Maintenance,WS-09,AFTERNOON,1,2026-10-01T13:04:24,HAPPY,,36.46,80.0,98.5,0.314,10.2,LOW
a6ec2040-bae3-43dd-a334-a06ba6f80d38,EMP0115,Worker_0115,RFID000115,Cutting,WS-02,AFTERNOON,1,2026-10-01T13:05:07,HAPPY,,36.83,68.6,96.3,0.394,11.59,LOW
fd860640-878a-43b3-8bb6-0123020d001d,EMP0373,Worker_0373,RFID000373,Production,WS-01,AFTERNOON,1,2026-10-01T13:05:11,OK,,36.6,72.6,98.5,0.185,35.1,MODERATE
304c696a-5ccb-41de-8e0a-fa8e4f8cec36,EMP0807,Worker_0807,RFID000807,Assembly,WS-09,AFTERNOON,1,2026-10-01T13:05:18,HAPPY,,36.4,75.9,98.4,0.404,10.01,LOW
68449f7f-1295-40ba-851d-2bcec5fbab53,EMP0719,Worker_0719,RFID000719,Quality,WS-07,AFTERNOON,1,2026-10-01T13:05:19,SAD,,36.33,78.6,96.4,0.566,84.21,HIGH
8013d39c-cd06-4f96-99f4-5f7ba9172515,EMP0779,Worker_0779,RFID000779,Assembly,WS-09,AFTERNOON,1,2026-10-01T13:05:20,OK,,36.16,84.4,98.1,0.47,43.18,MODERATE
58bbb6b0-7f8a-411f-9df0-c19f83d5ada4,EMP0008,Worker_0008,RFID000008,Cutting,WS-05,AFTERNOON,1,2026-10-01T13:05:21,SAD,,36.65,78.3,97.5,0.541,78.13,HIGH
0a08f629-5bcc-42f8-80b2-cb186c5be048,EMP0863,Worker_0863,RFID000863,Maintenance,WS-08,AFTERNOON,1,2026-10-01T13:05:29,SAD,,36.92,90.2,97.2,0.527,85.61,HIGH
71099e65-6993-407f-ae67-a9e5c3cf30ce,EMP0638,Worker_0638,RFID000638,Production,WS-08,AFTERNOON,1,2026-10-01T13:05:38,HAPPY,,36.52,79.1,96.5,0.233,8.76,LOW
da62a806-dec0-43f9-9f0e-54e2df80a570,EMP0394,Worker_0394,RFID000394,Maintenance,WS-03,AFTERNOON,1,2026-10-01T13:05:46,HAPPY,,36.66,75.2,98.6,0.266,7.8,LOW
fa8fcd08-7448-4584-aeee-10a9e4090446,EMP0184,Worker_0184,RFID000184,Assembly,WS-02,AFTERNOON,1,2026-10-01T13:05:51,HAPPY,,36.48,71.3,97.9,0.188,13.06,LOW
e47e59e9-73a7-4600-94c5-618939e5aa52,EMP0686,Worker_0686,RFID000686,Cutting,WS-07,AFTERNOON,1,2026-10-01T13:07:07,HAPPY,,36.27,77.1,97.5,0.253,9.38,LOW
210d53d6-3597-454c-b605-8292163d7677,EMP0427,Worker_0427,RFID000427,Quality,WS-03,AFTERNOON,1,2026-10-01T13:07:10,OK,,36.26,69.3,97.8,0.359,35.85,MODERATE
17fe6337-3bc6-43fa-8f70-eb4e7e80440f,EMP0257,Worker_0257,RFID000257,Quality,WS-07,AFTERNOON,1,2026-10-01T13:07:19,OK,,36.48,72.5,97.6,0.424,39.18,MODERATE
f3686451-179f-445c-9ba5-9333d22986a3,EMP0632,Worker_0632,RFID000632,Assembly,WS-02,AFTERNOON,1,2026-10-01T13:07:53,HAPPY,,36.09,71.9,99.5,0.324,8.75,LOW
62117df6-0b43-4c25-b3db-3e56672c1ebd,EMP0309,Worker_0309,RFID000309,Production,WS-09,AFTERNOON,1,2026-10-01T13:07:58,OK,,36.72,69.5,98.8,0.423,44.24,MODERATE
e57a0a37-4da8-43fd-b74e-2189a1f9985f,EMP0799,Worker_0799,RFID000799,Quality,WS-02,AFTERNOON,1,2026-10-01T13:08:02,SAD,,36.64,89.9,97.2,0.567,86.95,HIGH
896cce02-dbb0-4397-b306-c860c6804c1b,EMP0249,Worker_0249,RFID000249,Quality,WS-02,AFTERNOON,1,2026-10-01T13:08:28,HAPPY,,36.63,69.7,97.8,0.339,7.5,LOW
200eb634-7491-4c01-bc40-b83a1a7976f6,EMP1000,Worker_1000,RFID001000,Cutting,WS-07,AFTERNOON,1,2026-10-01T13:08:34,SAD,,36.8,95.4,97.3,0.454,81.6,HIGH
cea57062-36ec-4bf6-937d-b45f7d6cc47b,EMP0837,Worker_0837,RFID000837,Finishing,WS-05,AFTERNOON,1,2026-10-01T13:09:19,HAPPY,,36.49,61.9,98.9,0.225,14.55,LOW
9f5d7bc3-9a8a-426a-a41e-f6d317e9a1a7,EMP0685,Worker_0685,RFID000685,Packaging,WS-04,AFTERNOON,1,2026-10-01T13:09:25,HAPPY,,36.52,65.0,97.4,0.324,5.54,LOW
444d2dc0-0592-4f63-9604-0889b59dd9bc,EMP0688,Worker_0688,RFID000688,Packaging,WS-04,AFTERNOON,1,2026-10-01T13:09:48,HAPPY,,36.17,68.8,98.9,0.112,8.27,LOW
2b387b3a-7c6a-4196-a86a-ed4a68db1bcd,EMP0187,Worker_0187,RFID000187,Quality,WS-01,AFTERNOON,1,2026-10-01T13:09:50,OK,,36.52,79.8,98.3,0.297,39.44,MODERATE
9cb529fc-0183-4b34-8cb8-ed1b8f4fd35b,EMP0559,Worker_0559,RFID000559,Production,WS-09,AFTERNOON,1,2026-10-01T13:09:55,OK,,36.55,81.8,97.6,0.208,38.0,MODERATE
3ec6e857-1049-4b0e-ae6e-78dd06caa469,EMP0857,Worker_0857,RFID000857,Finishing,WS-06,AFTERNOON,1,2026-10-01T13:09:56,HAPPY,,36.86,82.7,96.7,0.311,5.58,LOW
3799bc20-18ea-4c26-912c-de45c78f7776,EMP0180,Worker_0180,RFID000180,Maintenance,WS-04,AFTERNOON,1,2026-10-01T13:09:57,HAPPY,,36.21,71.7,97.9,0.206,6.26,LOW
fede7348-bcca-412e-8530-5c7295cab884,EMP0534,Worker_0534,RFID000534,Production,WS-07,AFTERNOON,1,2026-10-01T13:09:59,OK,,36.81,79.1,98.3,0.266,35.2,MODERATE
697fdeee-854c-46f2-b6be-52e59d49ce07,EMP0899,Worker_0899,RFID000899,Stores,WS-08,AFTERNOON,1,2026-10-01T13:10:25,OK,,36.35,73.0,97.4,0.274,38.2,MODERATE
d702a72f-e47a-4f1c-9e98-50e67b29472d,EMP0194,Worker_0194,RFID000194,Assembly,WS-09,AFTERNOON,1,2026-10-01T13:10:33,SAD,,36.87,91.3,98.5,0.262,78.28,HIGH
dddd2eb7-be0f-48f9-bc96-1f95424f05c1,EMP0606,Worker_0606,RFID000606,Production,WS-08,AFTERNOON,1,2026-10-01T13:11:25,SAD,,36.34,82.9,97.2,0.495,74.08,HIGH
6f28ac69-b430-4d60-80fc-cf505b906b8b,EMP0682,Worker_0682,RFID000682,Assembly,WS-04,AFTERNOON,1,2026-10-01T13:12:01,HAPPY,,36.65,75.2,98.4,0.262,6.63,LOW
336678ab-e381-452d-8f07-8e3894bb0ec0,EMP0403,Worker_0403,RFID000403,Packaging,WS-08,AFTERNOON,1,2026-10-01T13:12:05,OK,,36.8,77.0,99.2,0.348,42.56,MODERATE
02415c02-d8f7-4085-b2d6-23da2e032582,EMP0592,Worker_0592,RFID000592,Packaging,WS-07,AFTERNOON,1,2026-10-01T13:12:25,OK,,36.53,80.3,97.4,0.296,41.57,MODERATE
28ad2b55-b9c0-46df-a2d4-6b5093ac3a90,EMP0705,Worker_0705,RFID000705,Maintenance,WS-03,AFTERNOON,1,2026-10-01T13:12:29,OK,,36.33,83.5,97.3,0.402,39.87,MODERATE
4fc8b303-1e5e-4ce5-ad46-afd65a05b09b,EMP0078,Worker_0078,RFID000078,Assembly,WS-08,AFTERNOON,1,2026-10-01T13:14:01,SAD,,36.78,80.0,98.6,0.541,73.04,HIGH
89891e27-6e2c-4f27-b55f-f538e51c71ec,EMP0204,Worker_0204,RFID000204,Finishing,WS-03,AFTERNOON,1,2026-10-01T13:14:03,HAPPY,,36.57,86.2,98.5,0.309,14.38,LOW
3297d2fc-78ee-4534-a739-123242b34eb1,EMP0259,Worker_0259,RFID000259,Quality,WS-08,AFTERNOON,1,2026-10-01T13:14:07,HAPPY,,36.54,82.7,99.0,0.29,5.16,LOW
507c1df8-96ca-4a8e-9bf5-3657fd093d0c,EMP0431,Worker_0431,RFID000431,Stores,WS-01,AFTERNOON,1,2026-10-01T13:14:11,OK,,36.49,71.1,99.2,0.414,40.18,MODERATE
fc2f5066-e163-4c64-8f76-effc43d43515,EMP0502,Worker_0502,RFID000502,Assembly,WS-05,AFTERNOON,1,2026-10-01T13:14:12,HAPPY,,36.44,81.9,99.3,0.14,13.8,LOW
b5f063cc-2a59-4c47-90c8-8833c32a81bf,EMP0164,Worker_0164,RFID000164,Finishing,WS-04,AFTERNOON,1,2026-10-01T13:14:25,OK,,36.6,83.4,98.1,0.238,41.03,MODERATE
deaf4270-b262-497b-9e6d-9cd496e6caa1,EMP0960,Worker_0960,RFID000960,Production,WS-01,AFTERNOON,1,2026-10-01T13:14:36,OK,,36.59,74.9,97.1,0.274,42.39,MODERATE
895a398a-cfc8-479a-9b2a-48e9ab0d356b,EMP0080,Worker_0080,RFID000080,Assembly,WS-10,AFTERNOON,1,2026-10-01T13:14:54,OK,,36.35,85.3,97.8,0.402,46.21,MODERATE
7cdc89ae-8d8a-4011-947a-e23d3e1e3791,EMP0450,Worker_0450,RFID000450,Production,WS-03,AFTERNOON,1,2026-10-01T13:15:04,HAPPY,,36.42,78.6,96.5,0.229,5.7,LOW
f7013bc6-9fd2-42e6-85ee-68ae891fd8d1,EMP0540,Worker_0540,RFID000540,Maintenance,WS-08,AFTERNOON,1,2026-10-01T13:15:10,SAD,,36.82,91.6,95.3,0.707,89.34,HIGH
18132f8f-111e-4889-b129-af23f912e9de,EMP0248,Worker_0248,RFID000248,Cutting,WS-09,AFTERNOON,1,2026-10-01T13:15:14,HAPPY,,36.58,78.9,99.0,0.288,5.57,LOW
a72ab280-7cae-4c7c-a3e9-8629d14d7826,EMP0709,Worker_0709,RFID000709,Maintenance,WS-07,AFTERNOON,1,2026-10-01T13:15:23,OK,,36.67,73.5,98.3,0.349,42.63,MODERATE
d0cfa300-40e4-4cc0-92d5-8dbe67613646,EMP0800,Worker_0800,RFID000800,Maintenance,WS-07,AFTERNOON,1,2026-10-01T13:15:23,HAPPY,,36.54,81.9,98.8,0.194,13.25,LOW
40949adb-9003-47a0-8fff-0775e7a12141,EMP0889,Worker_0889,RFID000889,Packaging,WS-05,AFTERNOON,1,2026-10-01T13:15:27,SAD,,36.53,76.9,96.9,0.501,71.99,HIGH
9ba6c221-42f4-4dd1-91a9-9b32b74c73f1,EMP0045,Worker_0045,RFID000045,Cutting,WS-09,AFTERNOON,1,2026-10-01T13:15:32,OK,,36.29,67.9,98.9,0.51,43.92,MODERATE
9ac4b1bb-31c1-465f-9c2c-34eae6e3a0dd,EMP0594,Worker_0594,RFID000594,Packaging,WS-08,AFTERNOON,1,2026-10-01T13:15:34,OK,,36.85,85.2,97.0,0.278,45.03,MODERATE
4e23ef60-2c13-4519-93db-27271b5b1298,EMP0006,Worker_0006,RFID000006,Cutting,WS-02,AFTERNOON,1,2026-10-01T13:15:53,OK,,36.76,77.0,98.7,0.438,41.22,MODERATE
67ca974a-5d49-4c98-96c6-94db9d1a1637,EMP0580,Worker_0580,RFID000580,Production,WS-05,AFTERNOON,1,2026-10-01T13:15:57,OK,,36.32,89.3,98.3,0.352,42.28,MODERATE
9ff0f95e-f553-4476-84e9-0ad4e03b96a4,EMP0079,Worker_0079,RFID000079,Production,WS-01,AFTERNOON,1,2026-10-01T13:15:59,SAD,,36.57,94.2,96.5,0.269,83.13,HIGH
02b6affa-2702-4695-b86d-1c96adc79a3a,EMP0512,Worker_0512,RFID000512,Production,WS-01,AFTERNOON,1,2026-10-01T13:16:07,SAD,,36.31,99.1,99.2,0.491,81.77,HIGH
e41712ee-255f-4e7c-8e5d-eb820bf619ed,EMP0803,Worker_0803,RFID000803,Quality,WS-09,AFTERNOON,1,2026-10-01T13:16:15,SAD,,36.35,91.1,97.5,0.579,88.87,HIGH
6f51ff1f-d7fa-40ef-b6ab-22a6ab33d1f2,EMP0497,Worker_0497,RFID000497,Production,WS-05,AFTERNOON,1,2026-10-01T13:16:37,OK,,36.25,72.6,97.2,0.303,33.77,LOW
d8fcb3e6-59f7-4b06-9d5e-d2bbf834e8e2,EMP0536,Worker_0536,RFID000536,Stores,WS-10,AFTERNOON,1,2026-10-01T13:16:46,HAPPY,,36.65,78.5,99.1,0.375,14.79,LOW
43bd2eef-5c65-49d4-8c8e-35249d419aa3,EMP0843,Worker_0843,RFID000843,Cutting,WS-03,AFTERNOON,1,2026-10-01T13:16:54,HAPPY,,36.33,75.6,97.8,0.287,6.86,LOW
7a76b0e8-7975-4758-bb55-c0757d0a8ec8,EMP0616,Worker_0616,RFID000616,Finishing,WS-06,AFTERNOON,1,2026-10-01T13:16:59,OK,,36.21,86.6,98.3,0.348,39.38,MODERATE
75b5b9ae-fbdd-4249-9543-2d72b66c6c20,EMP0514,Worker_0514,RFID000514,Cutting,WS-07,AFTERNOON,1,2026-10-01T13:17:06,HAPPY,,36.23,84.8,98.2,0.284,11.24,LOW
f7bd6d1f-7a76-42e1-9936-01d0a44ee245,EMP0213,Worker_0213,RFID000213,Finishing,WS-03,AFTERNOON,1,2026-10-01T13:17:14,OK,,36.19,82.0,98.8,0.292,39.37,MODERATE
19903aba-55cf-43e5-b0da-b3075bea2062,EMP0228,Worker_0228,RFID000228,Stores,WS-06,AFTERNOON,1,2026-10-01T13:17:53,HAPPY,,36.53,79.9,97.5,0.18,12.17,LOW
174f06a5-714d-48af-819f-c026d684b575,EMP0105,Worker_0105,RFID000105,Production,WS-03,AFTERNOON,1,2026-10-01T13:17:54,OK,,36.59,89.0,98.5,0.424,48.33,MODERATE
2000cc72-101a-497f-ad4c-260cdd095395,EMP0128,Worker_0128,RFID000128,Assembly,WS-08,AFTERNOON,1,2026-10-01T13:18:19,HAPPY,,36.3,73.5,96.7,0.183,14.35,LOW
4b38561e-f920-447c-9008-8248e5ed634c,EMP0531,Worker_0531,RFID000531,Packaging,WS-05,AFTERNOON,1,2026-10-01T13:18:23,OK,,36.43,79.9,96.6,0.256,41.69,MODERATE
7ef6d0fb-f394-4bbf-8ad6-900f23ac3021,EMP0174,Worker_0174,RFID000174,Packaging,WS-09,AFTERNOON,1,2026-10-01T13:18:24,HAPPY,,36.58,69.2,97.9,0.193,5.86,LOW
1cc21b1a-3b98-435c-a222-d9760bf187d7,EMP0535,Worker_0535,RFID000535,Production,WS-05,AFTERNOON,1,2026-10-01T13:19:00,HAPPY,,36.67,68.5,98.6,0.263,5.66,LOW
06d13eff-3a02-4abe-a06d-c80b52a3be0a,EMP0137,Worker_0137,RFID000137,Maintenance,WS-03,AFTERNOON,1,2026-10-01T13:19:07,HAPPY,,36.71,77.1,98.1,0.155,9.72,LOW
09322758-f7fa-4f12-b715-b4f99063df93,EMP0702,Worker_0702,RFID000702,Quality,WS-07,AFTERNOON,1,2026-10-01T13:19:21,HAPPY,,36.73,73.8,98.1,0.361,7.63,LOW
029570a4-8011-465f-9781-a0c8a6022f35,EMP0124,Worker_0124,RFID000124,Finishing,WS-01,AFTERNOON,1,2026-10-01T13:19:26,OK,,36.41,82.5,97.7,0.276,41.08,MODERATE
467c3731-3fdf-420c-b025-3af64a885743,EMP0480,Worker_0480,RFID000480,Finishing,WS-03,AFTERNOON,1,2026-10-01T13:19:28,OK,,36.68,74.7,98.1,0.401,37.22,MODERATE
60e324f4-178a-4fe4-a45d-4406e914aaf6,EMP0997,Worker_0997,RFID000997,Cutting,WS-08,AFTERNOON,1,2026-10-01T13:19:58,HAPPY,,36.49,72.1,99.0,0.166,12.2,LOW
3a1c826c-15d3-47de-86f9-b8c5581264a0,EMP0966,Worker_0966,RFID000966,Packaging,WS-03,AFTERNOON,1,2026-10-01T13:20:05,OK,,36.35,73.0,98.7,0.295,35.6,MODERATE
4c0307a6-54e8-43c7-afd0-f839c26a3f26,EMP0725,Worker_0725,RFID000725,Production,WS-06,AFTERNOON,1,2026-10-01T13:20:21,SAD,,36.75,82.5,97.9,0.423,80.95,HIGH
4f47b3a8-36ab-4a64-b266-ae50e900efe8,EMP0599,Worker_0599,RFID000599,Production,WS-10,AFTERNOON,1,2026-10-01T13:20:24,OK,,36.55,81.1,98.1,0.293,40.24,MODERATE
7918963c-d202-45f1-8035-82f77efdca91,EMP0361,Worker_0361,RFID000361,Production,WS-08,AFTERNOON,1,2026-10-01T13:20:27,OK,,36.77,81.1,97.1,0.394,37.8,MODERATE
bf98b271-32f2-4b2d-ada2-ea18c1b7fed9,EMP0456,Worker_0456,RFID000456,Cutting,WS-09,AFTERNOON,1,2026-10-01T13:20:37,SAD,,36.51,86.9,97.0,0.757,83.7,HIGH
935f6c60-f01a-46bd-8acd-0e62800a5aec,EMP0314,Worker_0314,RFID000314,Assembly,WS-09,AFTERNOON,1,2026-10-01T13:20:44,HAPPY,,36.21,73.4,97.9,0.338,10.47,LOW
7fa9c2af-e975-43ce-b7c0-89e5000dbc00,EMP0956,Worker_0956,RFID000956,Maintenance,WS-04,AFTERNOON,1,2026-10-01T13:20:59,OK,,36.48,74.5,96.7,0.24,37.14,MODERATE
44c49aa0-7ce0-483f-818e-ffde728c1426,EMP0333,Worker_0333,RFID000333,Packaging,WS-08,AFTERNOON,1,2026-10-01T13:21:21,OK,,36.54,71.4,98.3,0.302,38.71,MODERATE
69feb3f9-57d9-4cf2-bb90-f911649c9b4d,EMP0245,Worker_0245,RFID000245,Cutting,WS-09,AFTERNOON,1,2026-10-01T13:22:04,OK,,36.35,79.1,98.8,0.218,39.5,MODERATE
4eedd35e-1088-4b4b-816f-ce0fabd724dc,EMP0942,Worker_0942,RFID000942,Assembly,WS-09,AFTERNOON,1,2026-10-01T13:22:12,OK,,36.79,81.2,98.4,0.408,37.68,MODERATE
85e4802a-6046-48ae-8071-7812818d533c,EMP0211,Worker_0211,RFID000211,Stores,WS-04,AFTERNOON,1,2026-10-01T13:22:27,HAPPY,,36.55,81.1,98.8,0.288,6.89,LOW
2b261461-fd02-4c2b-813a-09898d63643d,EMP0915,Worker_0915,RFID000915,Stores,WS-01,AFTERNOON,1,2026-10-01T13:22:50,OK,,36.18,68.0,98.7,0.321,37.09,MODERATE
699c4db1-5b87-4840-9fbf-06ba665550d5,EMP0056,Worker_0056,RFID000056,Packaging,WS-06,AFTERNOON,1,2026-10-01T13:22:57,OK,,36.85,78.9,99.2,0.386,34.97,LOW
5a2f4ef0-fe80-4606-b32b-6df357b2f602,EMP0340,Worker_0340,RFID000340,Cutting,WS-02,AFTERNOON,1,2026-10-01T13:23:01,SAD,,36.8,90.2,98.2,0.581,93.37,HIGH
c9157bca-a52a-466e-915b-73844cb2bef7,EMP0507,Worker_0507,RFID000507,Production,WS-03,AFTERNOON,1,2026-10-01T13:23:17,OK,,36.91,73.9,98.3,0.295,36.86,MODERATE
cf91c155-7fe2-41c6-bd03-579622dca698,EMP0344,Worker_0344,RFID000344,Packaging,WS-08,AFTERNOON,1,2026-10-01T13:23:25,HAPPY,,36.57,73.4,98.3,0.238,6.69,LOW
e86240c2-f743-4a90-8688-eb98955edd98,EMP0804,Worker_0804,RFID000804,Assembly,WS-01,AFTERNOON,1,2026-10-01T13:23:25,OK,,36.49,75.0,96.9,0.387,42.3,MODERATE
5df03a3b-a78c-46d8-ad13-637cacfb1dd7,EMP0182,Worker_0182,RFID000182,Stores,WS-06,AFTERNOON,1,2026-10-01T13:23:52,HAPPY,,36.26,71.4,97.6,0.211,9.26,LOW
fc41a0bf-a77b-4da4-ac7a-876d741954c4,EMP0154,Worker_0154,RFID000154,Finishing,WS-08,AFTERNOON,1,2026-10-01T13:23:59,HAPPY,,36.5,78.0,97.7,0.206,11.25,LOW
e0b243fb-1548-4991-b5df-551aa10a3089,EMP0964,Worker_0964,RFID000964,Maintenance,WS-09,AFTERNOON,1,2026-10-01T13:24:00,SAD,,36.97,84.4,97.3,0.739,78.45,HIGH
cdd0f8d6-a94b-4257-94e3-91878266d118,EMP0733,Worker_0733,RFID000733,Assembly,WS-01,AFTERNOON,1,2026-10-01T13:24:01,HAPPY,,36.59,68.2,98.5,0.15,8.88,LOW
3d381dff-7ae0-42ef-a711-153b36aa7d2b,EMP0898,Worker_0898,RFID000898,Assembly,WS-09,AFTERNOON,1,2026-10-01T13:24:18,HAPPY,,36.51,64.3,98.6,0.267,6.71,LOW
4f13ccf8-0aa6-4347-9ed5-36c2bb870dc6,EMP0150,Worker_0150,RFID000150,Packaging,WS-02,AFTERNOON,1,2026-10-01T13:24:24,OK,,36.62,87.8,97.8,0.334,46.66,MODERATE
dbbcbd37-d220-45f0-9196-b53e1fd5460d,EMP0329,Worker_0329,RFID000329,Stores,WS-09,AFTERNOON,1,2026-10-01T13:24:32,HAPPY,,36.55,73.3,97.0,0.149,13.37,LOW
9cb96462-ac6a-42ba-9d2c-83473a398932,EMP0795,Worker_0795,RFID000795,Stores,WS-03,AFTERNOON,1,2026-10-01T13:24:35,OK,,36.18,78.5,96.9,0.247,42.79,MODERATE
c89e71ad-7929-4028-9e37-191b33c1bc34,EMP0963,Worker_0963,RFID000963,Finishing,WS-05,AFTERNOON,1,2026-10-01T13:24:36,OK,,36.65,85.3,97.0,0.397,44.27,MODERATE
debe99ff-c1b8-46fd-8fe2-aaa063a22182,EMP0038,Worker_0038,RFID000038,Finishing,WS-06,AFTERNOON,1,2026-10-01T13:25:12,SAD,,37.02,104.8,96.8,0.476,89.63,HIGH
941eccfc-3ad1-4f72-833f-b407a08dc1b6,EMP0398,Worker_0398,RFID000398,Production,WS-04,AFTERNOON,1,2026-10-01T13:25:52,SAD,,36.65,77.5,97.9,0.368,67.28,HIGH
b9693358-032c-44c0-8b68-7b65dd343a11,EMP0575,Worker_0575,RFID000575,Stores,WS-08,AFTERNOON,1,2026-10-01T13:26:06,OK,,36.79,83.8,96.5,0.362,39.63,MODERATE
874e7055-c0dc-454a-a6d9-119fd2d34761,EMP0693,Worker_0693,RFID000693,Production,WS-02,AFTERNOON,1,2026-10-01T13:26:14,SAD,,36.64,87.8,98.4,0.39,71.08,HIGH
92c649cb-3cc5-4649-affc-59f84569f8c0,EMP0802,Worker_0802,RFID000802,Finishing,WS-02,AFTERNOON,1,2026-10-01T13:26:43,OK,,36.77,81.9,98.1,0.177,34.19,LOW
297c8694-ddbd-4d79-a9f9-c92021124d45,EMP0138,Worker_0138,RFID000138,Stores,WS-03,AFTERNOON,1,2026-10-01T13:27:11,HAPPY,,36.26,67.7,98.3,0.23,12.43,LOW
ed30d2b5-32ff-4b29-9258-5dcb68c1ad87,EMP0640,Worker_0640,RFID000640,Cutting,WS-07,AFTERNOON,1,2026-10-01T13:27:17,HAPPY,,36.22,63.5,98.9,0.25,10.0,LOW
528df5ba-a9e2-4a88-9fe9-71b84c7d0338,EMP0754,Worker_0754,RFID000754,Stores,WS-04,AFTERNOON,1,2026-10-01T13:27:27,OK,,36.56,84.0,98.2,0.383,41.41,MODERATE
cfcf6b3c-e45b-4aee-895b-d68416db5dde,EMP0125,Worker_0125,RFID000125,Maintenance,WS-06,AFTERNOON,1,2026-10-01T13:27:43,OK,,36.42,79.8,96.6,0.281,40.46,MODERATE
6d0880ee-192f-42e3-8f3b-662cddc678a8,EMP0453,Worker_0453,RFID000453,Quality,WS-02,AFTERNOON,1,2026-10-01T13:28:11,HAPPY,,36.44,85.6,99.1,0.177,17.49,LOW
b7e06414-9902-4916-bcfb-ce8725f82b48,EMP0289,Worker_0289,RFID000289,Packaging,WS-04,AFTERNOON,1,2026-10-01T13:28:14,HAPPY,,36.3,75.4,97.1,0.326,10.61,LOW
90b0044c-622b-4f6d-a479-aa0ed560f1f5,EMP0780,Worker_0780,RFID000780,Assembly,WS-09,AFTERNOON,1,2026-10-01T13:28:18,OK,,36.41,79.8,96.3,0.285,39.74,MODERATE
1d2d4013-bc95-4880-9c69-73939b4620cb,EMP0315,Worker_0315,RFID000315,Cutting,WS-02,AFTERNOON,1,2026-10-01T13:28:51,HAPPY,,36.36,73.5,97.7,0.369,5.4,LOW
2dc1e008-8563-411a-b6d8-57aa26cc7528,EMP0275,Worker_0275,RFID000275,Packaging,WS-08,AFTERNOON,1,2026-10-01T13:28:56,HAPPY,,36.84,80.5,97.7,0.27,8.27,LOW
27185d06-56c8-4a87-8d3c-0b3024098867,EMP0222,Worker_0222,RFID000222,Production,WS-03,AFTERNOON,1,2026-10-01T13:29:02,OK,,36.63,82.1,98.2,0.217,40.85,MODERATE
134822e7-0eea-4e3d-bbae-b6d47da77611,EMP0768,Worker_0768,RFID000768,Stores,WS-02,AFTERNOON,1,2026-10-01T13:29:04,OK,,36.45,83.9,98.5,0.368,36.12,MODERATE
e4448f7a-1ba3-49eb-b54f-f25e3620f561,EMP0698,Worker_0698,RFID000698,Production,WS-05,AFTERNOON,1,2026-10-01T13:29:05,HAPPY,,36.68,81.6,98.8,0.099,10.31,LOW
585257d0-ac22-481d-90e4-ffdc9e05bc0a,EMP0764,Worker_0764,RFID000764,Cutting,WS-02,AFTERNOON,1,2026-10-01T13:29:10,HAPPY,,36.56,76.2,98.0,0.232,5.05,LOW
e9f232e0-28b2-40ef-8fb0-cb3c3c010bb0,EMP0033,Worker_0033,RFID000033,Finishing,WS-03,AFTERNOON,1,2026-10-01T13:29:23,HAPPY,,36.26,67.6,97.3,0.263,12.18,LOW
af7b4c26-5e12-4f23-ae5c-749f32aebd36,EMP0042,Worker_0042,RFID000042,Assembly,WS-09,AFTERNOON,1,2026-10-01T13:29:24,OK,,36.37,78.0,97.2,0.285,33.12,LOW
ca71af51-18b0-4674-93a7-130f42e343e7,EMP0644,Worker_0644,RFID000644,Quality,WS-08,AFTERNOON,1,2026-10-01T13:29:30,OK,,36.44,89.4,97.3,0.304,42.41,MODERATE
78f1ced3-7fc0-4071-a9c5-bcf65759a1a0,EMP0760,Worker_0760,RFID000760,Maintenance,WS-09,AFTERNOON,1,2026-10-01T13:29:31,OK,,36.51,80.0,97.0,0.168,38.51,MODERATE
2a2c2f93-f032-421c-8187-d11d0217107e,EMP0753,Worker_0753,RFID000753,Quality,WS-10,AFTERNOON,1,2026-10-01T13:29:53,SAD,,36.76,87.2,97.9,0.39,80.03,HIGH
ab3a22ce-0893-4153-b178-6eea0827f366,EMP0354,Worker_0354,RFID000354,Maintenance,WS-10,AFTERNOON,1,2026-10-01T13:30:12,HAPPY,,36.49,81.0,97.2,0.148,10.89,LOW
6f909bf2-978c-4bcc-9d6a-392c3148023c,EMP0571,Worker_0571,RFID000571,Packaging,WS-01,AFTERNOON,1,2026-10-01T13:30:13,HAPPY,,36.59,75.3,98.9,0.203,12.3,LOW
7c8f104b-3d20-45e8-9ffb-b855d546635a,EMP0495,Worker_0495,RFID000495,Production,WS-10,AFTERNOON,1,2026-10-01T13:30:16,HAPPY,,36.55,84.2,98.5,0.166,8.1,LOW
db270e05-5eab-4fce-922f-402b8724bcd6,EMP0757,Worker_0757,RFID000757,Cutting,WS-03,AFTERNOON,1,2026-10-01T13:30:33,OK,,36.64,80.5,98.2,0.398,37.54,MODERATE
8aa4b3f0-f034-4741-8f0c-2352ea4d7ce5,EMP0554,Worker_0554,RFID000554,Finishing,WS-03,AFTERNOON,1,2026-10-01T13:30:53,SAD,,36.44,90.7,96.9,0.54,79.39,HIGH
c3ee35c6-e9a3-4630-b464-0d5275ceb58d,EMP0208,Worker_0208,RFID000208,Production,WS-10,AFTERNOON,1,2026-10-01T13:31:03,OK,,36.46,78.4,96.8,0.353,42.44,MODERATE
e4c2ddfd-2c28-4920-b27c-f5e96f91bedc,EMP0171,Worker_0171,RFID000171,Assembly,WS-06,AFTERNOON,1,2026-10-01T13:31:06,HAPPY,,36.33,76.9,97.3,0.274,14.78,LOW
36966df0-3375-47e6-bcb7-335fbf8f080c,EMP0697,Worker_0697,RFID000697,Stores,WS-06,AFTERNOON,1,2026-10-01T13:31:10,HAPPY,,36.35,72.9,99.2,0.375,8.43,LOW
4392d2ec-8bd4-481c-b851-d5e851c74c0a,EMP0706,Worker_0706,RFID000706,Maintenance,WS-10,AFTERNOON,1,2026-10-01T13:31:30,HAPPY,,36.27,76.7,97.1,0.27,10.68,LOW
917badc8-f3c9-497e-9721-c9f3868cb620,EMP0765,Worker_0765,RFID000765,Production,WS-02,AFTERNOON,1,2026-10-01T13:31:33,SAD,,36.49,91.3,98.5,0.526,84.42,HIGH
93604c45-0882-4a49-ae99-545b038e855d,EMP0946,Worker_0946,RFID000946,Assembly,WS-03,AFTERNOON,1,2026-10-01T13:31:53,HAPPY,,36.51,77.6,98.5,0.351,5.52,LOW
af339063-7cc8-41b0-9057-d41b6f439027,EMP0911,Worker_0911,RFID000911,Finishing,WS-08,AFTERNOON,1,2026-10-01T13:32:20,OK,,36.23,69.3,97.9,0.419,41.54,MODERATE
fd040dd7-7da9-4362-beaa-7f8fe579c104,EMP0489,Worker_0489,RFID000489,Stores,WS-09,AFTERNOON,1,2026-10-01T13:33:06,OK,,36.64,75.3,97.9,0.34,36.73,MODERATE
b16af7a4-d693-467e-af86-899fd9d2fd72,EMP0392,Worker_0392,RFID000392,Cutting,WS-02,AFTERNOON,1,2026-10-01T13:33:19,SAD,,36.65,84.1,97.9,0.593,83.54,HIGH
00eb8f9e-3b0e-4a0f-ad80-853bf214149a,EMP0278,Worker_0278,RFID000278,Finishing,WS-03,AFTERNOON,1,2026-10-01T13:33:54,OK,,36.86,82.2,97.3,0.347,35.35,MODERATE
cc06a6b2-b5ac-4960-864b-c45f560870b2,EMP0032,Worker_0032,RFID000032,Production,WS-07,AFTERNOON,1,2026-10-01T13:34:01,SAD,,36.71,80.6,97.7,0.544,80.84,HIGH
e6c5bc1f-2695-4f4f-8aa1-9667fb7ad11a,EMP0422,Worker_0422,RFID000422,Packaging,WS-09,AFTERNOON,1,2026-10-01T13:34:01,HAPPY,,36.76,81.3,98.7,0.162,8.71,LOW
3c5f9920-0d80-4a12-8c43-0ace3d6e8f09,EMP0151,Worker_0151,RFID000151,Quality,WS-10,AFTERNOON,1,2026-10-01T13:34:47,SAD,,36.74,75.2,96.9,0.471,76.44,HIGH
e5153bcd-3b74-4150-be23-d9411cde09ff,EMP0808,Worker_0808,RFID000808,Stores,WS-06,AFTERNOON,1,2026-10-01T13:34:47,SAD,,36.69,97.6,97.9,0.73,84.85,HIGH
1f1468bf-1fb0-45fb-ad18-b9518a32ea40,EMP0680,Worker_0680,RFID000680,Production,WS-07,AFTERNOON,1,2026-10-01T13:35:12,OK,,36.51,72.7,97.3,0.342,36.49,MODERATE
7a1f4897-4569-4172-920e-0aee70c3e3f7,EMP0901,Worker_0901,RFID000901,Finishing,WS-06,AFTERNOON,1,2026-10-01T13:35:22,SAD,,37.08,76.2,97.7,0.386,73.9,HIGH
ff13509e-1c17-4cd1-91a8-d9f16e0a6149,EMP0255,Worker_0255,RFID000255,Packaging,WS-01,AFTERNOON,1,2026-10-01T13:35:24,SAD,,36.48,85.1,97.6,0.618,84.67,HIGH
8c89ff55-7069-4d44-ba6b-c3a16aadbd45,EMP0647,Worker_0647,RFID000647,Maintenance,WS-07,AFTERNOON,1,2026-10-01T13:35:37,OK,,36.21,87.1,99.2,0.313,45.51,MODERATE
62f6d506-26f5-4d33-acf9-583a0c8170ce,EMP0142,Worker_0142,RFID000142,Maintenance,WS-10,AFTERNOON,1,2026-10-01T13:36:03,OK,,36.61,80.8,97.9,0.346,40.79,MODERATE
f550b4c8-1383-4c5e-b3e1-d7e89e10f0ae,EMP0397,Worker_0397,RFID000397,Maintenance,WS-02,AFTERNOON,1,2026-10-01T13:36:06,OK,,36.75,80.3,96.6,0.474,45.52,MODERATE
16e2aa39-ba07-4639-9ee8-2390c52f258e,EMP0938,Worker_0938,RFID000938,Cutting,WS-05,AFTERNOON,1,2026-10-01T13:36:11,HAPPY,,36.19,86.4,97.9,0.351,11.37,LOW
770c8d94-527f-4456-94c4-5561be3318b6,EMP0190,Worker_0190,RFID000190,Quality,WS-06,AFTERNOON,1,2026-10-01T13:36:24,OK,,36.62,75.0,98.7,0.364,40.26,MODERATE
9d7b70a5-63e2-48ae-a33b-1c52d9a10159,EMP0805,Worker_0805,RFID000805,Quality,WS-01,AFTERNOON,1,2026-10-01T13:36:32,OK,,36.67,82.2,98.0,0.391,34.96,LOW
2bfff82a-1670-44c2-8437-420eb4528666,EMP0021,Worker_0021,RFID000021,Quality,WS-03,AFTERNOON,1,2026-10-01T13:36:40,SAD,,36.79,88.0,97.0,0.528,76.89,HIGH
6b1187ab-5a37-4d08-90a0-9fd1d0d4b9b8,EMP0258,Worker_0258,RFID000258,Production,WS-03,AFTERNOON,1,2026-10-01T13:37:05,HAPPY,,36.59,73.2,99.7,0.243,6.47,LOW
e7e063a0-395e-4b54-99c0-ac33061820ff,EMP0544,Worker_0544,RFID000544,Packaging,WS-01,AFTERNOON,1,2026-10-01T13:37:05,OK,,36.39,85.9,98.1,0.36,42.26,MODERATE
f21b31b7-cee0-4e2a-a0ba-ecc9d96cfe9a,EMP0615,Worker_0615,RFID000615,Production,WS-09,AFTERNOON,1,2026-10-01T13:37:08,HAPPY,,36.72,69.4,98.4,0.288,9.18,LOW
f2fd1549-f752-49dd-82e7-f6e94efd052c,EMP0714,Worker_0714,RFID000714,Cutting,WS-05,AFTERNOON,1,2026-10-01T13:37:22,HAPPY,,36.32,78.7,96.9,0.193,9.88,LOW
60356c44-0f37-4abb-8408-caa07f6cc385,EMP0043,Worker_0043,RFID000043,Maintenance,WS-09,AFTERNOON,1,2026-10-01T13:37:50,SAD,,36.89,81.1,98.3,0.357,68.28,HIGH
ed3f8f3c-9d7f-40ad-b65a-dfa0e80a2787,EMP0071,Worker_0071,RFID000071,Stores,WS-09,AFTERNOON,1,2026-10-01T13:38:06,HAPPY,,36.24,75.4,98.8,0.284,13.93,LOW
1c723f44-553a-4d32-8258-f61727df9a8a,EMP0948,Worker_0948,RFID000948,Quality,WS-01,AFTERNOON,1,2026-10-01T13:38:21,HAPPY,,36.71,78.3,97.8,0.102,9.65,LOW
e675a8c5-07dc-4134-80ac-f36e8a44f6d5,EMP0264,Worker_0264,RFID000264,Finishing,WS-04,AFTERNOON,1,2026-10-01T13:38:30,HAPPY,,36.56,66.6,99.6,0.298,8.15,LOW
4d068b57-c24e-48b9-8788-a5ebfc2e95d3,EMP0648,Worker_0648,RFID000648,Finishing,WS-04,AFTERNOON,1,2026-10-01T13:38:44,OK,,36.33,80.7,98.5,0.447,40.38,MODERATE
df6b170d-f8b3-4890-8644-116ea5d67a34,EMP0892,Worker_0892,RFID000892,Assembly,WS-10,AFTERNOON,1,2026-10-01T13:39:08,HAPPY,,36.7,72.8,97.6,0.168,10.41,LOW
144de813-303b-4922-b48d-c38fe7b54171,EMP0658,Worker_0658,RFID000658,Quality,WS-02,AFTERNOON,1,2026-10-01T13:39:20,OK,,36.38,73.4,98.9,0.226,33.75,LOW
f810985b-51a5-43f3-ba94-cb9ba9c10ff8,EMP0707,Worker_0707,RFID000707,Finishing,WS-03,AFTERNOON,1,2026-10-01T13:39:28,HAPPY,,36.49,78.6,98.8,0.263,9.61,LOW
6e63e071-803e-4cf3-a2ff-0d38fb15bc23,EMP0633,Worker_0633,RFID000633,Packaging,WS-05,AFTERNOON,1,2026-10-01T13:39:41,HAPPY,,36.17,75.6,97.4,0.135,14.49,LOW
c5f6cf55-b139-446a-88f1-495300cabd88,EMP0979,Worker_0979,RFID000979,Cutting,WS-02,AFTERNOON,1,2026-10-01T13:40:13,HAPPY,,36.61,79.4,98.6,0.25,13.64,LOW
4bc4343f-8c0e-4716-ad3f-7a23695d7e04,EMP0334,Worker_0334,RFID000334,Stores,WS-08,AFTERNOON,1,2026-10-01T13:40:31,HAPPY,,36.83,68.8,99.3,0.36,6.67,LOW
f904b81e-8fe4-4092-a3eb-08e6c2cc631f,EMP0277,Worker_0277,RFID000277,Maintenance,WS-02,AFTERNOON,1,2026-10-01T13:40:40,HAPPY,,36.91,79.7,97.7,0.164,6.99,LOW
ea425154-9b01-46ee-b25d-afdad27642ab,EMP0284,Worker_0284,RFID000284,Production,WS-07,AFTERNOON,1,2026-10-01T13:41:03,HAPPY,,36.29,71.4,99.7,0.34,7.16,LOW
8e6ff8f0-68d5-4bda-9111-4f75fb23f290,EMP0649,Worker_0649,RFID000649,Packaging,WS-08,AFTERNOON,1,2026-10-01T13:41:05,OK,,36.74,76.5,98.9,0.284,41.95,MODERATE
58ba0bb8-aa6f-4e4d-83ef-4c96d2b48c16,EMP0884,Worker_0884,RFID000884,Production,WS-03,AFTERNOON,1,2026-10-01T13:41:10,HAPPY,,36.39,72.6,98.1,0.122,5.62,LOW
c165221c-669d-4bd8-accc-c1f8ddde37d4,EMP0350,Worker_0350,RFID000350,Production,WS-10,AFTERNOON,1,2026-10-01T13:41:12,HAPPY,,36.42,84.4,98.3,0.178,11.64,LOW
54fb02d4-547d-4d71-8675-a0784647f473,EMP0833,Worker_0833,RFID000833,Quality,WS-08,AFTERNOON,1,2026-10-01T13:41:35,HAPPY,,36.56,84.4,98.9,0.137,13.28,LOW
75a16e79-3ce7-4d5c-95db-73f2149d29f1,EMP0877,Worker_0877,RFID000877,Packaging,WS-01,AFTERNOON,1,2026-10-01T13:41:42,HAPPY,,36.3,69.5,98.6,0.137,12.04,LOW
3ab49555-e1cd-4cef-928a-9ead049c0227,EMP0323,Worker_0323,RFID000323,Stores,WS-01,AFTERNOON,1,2026-10-01T13:41:55,OK,,36.34,74.2,96.9,0.31,33.55,LOW
2912cbe0-664b-4be5-a144-36d8ffa7bfad,EMP0933,Worker_0933,RFID000933,Production,WS-08,AFTERNOON,1,2026-10-01T13:42:08,SAD,,36.2,83.2,97.7,0.287,70.43,HIGH
138e7412-5269-49a1-bf40-d5642340f29f,EMP0474,Worker_0474,RFID000474,Maintenance,WS-05,AFTERNOON,1,2026-10-01T13:42:45,OK,,36.55,82.9,97.2,0.208,41.99,MODERATE
415eb05f-7040-443b-9cec-125da8c7e858,EMP0645,Worker_0645,RFID000645,Maintenance,WS-08,AFTERNOON,1,2026-10-01T13:42:53,HAPPY,,36.43,84.1,98.7,0.118,9.47,LOW
11bbce15-0068-49b6-baf2-8d21adb7653e,EMP0385,Worker_0385,RFID000385,Packaging,WS-08,AFTERNOON,1,2026-10-01T13:42:54,OK,,36.41,75.2,98.3,0.229,38.5,MODERATE
f987f2d7-2388-41b8-a911-35786dc034af,EMP0868,Worker_0868,RFID000868,Production,WS-06,AFTERNOON,1,2026-10-01T13:42:58,OK,,36.63,81.1,97.6,0.345,34.04,LOW
4c18e867-ab01-4f87-8a45-2d31dd4446e1,EMP0432,Worker_0432,RFID000432,Stores,WS-02,AFTERNOON,1,2026-10-01T13:43:04,HAPPY,,36.72,74.6,97.9,0.223,10.63,LOW
84bbf7e5-860b-4ae1-bd86-c2d55ba39617,EMP0646,Worker_0646,RFID000646,Quality,WS-01,AFTERNOON,1,2026-10-01T13:43:16,HAPPY,,36.41,66.3,97.6,0.232,10.94,LOW
9fbf040c-8ce1-4ae7-a03d-adf69683c904,EMP0738,Worker_0738,RFID000738,Stores,WS-08,AFTERNOON,1,2026-10-01T13:43:27,HAPPY,,36.4,78.9,99.1,0.37,14.35,LOW
c8918db6-c5e1-44f1-b848-5af899ffbf44,EMP0992,Worker_0992,RFID000992,Packaging,WS-02,AFTERNOON,1,2026-10-01T13:43:46,HAPPY,,36.42,68.3,97.6,0.186,6.35,LOW
909748d5-1332-4fa1-8fe1-d9d585823f47,EMP0109,Worker_0109,RFID000109,Maintenance,WS-03,AFTERNOON,1,2026-10-01T13:43:50,HAPPY,,36.53,92.3,99.1,0.407,26.8,LOW
69d67c28-be97-4261-947c-02ce41679a0e,EMP0850,Worker_0850,RFID000850,Assembly,WS-08,AFTERNOON,1,2026-10-01T13:44:11,OK,,36.72,80.2,98.0,0.278,37.73,MODERATE
cf80b378-b96e-4470-bb9d-fd74bc3a1b75,EMP0265,Worker_0265,RFID000265,Packaging,WS-04,AFTERNOON,1,2026-10-01T13:44:15,SAD,,36.87,76.9,96.6,0.501,73.3,HIGH
daf48f78-9333-417d-bb4e-b593b2faa35e,EMP0929,Worker_0929,RFID000929,Cutting,WS-07,AFTERNOON,1,2026-10-01T13:44:33,OK,,36.76,74.4,96.9,0.233,37.0,MODERATE
16896ef7-ceb5-4545-81b4-51a0f3db7dd2,EMP0990,Worker_0990,RFID000990,Cutting,WS-05,AFTERNOON,1,2026-10-01T13:45:14,SAD,,36.21,69.7,97.0,0.682,82.77,HIGH
0716351b-a955-40f1-b4c3-25e9f1c2e077,EMP0573,Worker_0573,RFID000573,Maintenance,WS-10,AFTERNOON,1,2026-10-01T13:45:26,OK,,36.21,74.3,98.5,0.25,42.67,MODERATE
d703793b-3d30-4020-b45c-0994d95ffa8d,EMP0410,Worker_0410,RFID000410,Packaging,WS-02,AFTERNOON,1,2026-10-01T13:45:38,OK,,36.37,85.3,98.1,0.223,45.76,MODERATE
4b29481c-deae-4944-9249-b946f4809f53,EMP0070,Worker_0070,RFID000070,Assembly,WS-03,AFTERNOON,1,2026-10-01T13:45:58,HAPPY,,36.33,68.5,97.2,0.137,6.61,LOW
59d69244-b9c6-4c24-aada-3959ab6780ab,EMP0988,Worker_0988,RFID000988,Cutting,WS-09,AFTERNOON,1,2026-10-01T13:46:32,OK,,36.44,74.1,96.8,0.34,42.58,MODERATE
c5c09092-9526-4539-97f3-004f8c3bbde8,EMP0670,Worker_0670,RFID000670,Quality,WS-09,AFTERNOON,1,2026-10-01T13:47:08,HAPPY,,36.42,80.7,97.5,0.236,5.9,LOW
c1d9606d-b185-4934-b33a-b1dff028c3f4,EMP0577,Worker_0577,RFID000577,Assembly,WS-04,AFTERNOON,1,2026-10-01T13:47:29,HAPPY,,36.26,71.7,97.2,0.254,9.54,LOW
b094b56f-e9b9-4a8e-8d8b-f969a25f528d,EMP0596,Worker_0596,RFID000596,Cutting,WS-02,AFTERNOON,1,2026-10-01T13:48:00,OK,,36.53,76.1,96.6,0.215,39.88,MODERATE
a9b16a4f-1d8f-4ad6-b057-c1f1c05c29ea,EMP0360,Worker_0360,RFID000360,Finishing,WS-09,AFTERNOON,1,2026-10-01T13:48:25,OK,,36.49,81.2,97.1,0.298,41.33,MODERATE
b25d06bb-d2a9-4b83-8d22-c53ef8ef63ad,EMP0895,Worker_0895,RFID000895,Quality,WS-09,AFTERNOON,1,2026-10-01T13:48:28,SAD,,36.91,83.2,97.4,0.629,79.05,HIGH
ae722fca-0191-4038-b738-053ed3fac763,EMP0830,Worker_0830,RFID000830,Stores,WS-07,AFTERNOON,1,2026-10-01T13:48:38,SAD,,36.8,79.8,96.9,0.593,77.79,HIGH
b0a34a4c-6d4e-4d83-b5ee-d1cf32bc396e,EMP0111,Worker_0111,RFID000111,Cutting,WS-09,AFTERNOON,1,2026-10-01T13:49:29,OK,,36.36,72.8,96.9,0.167,33.23,LOW
b279182d-764d-481d-961f-1beda1ec58f6,EMP0971,Worker_0971,RFID000971,Maintenance,WS-02,AFTERNOON,1,2026-10-01T13:49:35,OK,,36.52,72.3,99.4,0.417,37.18,MODERATE
920fbf48-b543-4d22-b14f-16c29783b8af,EMP0368,Worker_0368,RFID000368,Finishing,WS-03,AFTERNOON,1,2026-10-01T13:49:43,HAPPY,,36.44,79.8,97.8,0.293,11.93,LOW
9ae697e0-993e-499d-9e35-f394e7d4b474,EMP0867,Worker_0867,RFID000867,Finishing,WS-02,AFTERNOON,1,2026-10-01T13:50:11,HAPPY,,36.42,85.7,98.0,0.233,18.18,LOW
075bee10-1758-40ca-ac25-9461b3ab02dd,EMP0565,Worker_0565,RFID000565,Quality,WS-09,AFTERNOON,1,2026-10-01T13:50:53,OK,,36.64,78.6,98.4,0.316,41.16,MODERATE
2ed3b8e3-769c-45e3-a985-17af7fbd2f14,EMP0847,Worker_0847,RFID000847,Assembly,WS-09,AFTERNOON,1,2026-10-01T13:50:57,HAPPY,,36.17,82.4,99.2,0.2,7.85,LOW
f682105d-85c0-4412-8c1d-f0b61e78a792,EMP0240,Worker_0240,RFID000240,Production,WS-03,AFTERNOON,1,2026-10-01T13:51:08,HAPPY,,36.32,72.7,97.0,0.197,13.32,LOW
a8d8b486-25c5-41d7-8507-ebce966fd280,EMP0622,Worker_0622,RFID000622,Stores,WS-08,AFTERNOON,1,2026-10-01T13:51:18,HAPPY,,36.69,71.4,98.2,0.222,11.26,LOW
3d02f199-30a8-4bea-becc-c28cbe3cb119,EMP0374,Worker_0374,RFID000374,Finishing,WS-08,AFTERNOON,1,2026-10-01T13:51:32,HAPPY,,36.82,59.9,97.2,0.31,13.37,LOW
8d4c1806-d43e-4c84-9838-b3dd27f23cc7,EMP0866,Worker_0866,RFID000866,Packaging,WS-10,AFTERNOON,1,2026-10-01T13:51:37,HAPPY,,36.61,74.5,99.0,0.217,6.88,LOW
d0ed6068-97e0-4f59-92ab-9cb0c002dc9f,EMP0741,Worker_0741,RFID000741,Quality,WS-10,AFTERNOON,1,2026-10-01T13:51:54,OK,,36.47,85.4,98.3,0.353,40.25,MODERATE
ce48c30a-fbe7-4ad8-869d-552ef88cab2e,EMP0188,Worker_0188,RFID000188,Stores,WS-05,AFTERNOON,1,2026-10-01T13:51:59,HAPPY,,36.7,70.8,99.4,0.137,10.04,LOW
d120450e-b465-4c5b-81c4-d741755d2887,EMP0417,Worker_0417,RFID000417,Maintenance,WS-02,AFTERNOON,1,2026-10-01T13:51:59,HAPPY,,36.17,62.4,100,0.231,14.38,LOW
cd3e3567-c27b-4fc4-a193-e3aca53a7237,EMP0690,Worker_0690,RFID000690,Assembly,WS-05,AFTERNOON,1,2026-10-01T13:51:59,HAPPY,,36.14,76.1,97.8,0.271,7.75,LOW
fb189018-e8ec-4974-9558-6af95cba8541,EMP0767,Worker_0767,RFID000767,Stores,WS-05,AFTERNOON,1,2026-10-01T13:52:42,HAPPY,,36.67,75.8,98.1,0.395,7.0,LOW
7f7665fe-a7d6-484c-be6f-3e099ad7bfb7,EMP0272,Worker_0272,RFID000272,Finishing,WS-05,AFTERNOON,1,2026-10-01T13:52:47,SAD,,36.36,89.1,96.9,0.581,82.24,HIGH
45943bda-c796-414e-ad99-70852069c1b2,EMP0286,Worker_0286,RFID000286,Cutting,WS-06,AFTERNOON,1,2026-10-01T13:52:50,OK,,36.53,84.8,98.3,0.453,44.43,MODERATE
fc65e4f6-07e5-4fbc-a525-09aec0b1b3c4,EMP0306,Worker_0306,RFID000306,Cutting,WS-05,AFTERNOON,1,2026-10-01T13:54:34,SAD,,36.54,89.1,98.0,0.618,87.22,HIGH
6abcf967-be60-4b7c-b11e-e446a591c428,EMP0108,Worker_0108,RFID000108,Production,WS-05,AFTERNOON,1,2026-10-01T13:54:59,OK,,36.69,78.8,97.0,0.286,33.09,LOW
4b58481e-8c07-4149-87fe-388ef80eef63,EMP0723,Worker_0723,RFID000723,Packaging,WS-04,AFTERNOON,1,2026-10-01T13:55:25,OK,,36.46,82.5,98.0,0.141,42.19,MODERATE
8b4e1209-5ef5-40e4-816c-ed2b9320cfb7,EMP0666,Worker_0666,RFID000666,Maintenance,WS-09,AFTERNOON,1,2026-10-01T13:56:02,SAD,,36.34,80.0,97.4,0.59,84.27,HIGH
576fafbc-64fe-400f-b1d5-aa17abd6d4a6,EMP0776,Worker_0776,RFID000776,Production,WS-10,AFTERNOON,1,2026-10-01T13:56:14,HAPPY,,36.65,73.2,98.1,0.257,14.42,LOW
27a237c1-87d0-4b37-a6ff-3dca2bef7677,EMP0280,Worker_0280,RFID000280,Stores,WS-02,AFTERNOON,1,2026-10-01T13:56:57,HAPPY,,36.23,81.9,99.0,0.397,12.05,LOW
9b078c7e-6b52-4b33-8a2f-e4e7416e86d2,EMP0778,Worker_0778,RFID000778,Assembly,WS-03,AFTERNOON,1,2026-10-01T13:57:05,HAPPY,,36.53,81.5,99.2,0.302,12.0,LOW
52d7e1fe-421c-47a0-b590-712519fb4819,EMP0481,Worker_0481,RFID000481,Stores,WS-02,AFTERNOON,1,2026-10-01T13:57:07,OK,,36.38,82.3,98.3,0.323,42.31,MODERATE
6594a50c-7bfb-4d7c-b5a6-b8106d41e778,EMP0224,Worker_0224,RFID000224,Stores,WS-08,AFTERNOON,1,2026-10-01T13:57:16,OK,,36.67,83.9,98.1,0.371,35.0,MODERATE
8a29a807-ac8c-46e4-9298-60b11518c825,EMP0491,Worker_0491,RFID000491,Maintenance,WS-05,AFTERNOON,1,2026-10-01T13:57:50,SAD,,36.73,86.8,97.5,0.574,89.52,HIGH
d71a7cc7-2fba-4514-8459-c571b51cd47e,EMP0178,Worker_0178,RFID000178,Maintenance,WS-06,AFTERNOON,1,2026-10-01T13:57:57,SAD,,36.74,75.3,97.1,0.635,85.13,HIGH
162cc282-a79d-4e38-89e8-12db3fde0d22,EMP0086,Worker_0086,RFID000086,Finishing,WS-08,AFTERNOON,1,2026-10-01T13:58:07,OK,,36.59,74.9,97.1,0.377,39.96,MODERATE
e9f837d6-8693-4594-b2df-20c1e0c99557,EMP0721,Worker_0721,RFID000721,Finishing,WS-05,AFTERNOON,1,2026-10-01T13:58:10,SAD,,36.49,88.9,97.3,0.313,73.74,HIGH
44202b8f-ed29-448a-b722-744181e5d293,EMP0423,Worker_0423,RFID000423,Finishing,WS-06,AFTERNOON,1,2026-10-01T13:58:13,OK,,36.67,89.9,98.3,0.191,39.06,MODERATE
5534d029-9f18-4019-9196-a006ef2c5fbf,EMP0781,Worker_0781,RFID000781,Finishing,WS-08,AFTERNOON,1,2026-10-01T13:58:14,SAD,,36.84,82.4,98.1,0.39,75.97,HIGH
825c6b43-17c7-439b-925a-06c3b784865a,EMP0659,Worker_0659,RFID000659,Cutting,WS-03,AFTERNOON,1,2026-10-01T13:58:30,HAPPY,,36.57,79.7,97.4,0.285,5.88,LOW
da3d172a-d6e8-494f-b77b-5b4b52646fdc,EMP0041,Worker_0041,RFID000041,Production,WS-09,AFTERNOON,1,2026-10-01T13:58:51,HAPPY,,36.57,71.7,99.6,0.204,7.33,LOW
344d2db2-6666-4c8b-a48d-3ee5a619fa66,EMP0175,Worker_0175,RFID000175,Cutting,WS-01,AFTERNOON,1,2026-10-01T13:58:59,OK,,36.34,78.7,97.9,0.304,38.45,MODERATE
df73f0bb-2852-4f65-8538-7fa8d8b452f6,EMP0424,Worker_0424,RFID000424,Packaging,WS-01,AFTERNOON,1,2026-10-01T13:59:18,HAPPY,,36.63,84.6,97.7,0.407,10.42,LOW
451e6e70-9b0b-4472-ab36-e35f4b8b7d58,EMP0923,Worker_0923,RFID000923,Assembly,WS-10,AFTERNOON,1,2026-10-01T13:59:21,OK,,36.57,75.2,96.1,0.396,34.6,LOW
8f746cb5-363f-4da1-ba84-e8e2db58a832,EMP0978,Worker_0978,RFID000978,Stores,WS-02,AFTERNOON,1,2026-10-01T13:59:39,SAD,,36.64,92.3,97.7,0.592,85.6,HIGH
fc277e19-d824-4a7a-9cbe-92ebf3332051,EMP0205,Worker_0205,RFID000205,Packaging,WS-03,AFTERNOON,1,2026-10-01T13:59:44,HAPPY,,36.64,75.5,98.0,0.167,6.7,LOW
5ce4d187-6a05-48a7-bd8d-158e1e7537b4,EMP0586,Worker_0586,RFID000586,Cutting,WS-09,AFTERNOON,1,2026-10-01T13:59:53,SAD,,37.09,90.6,98.5,0.364,87.35,HIGH
20494e27-10c3-474d-920a-6f59f7a7cebe,EMP0085,Worker_0085,RFID000085,Stores,WS-08,AFTERNOON,1,2026-10-01T14:00:00,OK,,36.42,81.2,97.8,0.518,37.71,MODERATE
fd6c1f4d-d6cb-43a8-a397-1a52d7ae0f96,EMP0285,Worker_0285,RFID000285,Finishing,WS-01,AFTERNOON,1,2026-10-01T14:00:02,SAD,,36.5,84.3,95.9,0.565,78.34,HIGH
244a632e-3dc0-48d9-903f-80d9d923e688,EMP0797,Worker_0797,RFID000797,Production,WS-10,AFTERNOON,1,2026-10-01T14:00:03,HAPPY,,36.75,81.0,99.5,0.328,7.79,LOW
33e4637f-8e2e-4360-9fd9-8b421de3ecfa,EMP0936,Worker_0936,RFID000936,Maintenance,WS-08,AFTERNOON,1,2026-10-01T14:00:16,HAPPY,,36.3,77.7,96.6,0.335,10.79,LOW
0a18b48d-0e13-4b8b-bb62-7294c3d1d89d,EMP0274,Worker_0274,RFID000274,Cutting,WS-02,AFTERNOON,1,2026-10-01T14:00:31,HAPPY,,36.31,62.6,97.9,0.205,12.06,LOW
6649d39d-3313-4739-8959-166352c66f94,EMP0900,Worker_0900,RFID000900,Finishing,WS-04,AFTERNOON,1,2026-10-01T14:00:35,HAPPY,,36.3,72.1,98.9,0.168,9.74,LOW
89c5f378-ddfa-425d-9cba-704a584d4502,EMP0215,Worker_0215,RFID000215,Finishing,WS-05,AFTERNOON,1,2026-10-01T14:00:42,HAPPY,,36.45,68.1,98.4,0.284,9.88,LOW
72d65881-230a-41de-a945-d0007e25ab45,EMP0492,Worker_0492,RFID000492,Quality,WS-06,AFTERNOON,1,2026-10-01T14:01:01,HAPPY,,36.49,84.0,98.2,0.146,11.98,LOW
fccfcde7-8682-4d00-9819-ed25ec38c5ba,EMP0161,Worker_0161,RFID000161,Assembly,WS-02,AFTERNOON,1,2026-10-01T14:01:09,HAPPY,,36.35,79.8,97.1,0.282,8.0,LOW
af176f80-f388-4492-bb0e-7d12b091c229,EMP0581,Worker_0581,RFID000581,Packaging,WS-07,AFTERNOON,1,2026-10-01T14:01:20,SAD,,36.7,87.5,97.3,0.43,77.72,HIGH
d895a80f-1eaa-47c0-b9e6-ac0c09f7ed9f,EMP0409,Worker_0409,RFID000409,Maintenance,WS-06,AFTERNOON,1,2026-10-01T14:01:35,OK,,36.62,84.4,98.2,0.323,41.97,MODERATE
29f85610-5c2d-4593-b7fc-26f1de492a39,EMP0252,Worker_0252,RFID000252,Quality,WS-07,AFTERNOON,1,2026-10-01T14:02:15,OK,,36.7,86.0,97.2,0.261,39.79,MODERATE
183adab5-235d-4e07-96b4-c1f67717ded7,EMP0704,Worker_0704,RFID000704,Production,WS-06,AFTERNOON,1,2026-10-01T14:02:16,OK,,36.43,90.3,96.9,0.275,47.39,MODERATE
00fc67cb-bf29-45e6-bcf4-a02575d00f19,EMP0291,Worker_0291,RFID000291,Production,WS-08,AFTERNOON,1,2026-10-01T14:02:20,OK,,36.64,80.0,97.3,0.334,37.61,MODERATE
9cb909e7-2b68-4d4d-9e8c-1c9134e3c986,EMP0747,Worker_0747,RFID000747,Production,WS-10,AFTERNOON,1,2026-10-01T14:02:51,OK,,36.63,85.0,98.7,0.157,38.92,MODERATE
dae20ee4-c0ab-43d6-af6f-f5daea6f6967,EMP0312,Worker_0312,RFID000312,Production,WS-09,AFTERNOON,1,2026-10-01T14:02:53,HAPPY,,36.2,75.2,97.7,0.259,10.52,LOW
c210c9ef-e5d6-49fb-a193-890fa9ec17bd,EMP0855,Worker_0855,RFID000855,Stores,WS-07,AFTERNOON,1,2026-10-01T14:02:54,HAPPY,,36.63,73.6,98.4,0.177,12.41,LOW
9ffc1ce8-e1e1-41a4-9790-ad7f684370f7,EMP0736,Worker_0736,RFID000736,Stores,WS-06,AFTERNOON,1,2026-10-01T14:03:13,HAPPY,,36.48,72.4,99.0,0.29,10.54,LOW
6a1de506-2c2e-4319-b5b1-2744080313e8,EMP0160,Worker_0160,RFID000160,Assembly,WS-06,AFTERNOON,1,2026-10-01T14:03:47,SAD,,36.82,85.8,97.6,0.264,79.37,HIGH
e36ea552-495a-4d1c-9446-22a6d1071b8d,EMP0040,Worker_0040,RFID000040,Packaging,WS-06,AFTERNOON,1,2026-10-01T14:04:49,OK,,36.47,74.9,98.7,0.186,40.83,MODERATE
8dd0151e-ae98-427d-bd60-a7121e695fe3,EMP0878,Worker_0878,RFID000878,Finishing,WS-10,AFTERNOON,1,2026-10-01T14:04:52,HAPPY,,36.31,71.9,98.4,0.322,8.72,LOW
aa908891-e7bf-44f1-be1a-d42181e68341,EMP0832,Worker_0832,RFID000832,Finishing,WS-01,AFTERNOON,1,2026-10-01T14:04:54,OK,,36.44,83.7,98.1,0.366,42.5,MODERATE
1f782e7b-f84d-4c2a-ac15-2183042218bf,EMP0192,Worker_0192,RFID000192,Quality,WS-09,AFTERNOON,1,2026-10-01T14:05:04,HAPPY,,36.64,77.3,98.4,0.148,8.75,LOW
bdff9666-f137-45a7-8db7-81352f4676ce,EMP0984,Worker_0984,RFID000984,Assembly,WS-08,AFTERNOON,1,2026-10-01T14:05:10,HAPPY,,36.57,75.8,97.8,0.131,11.11,LOW
8030aa44-d96b-477b-8ffc-9eaec70ae155,EMP0932,Worker_0932,RFID000932,Quality,WS-05,AFTERNOON,1,2026-10-01T14:05:41,HAPPY,,36.31,68.8,98.4,0.31,14.57,LOW
c03a38c6-7baa-4463-8c46-91675032069a,EMP0223,Worker_0223,RFID000223,Stores,WS-06,AFTERNOON,1,2026-10-01T14:05:45,SAD,,36.75,78.9,97.6,0.375,71.23,HIGH
3a98105d-7eff-4ef9-889e-c4c545621716,EMP0195,Worker_0195,RFID000195,Quality,WS-10,AFTERNOON,1,2026-10-01T14:05:46,HAPPY,,36.16,69.7,99.1,0.237,14.46,LOW
952c07b6-86a0-430f-9d08-becf23fa2a81,EMP0708,Worker_0708,RFID000708,Finishing,WS-08,AFTERNOON,1,2026-10-01T14:06:05,OK,,36.52,74.1,97.4,0.371,42.73,MODERATE
61d51e6a-fab6-4a6b-86b2-952d1ebcdc27,EMP0625,Worker_0625,RFID000625,Packaging,WS-10,AFTERNOON,1,2026-10-01T14:06:11,OK,,36.61,71.0,97.7,0.435,37.23,MODERATE
35b35219-0b02-4d6e-8499-8534a8806fbf,EMP0471,Worker_0471,RFID000471,Finishing,WS-03,AFTERNOON,1,2026-10-01T14:06:33,OK,,36.61,77.5,96.5,0.243,37.16,MODERATE
515ecc1c-efb2-4f87-bd0c-4fbba09e7009,EMP0200,Worker_0200,RFID000200,Assembly,WS-09,AFTERNOON,1,2026-10-01T14:06:35,OK,,36.53,83.2,98.5,0.235,34.97,LOW
95e74070-27b2-4989-820e-c49ee703296c,EMP0793,Worker_0793,RFID000793,Cutting,WS-10,AFTERNOON,1,2026-10-01T14:06:41,OK,,36.72,76.5,97.6,0.253,38.66,MODERATE
761b7aec-f05e-4342-9683-8ceaa39be968,EMP0287,Worker_0287,RFID000287,Quality,WS-06,AFTERNOON,1,2026-10-01T14:06:47,OK,,36.84,75.4,97.4,0.26,42.69,MODERATE
494ffba1-25d0-4f3d-a5f3-c7fc2b7aaa41,EMP0501,Worker_0501,RFID000501,Assembly,WS-10,AFTERNOON,1,2026-10-01T14:07:01,OK,,36.35,82.9,97.0,0.356,37.13,MODERATE
bf8fd93c-3ecb-48a4-8d05-f1ef7cfddd8c,EMP0230,Worker_0230,RFID000230,Production,WS-06,AFTERNOON,1,2026-10-01T14:07:04,OK,,36.34,78.4,98.6,0.299,37.05,MODERATE
917f46cd-cc47-4303-acaa-0162341353e8,EMP0443,Worker_0443,RFID000443,Assembly,WS-06,AFTERNOON,1,2026-10-01T14:07:42,SAD,,36.65,78.7,96.4,0.422,74.62,HIGH
d6b0d18d-b48e-44d7-ab43-8207c90959aa,EMP0602,Worker_0602,RFID000602,Stores,WS-06,AFTERNOON,1,2026-10-01T14:08:04,SAD,,36.53,105.6,97.7,0.32,89.33,HIGH
05c83ffe-c568-4afe-86d5-2804a2b17818,EMP0588,Worker_0588,RFID000588,Cutting,WS-03,AFTERNOON,1,2026-10-01T14:08:18,OK,,36.74,74.1,99.2,0.145,39.87,MODERATE
75ceff76-fc40-4e61-85e5-24479800df34,EMP0117,Worker_0117,RFID000117,Finishing,WS-04,AFTERNOON,1,2026-10-01T14:08:38,OK,,36.47,76.2,97.5,0.364,42.45,MODERATE
afabc671-24a7-4cdd-af87-e93bab33901c,EMP0574,Worker_0574,RFID000574,Assembly,WS-09,AFTERNOON,1,2026-10-01T14:08:45,SAD,,37.19,88.2,96.1,0.493,85.17,HIGH
41f75cf2-5d26-44ec-ac1d-5c8013d7f53b,EMP0007,Worker_0007,RFID000007,Assembly,WS-01,AFTERNOON,1,2026-10-01T14:08:51,SAD,,36.93,98.3,98.7,0.528,84.17,HIGH
8d9d1955-fd25-49eb-8680-581077e338ce,EMP0763,Worker_0763,RFID000763,Finishing,WS-02,AFTERNOON,1,2026-10-01T14:08:54,OK,,36.5,75.0,97.5,0.417,39.75,MODERATE
078a64e3-4b2d-454a-a70a-58570efdf0df,EMP0256,Worker_0256,RFID000256,Quality,WS-04,AFTERNOON,1,2026-10-01T14:08:58,OK,,36.81,73.5,96.8,0.143,39.59,MODERATE
c1e1fa46-58d3-4ef0-b31f-ea139b05fda6,EMP0875,Worker_0875,RFID000875,Finishing,WS-04,AFTERNOON,1,2026-10-01T14:09:37,HAPPY,,36.29,71.5,97.5,0.332,9.02,LOW
d0e931aa-1edd-4f71-81d9-478c8995ffda,EMP0689,Worker_0689,RFID000689,Packaging,WS-10,AFTERNOON,1,2026-10-01T14:09:38,HAPPY,,36.69,88.6,98.8,0.133,16.42,LOW
857e36a9-dfb0-401b-ac09-7417a076a237,EMP0454,Worker_0454,RFID000454,Packaging,WS-03,AFTERNOON,1,2026-10-01T14:10:25,OK,,36.19,74.7,97.6,0.205,42.68,MODERATE
99981624-ad63-4ae9-88cf-4a8a7fd45aed,EMP0301,Worker_0301,RFID000301,Stores,WS-05,AFTERNOON,1,2026-10-01T14:10:40,OK,,36.18,87.5,98.6,0.442,41.25,MODERATE
a0f47de9-567b-459b-bd50-ce1891b73995,EMP0127,Worker_0127,RFID000127,Packaging,WS-05,AFTERNOON,1,2026-10-01T14:11:04,HAPPY,,36.54,84.8,97.5,0.085,13.51,LOW
8f0dc4a9-44ad-40fa-a1f1-e9b9d4bdfb11,EMP0024,Worker_0024,RFID000024,Packaging,WS-10,AFTERNOON,1,2026-10-01T14:11:16,HAPPY,,36.34,75.2,98.7,0.148,6.42,LOW
2e83e714-4cc0-46b9-8f0d-4af0f8279186,EMP0365,Worker_0365,RFID000365,Maintenance,WS-10,AFTERNOON,1,2026-10-01T14:11:20,HAPPY,,36.38,74.6,98.7,0.237,8.96,LOW
969acd40-19db-4fcc-a7ff-6b644007bfb5,EMP0376,Worker_0376,RFID000376,Quality,WS-01,AFTERNOON,1,2026-10-01T14:11:36,OK,,36.54,75.7,98.2,0.24,41.23,MODERATE
3045bdaa-ee91-4dcf-b0ff-0ddb98355056,EMP0859,Worker_0859,RFID000859,Quality,WS-03,AFTERNOON,1,2026-10-01T14:12:12,SAD,,36.46,77.4,96.9,0.369,69.3,HIGH
2b9d3ff7-f8c9-4085-9434-88e10968e5ed,EMP0239,Worker_0239,RFID000239,Maintenance,WS-05,AFTERNOON,1,2026-10-01T14:12:16,HAPPY,,36.67,73.4,99.5,0.201,5.96,LOW
b80d69fc-47e9-48eb-a65d-4755d204de4a,EMP0860,Worker_0860,RFID000860,Quality,WS-04,AFTERNOON,1,2026-10-01T14:12:16,OK,,36.31,78.2,97.3,0.338,40.76,MODERATE
0208fd44-4edf-419f-b394-4574a0688f58,EMP0296,Worker_0296,RFID000296,Stores,WS-07,AFTERNOON,1,2026-10-01T14:12:44,HAPPY,,36.26,67.0,97.2,0.269,6.93,LOW
cd0b6aef-44c7-44b5-b2d8-899150bf540a,EMP0477,Worker_0477,RFID000477,Production,WS-08,AFTERNOON,1,2026-10-01T14:12:48,OK,,36.44,89.0,97.5,0.301,45.84,MODERATE
581d157b-33a1-4818-a8d5-2fa582f2540e,EMP0973,Worker_0973,RFID000973,Production,WS-06,AFTERNOON,1,2026-10-01T14:12:57,OK,,36.58,88.6,98.1,0.246,41.98,MODERATE
55f5820e-14be-462b-b698-edd44953f37a,EMP0687,Worker_0687,RFID000687,Quality,WS-06,AFTERNOON,1,2026-10-01T14:12:59,OK,,36.83,72.9,96.8,0.238,41.11,MODERATE
0f18ef8c-010f-46b7-b90e-47183d7ab0e5,EMP0452,Worker_0452,RFID000452,Finishing,WS-10,AFTERNOON,1,2026-10-01T14:13:03,OK,,36.49,81.4,96.5,0.465,42.92,MODERATE
cd0f0760-0985-4440-9250-46bfa0f88020,EMP0576,Worker_0576,RFID000576,Packaging,WS-02,AFTERNOON,1,2026-10-01T14:13:24,SAD,,36.6,90.3,97.0,0.41,86.81,HIGH
24af642e-a951-42b4-858f-8dcef1a59ba1,EMP0639,Worker_0639,RFID000639,Packaging,WS-01,AFTERNOON,1,2026-10-01T14:13:28,HAPPY,,36.21,76.3,99.5,0.211,10.1,LOW
f617bd92-5747-4dfb-b05c-bc462c5f7825,EMP0511,Worker_0511,RFID000511,Finishing,WS-06,AFTERNOON,1,2026-10-01T14:13:38,SAD,,36.8,83.6,96.1,0.553,77.46,HIGH
363b9e09-59e3-491f-9fd9-c029e229fff8,EMP0888,Worker_0888,RFID000888,Quality,WS-05,AFTERNOON,1,2026-10-01T14:13:52,OK,,36.68,62.8,97.6,0.326,36.98,MODERATE
f80f8a02-c8bc-4e3b-ac4b-d58510628b05,EMP0810,Worker_0810,RFID000810,Cutting,WS-04,AFTERNOON,1,2026-10-01T14:14:15,HAPPY,,36.34,76.6,96.7,0.26,8.74,LOW
4340c754-55e2-4a00-a8dd-a99c2ac8263e,EMP0538,Worker_0538,RFID000538,Maintenance,WS-03,AFTERNOON,1,2026-10-01T14:14:52,OK,,36.85,66.1,96.8,0.373,34.06,LOW
7ad35037-c9a5-4b4b-96aa-37536e9f55c6,EMP0815,Worker_0815,RFID000815,Production,WS-08,AFTERNOON,1,2026-10-01T14:15:23,HAPPY,,36.53,83.4,97.8,0.288,6.95,LOW
4500cd58-34ab-4282-a15a-2d9c038c7b08,EMP0551,Worker_0551,RFID000551,Cutting,WS-07,AFTERNOON,1,2026-10-01T14:15:32,SAD,,36.58,86.7,97.1,0.312,71.03,HIGH
dad5f0df-00fe-45a2-9e02-3cc5de817556,EMP0102,Worker_0102,RFID000102,Cutting,WS-08,AFTERNOON,1,2026-10-01T14:16:07,HAPPY,,36.45,75.7,97.4,0.192,12.37,LOW
ae08ea05-fc72-45ae-891c-a93f252c04f3,EMP0196,Worker_0196,RFID000196,Quality,WS-08,AFTERNOON,1,2026-10-01T14:16:11,OK,,36.51,71.9,98.7,0.439,41.33,MODERATE
be93d13f-851d-41fd-bd44-956036bf7e3d,EMP0092,Worker_0092,RFID000092,Stores,WS-06,AFTERNOON,1,2026-10-01T14:16:57,OK,,36.37,86.9,97.1,0.24,39.35,MODERATE
adf1e42b-2b9f-405f-a2c4-0b931a60a40f,EMP0566,Worker_0566,RFID000566,Production,WS-10,AFTERNOON,1,2026-10-01T14:17:21,SAD,,36.81,94.4,97.1,0.396,75.93,HIGH
4ab8861c-60cf-42db-9a29-a6a33fdf31c6,EMP0331,Worker_0331,RFID000331,Cutting,WS-03,AFTERNOON,1,2026-10-01T14:17:32,OK,,36.46,79.6,98.0,0.199,38.99,MODERATE
19582931-13f9-4f90-b0db-bd5882fef878,EMP0742,Worker_0742,RFID000742,Stores,WS-01,AFTERNOON,1,2026-10-01T14:17:39,OK,,36.17,71.9,99.0,0.235,41.73,MODERATE
348b1b8f-6f18-42fd-8fda-0890891e3ba8,EMP0311,Worker_0311,RFID000311,Stores,WS-01,AFTERNOON,1,2026-10-01T14:17:56,SAD,,36.85,82.9,96.8,0.366,73.87,HIGH
664dfdd6-59ac-4002-a437-1ea4e6b1b62d,EMP0755,Worker_0755,RFID000755,Finishing,WS-10,AFTERNOON,1,2026-10-01T14:18:00,OK,,36.67,70.4,98.7,0.357,40.73,MODERATE
dfae6c5a-0839-4b4e-81d9-98d86bdd160e,EMP0934,Worker_0934,RFID000934,Assembly,WS-07,AFTERNOON,1,2026-10-01T14:18:11,OK,,36.59,84.8,99.0,0.314,42.49,MODERATE
77afd06b-988b-4866-9f84-f39b0d0f7a3c,EMP0442,Worker_0442,RFID000442,Assembly,WS-02,AFTERNOON,1,2026-10-01T14:18:19,OK,,36.7,78.4,96.8,0.186,42.83,MODERATE
c884c49f-a16d-44f9-8469-eedbe91dbcc3,EMP0420,Worker_0420,RFID000420,Maintenance,WS-08,AFTERNOON,1,2026-10-01T14:18:20,OK,,36.29,80.0,97.8,0.276,36.89,MODERATE
8d6e719b-d2a0-4ca0-9552-6ed38b762d43,EMP0524,Worker_0524,RFID000524,Quality,WS-10,AFTERNOON,1,2026-10-01T14:18:35,OK,,36.72,75.7,97.0,0.47,42.34,MODERATE
3d8d1a96-3d62-41fa-a803-dab4cc6add5b,EMP0273,Worker_0273,RFID000273,Packaging,WS-03,AFTERNOON,1,2026-10-01T14:18:58,HAPPY,,36.49,71.0,97.9,0.246,5.4,LOW
32963975-2640-4143-b3e2-53ac92a21a54,EMP0980,Worker_0980,RFID000980,Production,WS-09,AFTERNOON,1,2026-10-01T14:19:03,HAPPY,,36.5,78.4,97.0,0.268,12.38,LOW
5b8e1635-2cee-4a8a-9a70-21a8b73d2dd0,EMP0788,Worker_0788,RFID000788,Cutting,WS-07,AFTERNOON,1,2026-10-01T14:19:21,HAPPY,,36.42,68.3,98.7,0.13,12.64,LOW
47f5f5f5-8da6-4b8f-9548-002836234f49,EMP0947,Worker_0947,RFID000947,Stores,WS-08,AFTERNOON,1,2026-10-01T14:19:24,HAPPY,,36.6,73.3,99.3,0.145,12.79,LOW
bac06891-0afc-48ba-a0c4-7496f18d3a8c,EMP0310,Worker_0310,RFID000310,Cutting,WS-03,AFTERNOON,1,2026-10-01T14:19:53,SAD,,36.62,95.9,97.6,0.476,83.14,HIGH
17463bce-efba-4bb9-91c7-b79c5f755a48,EMP0908,Worker_0908,RFID000908,Maintenance,WS-10,AFTERNOON,1,2026-10-01T14:20:00,HAPPY,,36.47,73.0,98.2,0.233,7.49,LOW
36c1bc13-a7d0-4212-824e-728c9c3ece69,EMP0341,Worker_0341,RFID000341,Cutting,WS-09,AFTERNOON,1,2026-10-01T14:20:08,SAD,,36.94,81.6,98.5,0.492,72.11,HIGH
2ec5c6a1-1601-4020-8387-a7c0055f910a,EMP0470,Worker_0470,RFID000470,Packaging,WS-05,AFTERNOON,1,2026-10-01T14:20:39,HAPPY,,36.53,80.6,99.2,0.378,5.68,LOW
fcd1e5e1-9da3-436c-b6b4-0a2c76f31676,EMP0119,Worker_0119,RFID000119,Production,WS-05,AFTERNOON,1,2026-10-01T14:20:50,HAPPY,,36.61,78.2,97.8,0.222,8.34,LOW
6767b15c-1e8b-4ddc-9b14-fb4605504174,EMP0401,Worker_0401,RFID000401,Packaging,WS-09,AFTERNOON,1,2026-10-01T14:20:53,OK,,36.76,83.5,97.4,0.289,36.37,MODERATE
21aed9cf-2953-42c6-87cc-b9b589ea09ba,EMP0503,Worker_0503,RFID000503,Quality,WS-01,AFTERNOON,1,2026-10-01T14:20:58,HAPPY,,36.49,80.7,97.8,0.175,5.71,LOW
6a1e083f-aa7f-4baa-8e7f-e8d6ec281906,EMP0953,Worker_0953,RFID000953,Cutting,WS-10,AFTERNOON,1,2026-10-01T14:21:11,HAPPY,,36.08,72.2,97.9,0.441,16.98,LOW
6eade99c-7c2a-42c9-a0cb-9fe3e592d157,EMP0935,Worker_0935,RFID000935,Quality,WS-04,AFTERNOON,1,2026-10-01T14:21:34,OK,,36.77,72.6,98.6,0.265,37.9,MODERATE
547d9355-3ac5-4773-a26c-70eb517d021a,EMP0715,Worker_0715,RFID000715,Quality,WS-08,AFTERNOON,1,2026-10-01T14:21:46,HAPPY,,36.42,81.7,98.2,0.128,14.26,LOW
6abd6815-e384-4ccb-ad24-cd807f77fc0e,EMP0890,Worker_0890,RFID000890,Assembly,WS-01,AFTERNOON,1,2026-10-01T14:22:57,OK,,36.47,85.9,98.1,0.225,41.82,MODERATE
661e7eb4-bdcf-4fe6-a1cd-d12783ba5b65,EMP0388,Worker_0388,RFID000388,Production,WS-01,AFTERNOON,1,2026-10-01T14:23:10,HAPPY,,36.57,87.1,97.3,0.288,11.78,LOW
b7866fc9-7fed-49e0-8ef5-f2e50e2d0318,EMP0737,Worker_0737,RFID000737,Stores,WS-08,AFTERNOON,1,2026-10-01T14:23:16,HAPPY,,36.73,78.4,98.6,0.166,7.68,LOW
a32799e9-8157-480e-8aae-bfaea5c44e5b,EMP0618,Worker_0618,RFID000618,Finishing,WS-07,AFTERNOON,1,2026-10-01T14:23:24,HAPPY,,36.71,78.7,98.3,0.406,16.68,LOW
288ad70e-24cf-4dc7-8626-c06fac84ccc2,EMP0096,Worker_0096,RFID000096,Finishing,WS-02,AFTERNOON,1,2026-10-01T14:23:28,HAPPY,,36.47,86.1,98.8,0.202,9.46,LOW
eb8651b6-5b03-4e84-9a4c-85ef0a3b5f7c,EMP0759,Worker_0759,RFID000759,Quality,WS-09,AFTERNOON,1,2026-10-01T14:24:00,HAPPY,,36.64,77.3,98.9,0.217,10.1,LOW
854bd1a2-493a-4441-929d-cf87b09bb2ec,EMP0158,Worker_0158,RFID000158,Maintenance,WS-08,AFTERNOON,1,2026-10-01T14:24:05,OK,,36.54,79.7,98.7,0.248,38.58,MODERATE
81d346b8-171f-4f45-b1d7-d0a8a25800cb,EMP0435,Worker_0435,RFID000435,Quality,WS-01,AFTERNOON,1,2026-10-01T14:24:16,OK,,36.78,81.4,97.7,0.431,45.4,MODERATE
b9d57022-013d-4cab-897f-43f480244def,EMP0439,Worker_0439,RFID000439,Assembly,WS-01,AFTERNOON,1,2026-10-01T14:24:36,HAPPY,,36.4,69.6,97.5,0.148,13.68,LOW
66b30ecc-a976-443b-8ed3-90fe020639c2,EMP0263,Worker_0263,RFID000263,Quality,WS-05,AFTERNOON,1,2026-10-01T14:24:48,HAPPY,,36.77,61.8,96.7,0.351,13.48,LOW
62110776-6fa9-4bee-a835-6c1ec8085a9c,EMP0062,Worker_0062,RFID000062,Packaging,WS-05,AFTERNOON,1,2026-10-01T14:25:04,HAPPY,,36.32,69.4,97.4,0.173,11.89,LOW
520043d6-8e19-47bc-8af5-2ce39a0a1952,EMP0475,Worker_0475,RFID000475,Maintenance,WS-05,AFTERNOON,1,2026-10-01T14:25:13,HAPPY,,36.85,73.9,98.4,0.117,6.96,LOW
9dbac154-97fe-47c1-93af-51b6fdf3a7f2,EMP0959,Worker_0959,RFID000959,Assembly,WS-09,AFTERNOON,1,2026-10-01T14:25:38,SAD,,36.72,84.4,95.8,0.749,83.04,HIGH
5e3c8e53-e796-442f-aa55-a41241ec36d6,EMP0113,Worker_0113,RFID000113,Finishing,WS-01,AFTERNOON,1,2026-10-01T14:25:52,OK,,36.54,78.7,98.6,0.257,40.54,MODERATE
df8a49b4-8a80-43c4-a68a-a6da9d129034,EMP0621,Worker_0621,RFID000621,Production,WS-03,AFTERNOON,1,2026-10-01T14:26:02,OK,,36.26,78.5,98.8,0.263,42.93,MODERATE
ec2e21a3-b546-4d96-9690-7b9be5393760,EMP0914,Worker_0914,RFID000914,Cutting,WS-05,AFTERNOON,1,2026-10-01T14:26:05,HAPPY,,36.96,76.0,98.0,0.207,13.9,LOW
e706e35b-c372-487a-9daf-646f2cd0c9bf,EMP0130,Worker_0130,RFID000130,Quality,WS-02,AFTERNOON,1,2026-10-01T14:26:07,HAPPY,,36.48,74.2,98.1,0.235,14.89,LOW
d5fdf09e-236b-4067-82b5-9a73138ecd0b,EMP0671,Worker_0671,RFID000671,Stores,WS-06,AFTERNOON,1,2026-10-01T14:26:16,HAPPY,,36.59,70.0,98.9,0.185,6.81,LOW
b4533374-5751-425d-8b45-d3d686f36e25,EMP0727,Worker_0727,RFID000727,Quality,WS-08,AFTERNOON,1,2026-10-01T14:26:20,SAD,,36.45,91.0,96.5,0.579,90.56,HIGH
a464b1a5-15ad-49d3-be4c-14be61460963,EMP0816,Worker_0816,RFID000816,Production,WS-05,AFTERNOON,1,2026-10-01T14:26:52,OK,,36.31,83.5,97.9,0.44,46.07,MODERATE
4c22dbf2-05ad-4c08-8040-d4b4b6c6fed1,EMP0322,Worker_0322,RFID000322,Stores,WS-07,AFTERNOON,1,2026-10-01T14:27:09,HAPPY,,36.28,83.4,99.3,0.313,5.83,LOW
20807f56-ab22-4be9-8317-0d65fa11ccc2,EMP0904,Worker_0904,RFID000904,Packaging,WS-07,AFTERNOON,1,2026-10-01T14:27:23,HAPPY,,36.47,79.7,99.3,0.257,11.65,LOW
bfb652da-24db-4610-9635-e74c99b2458d,EMP0756,Worker_0756,RFID000756,Finishing,WS-08,AFTERNOON,1,2026-10-01T14:27:26,OK,,36.46,74.0,98.8,0.31,38.4,MODERATE
c17b172d-f8ba-4888-af22-0ac49f78afa0,EMP0553,Worker_0553,RFID000553,Maintenance,WS-10,AFTERNOON,1,2026-10-01T14:27:49,SAD,,36.87,80.3,97.2,0.508,77.27,HIGH
117216ba-b6c9-41f7-b39e-f590fefa6538,EMP0081,Worker_0081,RFID000081,Assembly,WS-03,AFTERNOON,1,2026-10-01T14:28:40,SAD,,36.39,89.7,95.6,0.443,86.32,HIGH
f452ec45-82ee-4347-93d0-167d0e9a35b6,EMP0405,Worker_0405,RFID000405,Production,WS-06,AFTERNOON,1,2026-10-01T14:28:41,HAPPY,,36.67,62.3,99.1,0.337,6.86,LOW
eafecc01-b3ed-4a16-9650-560fafcf2137,EMP0072,Worker_0072,RFID000072,Production,WS-10,AFTERNOON,1,2026-10-01T14:28:44,OK,,36.2,76.1,97.2,0.391,36.77,MODERATE
46c161be-fc94-4ff5-a2bc-4ef7fa55e893,EMP0958,Worker_0958,RFID000958,Stores,WS-07,AFTERNOON,1,2026-10-01T14:28:52,SAD,,36.67,97.6,97.6,0.427,83.04,HIGH
c268e6d9-cf78-4453-8ea0-0a5f323b7ede,EMP0662,Worker_0662,RFID000662,Quality,WS-03,AFTERNOON,1,2026-10-01T14:29:24,SAD,,36.48,88.4,96.7,0.386,72.3,HIGH
d2a458b2-3796-458c-8896-be3bc0d8828c,EMP0473,Worker_0473,RFID000473,Cutting,WS-10,AFTERNOON,1,2026-10-01T14:30:02,OK,,36.68,73.0,97.7,0.383,35.9,MODERATE
b6460bc6-c28a-4b07-b80f-0ba0351161cd,EMP0216,Worker_0216,RFID000216,Stores,WS-05,AFTERNOON,1,2026-10-01T14:30:07,HAPPY,,36.24,70.2,99.5,0.316,8.36,LOW
510eb722-43af-4f50-a582-1e1ac4cd79a9,EMP0059,Worker_0059,RFID000059,Cutting,WS-09,AFTERNOON,1,2026-10-01T14:30:14,OK,,36.5,85.7,97.6,0.328,39.1,MODERATE
69a79c4f-db88-4a96-a167-dfaa3bb527bd,EMP0684,Worker_0684,RFID000684,Quality,WS-08,AFTERNOON,1,2026-10-01T14:30:17,OK,,36.59,74.6,97.9,0.248,33.93,LOW
1f0cff82-66fe-4346-8d30-0a287915c886,EMP0508,Worker_0508,RFID000508,Cutting,WS-06,AFTERNOON,1,2026-10-01T14:30:21,OK,,36.82,79.2,98.3,0.428,40.13,MODERATE
1c92341b-23a6-46d5-9aa2-d820c3fd1c7c,EMP0132,Worker_0132,RFID000132,Maintenance,WS-09,AFTERNOON,1,2026-10-01T14:30:42,HAPPY,,36.32,69.5,97.1,0.318,12.42,LOW
42c50b56-e6cc-4ac7-b368-370f342adf8f,EMP0135,Worker_0135,RFID000135,Cutting,WS-05,AFTERNOON,1,2026-10-01T14:30:45,HAPPY,,36.68,67.3,99.2,0.357,7.74,LOW
0ee1f213-4a65-446d-a4a4-e036ac2dfa78,EMP0034,Worker_0034,RFID000034,Stores,WS-01,AFTERNOON,1,2026-10-01T14:31:23,HAPPY,,36.45,68.1,99.2,0.244,6.7,LOW
6a3e8259-d633-43cb-b01f-5fd771c58a97,EMP0572,Worker_0572,RFID000572,Production,WS-01,AFTERNOON,1,2026-10-01T14:31:35,OK,,36.57,92.9,97.7,0.384,43.69,MODERATE
0551fb1b-bea2-46cf-93d5-1a62f0bf405d,EMP0250,Worker_0250,RFID000250,Packaging,WS-10,AFTERNOON,1,2026-10-01T14:31:45,HAPPY,,36.38,78.1,97.3,0.14,7.68,LOW
a7f32b3c-5532-4eb1-b066-8a2c58ecb006,EMP0082,Worker_0082,RFID000082,Cutting,WS-07,AFTERNOON,1,2026-10-01T14:32:05,HAPPY,,36.34,78.8,98.7,0.315,13.62,LOW
745e8b21-7aaf-4590-b078-b5d07305b39c,EMP0169,Worker_0169,RFID000169,Stores,WS-10,AFTERNOON,1,2026-10-01T14:32:33,HAPPY,,36.84,75.6,97.3,0.3,12.13,LOW
4d08a7ff-b7a2-46c1-b606-7707c9400b78,EMP0232,Worker_0232,RFID000232,Assembly,WS-03,AFTERNOON,1,2026-10-01T14:32:47,HAPPY,,36.57,80.8,97.6,0.291,9.64,LOW
87a76f4d-ace2-4056-8f81-365b3f17b202,EMP0796,Worker_0796,RFID000796,Assembly,WS-08,AFTERNOON,1,2026-10-01T14:32:58,SAD,,36.76,90.3,96.6,0.496,86.54,HIGH
2626bd1d-191f-4739-aef6-5079055c40e1,EMP0229,Worker_0229,RFID000229,Quality,WS-06,AFTERNOON,1,2026-10-01T14:33:09,SAD,,36.47,79.6,97.2,0.413,77.24,HIGH
ba84bcf9-325f-4d22-a4f1-4a92478e6078,EMP0748,Worker_0748,RFID000748,Maintenance,WS-01,AFTERNOON,1,2026-10-01T14:33:15,OK,,36.4,84.1,99.1,0.348,35.1,MODERATE
ba2aafe1-8a57-4ab2-af77-d44c839e1536,EMP0353,Worker_0353,RFID000353,Cutting,WS-10,AFTERNOON,1,2026-10-01T14:33:19,HAPPY,,36.34,69.9,97.9,0.142,6.16,LOW
6d6c55ab-c3ca-4f10-ab6e-4748fbfd2760,EMP0011,Worker_0011,RFID000011,Maintenance,WS-02,AFTERNOON,1,2026-10-01T14:33:34,HAPPY,,36.77,76.0,98.4,0.21,12.74,LOW
a6f750c6-1932-4921-8e38-e9b8ce0de6c8,EMP0467,Worker_0467,RFID000467,Production,WS-04,AFTERNOON,1,2026-10-01T14:33:51,HAPPY,,36.62,72.9,97.9,0.382,9.21,LOW
226cad29-30f9-4fa4-90fe-cab8a1e71be3,EMP0749,Worker_0749,RFID000749,Maintenance,WS-09,AFTERNOON,1,2026-10-01T14:33:55,HAPPY,,36.49,72.8,97.2,0.197,5.16,LOW
85dd73a8-0464-4d3f-a881-58e2044558d9,EMP0371,Worker_0371,RFID000371,Stores,WS-02,AFTERNOON,1,2026-10-01T14:34:22,OK,,36.47,80.1,98.9,0.352,36.55,MODERATE
603c888a-51e2-46d0-98e8-b02d9118b952,EMP0051,Worker_0051,RFID000051,Packaging,WS-08,AFTERNOON,1,2026-10-01T14:34:24,OK,,36.69,71.0,98.7,0.315,35.47,MODERATE
6cbba53f-5508-49aa-b3ea-cb7f65801f34,EMP0982,Worker_0982,RFID000982,Finishing,WS-05,AFTERNOON,1,2026-10-01T14:34:35,HAPPY,,36.38,65.8,98.6,0.393,10.03,LOW
8a043348-db14-4502-9a53-c1997ae239a5,EMP0643,Worker_0643,RFID000643,Stores,WS-01,AFTERNOON,1,2026-10-01T14:34:43,OK,,36.84,67.5,96.5,0.413,41.03,MODERATE
70a2b26e-f9bc-4ee1-b489-15a04c740925,EMP0656,Worker_0656,RFID000656,Cutting,WS-06,AFTERNOON,1,2026-10-01T14:34:48,SAD,,36.6,88.2,95.6,0.462,79.22,HIGH
e9d6acce-0bbe-485a-9fd8-d94c4d5b3a78,EMP0703,Worker_0703,RFID000703,Stores,WS-02,AFTERNOON,1,2026-10-01T14:34:49,HAPPY,,36.79,77.2,97.5,0.356,5.66,LOW
5c1fddd9-996d-4ec2-b550-53da1c37ea48,EMP0858,Worker_0858,RFID000858,Quality,WS-10,AFTERNOON,1,2026-10-01T14:34:50,OK,,36.65,79.8,97.4,0.45,45.72,MODERATE
82833f60-3a97-40ed-ad45-318e96c87858,EMP0539,Worker_0539,RFID000539,Production,WS-03,AFTERNOON,1,2026-10-01T14:35:14,OK,,36.58,86.8,98.1,0.268,40.31,MODERATE
3a1e97f0-050d-4431-9fbb-987e55a047e4,EMP0603,Worker_0603,RFID000603,Production,WS-05,AFTERNOON,1,2026-10-01T14:35:30,SAD,,36.67,84.7,97.7,0.573,82.97,HIGH
51c923a1-3810-4c75-a70d-c61e55081b67,EMP0579,Worker_0579,RFID000579,Production,WS-10,AFTERNOON,1,2026-10-01T14:35:32,HAPPY,,36.19,70.3,98.6,0.258,5.63,LOW
2d9769f3-596c-44eb-8b58-0e805152e199,EMP0886,Worker_0886,RFID000886,Assembly,WS-07,AFTERNOON,1,2026-10-01T14:35:45,HAPPY,,36.21,73.4,98.8,0.377,8.98,LOW
7a5f60b8-59d0-4aaf-b1f2-4191a0d27b9f,EMP0400,Worker_0400,RFID000400,Stores,WS-05,AFTERNOON,1,2026-10-01T14:35:49,HAPPY,,36.56,80.4,96.9,0.351,13.05,LOW
5d80809c-78c9-4787-b28f-a327fa06e7e2,EMP0437,Worker_0437,RFID000437,Finishing,WS-03,AFTERNOON,1,2026-10-01T14:36:12,SAD,,36.32,89.3,97.4,0.468,79.7,HIGH
84cb6488-4566-4a6d-95de-b0da36fdf343,EMP0642,Worker_0642,RFID000642,Quality,WS-05,AFTERNOON,1,2026-10-01T14:36:34,OK,,36.51,76.5,98.1,0.334,34.15,LOW
3a47f1db-8d16-40d1-b80e-15f5c1b49404,EMP0347,Worker_0347,RFID000347,Finishing,WS-08,AFTERNOON,1,2026-10-01T14:36:40,SAD,,36.38,82.2,97.7,0.501,79.51,HIGH
1e0c053d-2e09-4b06-9f7f-92eb257ef1f0,EMP0849,Worker_0849,RFID000849,Maintenance,WS-09,AFTERNOON,1,2026-10-01T14:36:42,OK,,36.58,89.2,97.4,0.328,41.46,MODERATE
80068d0d-c21d-4346-a88f-7342891c536c,EMP0358,Worker_0358,RFID000358,Cutting,WS-08,AFTERNOON,1,2026-10-01T14:36:43,HAPPY,,36.87,79.4,98.8,0.17,12.89,LOW
2791d652-d015-49f4-8e87-922540dd57c1,EMP0636,Worker_0636,RFID000636,Maintenance,WS-06,AFTERNOON,1,2026-10-01T14:36:44,HAPPY,,36.42,75.7,97.6,0.277,5.89,LOW
de7043f5-c64d-46fc-b4f7-b0c0fc5865d5,EMP0317,Worker_0317,RFID000317,Quality,WS-02,AFTERNOON,1,2026-10-01T14:36:48,OK,,36.49,83.0,98.3,0.306,39.59,MODERATE
068a3ea5-c99f-4587-b537-cdb32f5b8ba9,EMP0469,Worker_0469,RFID000469,Cutting,WS-01,AFTERNOON,1,2026-10-01T14:37:08,HAPPY,,36.43,68.4,99.3,0.338,8.24,LOW
26c0bd3c-18c9-42ae-ae16-a89c504837ca,EMP0206,Worker_0206,RFID000206,Maintenance,WS-02,AFTERNOON,1,2026-10-01T14:37:29,HAPPY,,36.36,62.7,98.7,0.266,9.78,LOW
6715c1f1-f637-440b-8f2b-b41ae872ddd9,EMP0773,Worker_0773,RFID000773,Assembly,WS-01,AFTERNOON,1,2026-10-01T14:37:35,OK,,36.79,70.7,98.1,0.406,46.81,MODERATE
4d463be7-14a7-4d74-8ecf-9c293f1d2337,EMP0212,Worker_0212,RFID000212,Production,WS-06,AFTERNOON,1,2026-10-01T14:38:17,OK,,36.78,79.4,97.8,0.408,37.66,MODERATE
e0249db6-70ab-4887-8247-79868ed71b35,EMP0488,Worker_0488,RFID000488,Cutting,WS-08,AFTERNOON,1,2026-10-01T14:38:21,OK,,36.42,75.7,97.8,0.258,34.12,LOW
c2c93fa9-9dfb-4d27-bc8b-37c6446d8aca,EMP0416,Worker_0416,RFID000416,Packaging,WS-03,AFTERNOON,1,2026-10-01T14:38:23,OK,,36.53,76.1,98.5,0.396,42.58,MODERATE
fd669d6e-e591-4c13-a0b1-e849ccb83c7b,EMP0001,Worker_0001,RFID000001,Assembly,WS-01,AFTERNOON,1,2026-10-01T14:39:13,OK,,36.38,86.7,97.5,0.178,39.09,MODERATE
fc3fea06-c0df-419f-90fa-6cf1afe6e04f,EMP0910,Worker_0910,RFID000910,Production,WS-01,AFTERNOON,1,2026-10-01T14:39:22,SAD,,36.98,95.8,97.4,0.445,80.01,HIGH
48349f0b-39f5-4e8b-bd3c-83dcc5a48c7d,EMP0425,Worker_0425,RFID000425,Packaging,WS-03,AFTERNOON,1,2026-10-01T14:39:42,SAD,,36.78,87.5,97.2,0.659,80.1,HIGH
ff3c9f8e-079e-4351-ba77-24b6d9d456a9,EMP0339,Worker_0339,RFID000339,Cutting,WS-08,AFTERNOON,1,2026-10-01T14:40:01,HAPPY,,36.41,72.5,97.8,0.214,9.72,LOW
bedd7a4a-502b-449f-b50b-6154e2b3b17f,EMP0383,Worker_0383,RFID000383,Maintenance,WS-02,AFTERNOON,1,2026-10-01T14:40:02,OK,,36.66,76.5,98.9,0.252,42.93,MODERATE
4e5ef2cf-b21e-489a-93b1-a78c10e71fbf,EMP0582,Worker_0582,RFID000582,Maintenance,WS-03,AFTERNOON,1,2026-10-01T14:40:25,SAD,,36.51,94.0,97.8,0.455,86.59,HIGH
9d6b7980-8a21-4ca2-99a8-ef598fca02b8,EMP0166,Worker_0166,RFID000166,Production,WS-10,AFTERNOON,1,2026-10-01T14:40:59,HAPPY,,36.7,87.2,97.9,0.17,12.57,LOW
fc0d1d50-496c-4636-a236-29f4c7b35cad,EMP0969,Worker_0969,RFID000969,Maintenance,WS-10,AFTERNOON,1,2026-10-01T14:41:14,OK,,36.73,89.7,98.1,0.391,39.62,MODERATE
efbbe422-5e72-4300-a8b1-e103be68ac2a,EMP0783,Worker_0783,RFID000783,Maintenance,WS-01,AFTERNOON,1,2026-10-01T14:41:21,OK,,36.54,82.3,98.1,0.345,36.88,MODERATE
aa2bde26-d576-448f-98c6-efc8512bb517,EMP0031,Worker_0031,RFID000031,Packaging,WS-03,AFTERNOON,1,2026-10-01T14:41:59,HAPPY,,36.38,74.4,98.5,0.322,11.49,LOW
8eead88e-682c-4a05-a35c-5facf6b3b5e5,EMP0909,Worker_0909,RFID000909,Finishing,WS-04,AFTERNOON,1,2026-10-01T14:42:11,SAD,,36.65,75.9,97.7,0.498,78.72,HIGH
4c72239f-6ea6-43be-89dc-cad1d46558af,EMP0035,Worker_0035,RFID000035,Assembly,WS-03,AFTERNOON,1,2026-10-01T14:42:47,OK,,36.31,72.4,98.3,0.289,40.82,MODERATE
73375f45-551f-4106-a849-c4ddfe5141c3,EMP0114,Worker_0114,RFID000114,Assembly,WS-01,AFTERNOON,1,2026-10-01T14:42:57,SAD,,36.64,101.4,96.7,0.378,84.57,HIGH
8366f0a7-1cce-4664-8331-586fe19e11ca,EMP0555,Worker_0555,RFID000555,Quality,WS-05,AFTERNOON,1,2026-10-01T14:42:57,HAPPY,,36.69,74.9,99.1,0.279,13.03,LOW
6f75a2e6-6df7-4032-a45c-e8c40091b20b,EMP0123,Worker_0123,RFID000123,Quality,WS-09,AFTERNOON,1,2026-10-01T14:43:38,HAPPY,,36.33,85.6,97.0,0.25,11.29,LOW
4cf9c849-0e4f-4aa5-8ea3-f39ccb289c20,EMP0589,Worker_0589,RFID000589,Cutting,WS-05,AFTERNOON,1,2026-10-01T14:44:04,HAPPY,,36.49,71.0,98.7,0.228,5.73,LOW
6710ede5-49fb-4d25-b86e-9bdef87f1025,EMP0047,Worker_0047,RFID000047,Production,WS-06,AFTERNOON,1,2026-10-01T14:44:14,OK,,36.48,72.0,97.3,0.419,37.1,MODERATE
6fc9de15-581d-499e-ab80-8930d7d3dc32,EMP0308,Worker_0308,RFID000308,Stores,WS-03,AFTERNOON,1,2026-10-01T14:44:32,OK,,36.69,78.5,97.3,0.377,42.3,MODERATE
89775d3b-230d-4522-a14a-1651f0c5805c,EMP0595,Worker_0595,RFID000595,Production,WS-03,AFTERNOON,1,2026-10-01T14:44:40,HAPPY,,36.47,73.1,97.9,0.239,8.38,LOW
e13472ac-6497-4207-b2c9-15cf5eefb026,EMP0106,Worker_0106,RFID000106,Finishing,WS-05,AFTERNOON,1,2026-10-01T14:44:47,OK,,36.69,76.5,98.7,0.298,36.37,MODERATE
5552ce90-0e60-4703-9ceb-0f6914410b2f,EMP0681,Worker_0681,RFID000681,Packaging,WS-03,AFTERNOON,1,2026-10-01T14:44:47,SAD,,36.72,87.3,97.9,0.376,79.14,HIGH
968d5eaf-1996-4e41-974e-b25063a1bb0f,EMP0352,Worker_0352,RFID000352,Assembly,WS-05,AFTERNOON,1,2026-10-01T14:44:59,HAPPY,,36.45,77.6,99.4,0.214,5.64,LOW
5655ee1c-1729-4618-81d6-6084b242f3bd,EMP0726,Worker_0726,RFID000726,Assembly,WS-01,AFTERNOON,1,2026-10-01T14:44:59,OK,,36.83,76.8,96.6,0.196,41.08,MODERATE
0b062740-2926-4f67-85c1-21f2c0b2ddf6,EMP0547,Worker_0547,RFID000547,Production,WS-02,AFTERNOON,1,2026-10-01T14:45:09,HAPPY,,36.44,72.2,97.1,0.368,7.39,LOW
ce4a492c-5325-477a-a763-eb2a7d717cf9,EMP0720,Worker_0720,RFID000720,Quality,WS-03,AFTERNOON,1,2026-10-01T14:45:26,HAPPY,,36.36,84.4,98.7,0.204,8.32,LOW
a80cfe03-6b94-4ca1-9434-08ae4ce056b0,EMP0882,Worker_0882,RFID000882,Assembly,WS-10,AFTERNOON,1,2026-10-01T14:45:59,HAPPY,,36.55,75.6,97.9,0.295,6.13,LOW
ccbf595b-3993-4a8a-b534-bb8b759a9774,EMP0983,Worker_0983,RFID000983,Maintenance,WS-10,AFTERNOON,1,2026-10-01T14:46:04,HAPPY,,36.22,70.0,97.6,0.143,14.93,LOW
57b9129a-e02b-49a8-9b0e-a2814655eb35,EMP0822,Worker_0822,RFID000822,Maintenance,WS-07,AFTERNOON,1,2026-10-01T14:46:08,HAPPY,,36.67,76.2,97.4,0.094,12.69,LOW
bf9a3d0d-b946-4182-9456-e1cca50d3970,EMP0074,Worker_0074,RFID000074,Cutting,WS-08,AFTERNOON,1,2026-10-01T14:46:10,HAPPY,,36.32,72.1,98.3,0.245,6.06,LOW
3fb6736c-f4cb-407c-b5f5-75e058ba7c80,EMP0270,Worker_0270,RFID000270,Maintenance,WS-01,AFTERNOON,1,2026-10-01T14:46:11,OK,,36.53,70.0,96.4,0.403,38.77,MODERATE
b381300a-861b-4d13-9019-2c7304ebbc74,EMP0412,Worker_0412,RFID000412,Finishing,WS-05,AFTERNOON,1,2026-10-01T14:46:12,OK,,36.25,85.2,99.4,0.273,42.74,MODERATE
4786595a-2262-40a0-b6ba-71637928124e,EMP0005,Worker_0005,RFID000005,Assembly,WS-06,AFTERNOON,1,2026-10-01T14:46:18,OK,,36.63,85.2,98.7,0.419,48.69,MODERATE
db301955-9460-48ff-9a46-1e0aa4ec4eaf,EMP0430,Worker_0430,RFID000430,Finishing,WS-01,AFTERNOON,1,2026-10-01T14:46:20,HAPPY,,36.63,63.9,98.9,0.192,14.47,LOW
6689b8bf-94f6-4893-bc24-09ae60b0ac7c,EMP0408,Worker_0408,RFID000408,Quality,WS-07,AFTERNOON,1,2026-10-01T14:46:22,OK,,36.69,76.6,97.3,0.428,46.53,MODERATE
2b33e6e5-5af3-4803-959f-a1e618936424,EMP0871,Worker_0871,RFID000871,Quality,WS-10,AFTERNOON,1,2026-10-01T14:47:47,HAPPY,,36.32,75.2,97.2,0.346,10.09,LOW
c0e5969c-47e8-489a-b488-4aec5141b498,EMP0945,Worker_0945,RFID000945,Finishing,WS-08,AFTERNOON,1,2026-10-01T14:48:17,OK,,36.82,89.5,97.4,0.282,38.77,MODERATE
41e0762e-bcb8-49f3-b86c-e7ec9bf72abb,EMP0814,Worker_0814,RFID000814,Finishing,WS-09,AFTERNOON,1,2026-10-01T14:48:25,HAPPY,,36.66,74.5,99.3,0.157,14.81,LOW
0a864983-13a0-43d9-accd-fb739457ec47,EMP0823,Worker_0823,RFID000823,Maintenance,WS-09,AFTERNOON,1,2026-10-01T14:48:25,OK,,36.56,76.2,96.9,0.428,44.76,MODERATE
bdeec03d-a2f7-4f0d-92dd-dc23a6526555,EMP0609,Worker_0609,RFID000609,Stores,WS-06,AFTERNOON,1,2026-10-01T14:48:52,SAD,,36.71,80.1,96.9,0.617,82.0,HIGH
28702e20-6015-4297-8df1-bb7b2762c9fa,EMP0316,Worker_0316,RFID000316,Assembly,WS-01,AFTERNOON,1,2026-10-01T14:48:59,HAPPY,,36.46,71.6,98.9,0.145,14.65,LOW
2a72053b-8364-4af3-8519-9fcdbae1dda1,EMP0440,Worker_0440,RFID000440,Cutting,WS-06,AFTERNOON,1,2026-10-01T14:48:59,OK,,36.33,82.7,98.4,0.432,45.69,MODERATE
d8ee53b8-066c-4ad6-a8d1-5e962387b1ad,EMP0387,Worker_0387,RFID000387,Quality,WS-08,AFTERNOON,1,2026-10-01T14:49:01,OK,,36.77,90.0,96.3,0.201,46.97,MODERATE
94ed63fd-8776-4c0f-ac5d-b537ac75136f,EMP0630,Worker_0630,RFID000630,Quality,WS-04,AFTERNOON,1,2026-10-01T14:49:12,HAPPY,,36.73,77.1,99.1,0.14,12.73,LOW
29c21c33-7f0b-4fe4-9d8f-c75b7958d36d,EMP0283,Worker_0283,RFID000283,Finishing,WS-05,AFTERNOON,1,2026-10-01T14:49:40,SAD,,36.53,95.4,98.7,0.531,82.53,HIGH
a5579c25-fba5-4dc2-befa-c97516cb990f,EMP0370,Worker_0370,RFID000370,Stores,WS-10,AFTERNOON,1,2026-10-01T14:49:52,HAPPY,,36.74,69.8,99.3,0.276,13.45,LOW
a702b470-8c1a-489a-b6e2-e644366b9673,EMP0466,Worker_0466,RFID000466,Stores,WS-04,AFTERNOON,1,2026-10-01T14:50:17,OK,,36.94,76.5,97.8,0.295,33.61,LOW
801be28d-5851-4c1d-885a-528654e2f4b4,EMP0826,Worker_0826,RFID000826,Packaging,WS-08,AFTERNOON,1,2026-10-01T14:50:22,HAPPY,,36.58,79.7,97.8,0.214,6.87,LOW
dd412c05-6900-4f84-a767-489723804f34,EMP0676,Worker_0676,RFID000676,Quality,WS-03,AFTERNOON,1,2026-10-01T14:50:36,OK,,36.77,73.3,97.1,0.185,34.62,LOW
28bde67b-276b-46e9-b1fc-83afb18d40c1,EMP0018,Worker_0018,RFID000018,Packaging,WS-03,AFTERNOON,1,2026-10-01T14:50:37,SAD,,36.42,86.7,98.8,0.514,79.81,HIGH
467c1234-b375-423c-ab15-85b1370c2533,EMP0928,Worker_0928,RFID000928,Production,WS-09,AFTERNOON,1,2026-10-01T14:50:37,HAPPY,,36.5,76.4,97.4,0.335,9.27,LOW
3eb90c82-8d54-4f1f-9087-a3812eb99e2d,EMP0381,Worker_0381,RFID000381,Packaging,WS-03,AFTERNOON,1,2026-10-01T14:51:09,HAPPY,,36.57,79.6,97.6,0.187,14.74,LOW
a7670ba0-15c7-4547-bc36-2df396481505,EMP0013,Worker_0013,RFID000013,Cutting,WS-10,AFTERNOON,1,2026-10-01T14:51:47,OK,,36.44,79.1,99.0,0.267,39.72,MODERATE
55a8f979-37cc-4a03-a7c4-9c0fe41b2e7a,EMP0510,Worker_0510,RFID000510,Packaging,WS-06,AFTERNOON,1,2026-10-01T14:51:49,HAPPY,,36.64,72.9,98.7,0.271,7.91,LOW
0bef53e0-9fbf-4726-9d75-b460fb50d5e1,EMP0145,Worker_0145,RFID000145,Quality,WS-07,AFTERNOON,1,2026-10-01T14:52:13,HAPPY,,36.51,72.3,98.3,0.308,11.11,LOW
72427ad7-f203-4ac6-a3bd-0f6aaf284d3b,EMP0231,Worker_0231,RFID000231,Assembly,WS-02,AFTERNOON,1,2026-10-01T14:52:15,OK,,36.91,74.6,98.7,0.424,43.57,MODERATE
afd4baf1-9737-4f12-89a0-6e1b9a4fb214,EMP0149,Worker_0149,RFID000149,Packaging,WS-10,AFTERNOON,1,2026-10-01T14:52:25,HAPPY,,36.26,76.5,98.4,0.407,9.12,LOW
9b1cb8cb-2298-4875-b102-948dd71bce54,EMP0744,Worker_0744,RFID000744,Assembly,WS-08,AFTERNOON,1,2026-10-01T14:52:34,OK,,36.8,82.3,98.3,0.16,40.26,MODERATE
349c599e-8984-49fd-8db9-49f61578b341,EMP0464,Worker_0464,RFID000464,Stores,WS-01,AFTERNOON,1,2026-10-01T14:52:52,HAPPY,,36.29,79.2,97.3,0.278,14.0,LOW
cdccd09d-3a0f-46cc-b149-00d3e6b44a2b,EMP0926,Worker_0926,RFID000926,Production,WS-09,AFTERNOON,1,2026-10-01T14:53:06,OK,,36.51,81.9,97.6,0.459,45.29,MODERATE
e723a08b-6495-437f-8134-7cc0f85c11a6,EMP0522,Worker_0522,RFID000522,Finishing,WS-08,AFTERNOON,1,2026-10-01T14:54:02,OK,,36.74,83.3,97.6,0.403,41.53,MODERATE
23577f99-6737-457a-bada-a4a0a49a1da9,EMP0732,Worker_0732,RFID000732,Finishing,WS-08,AFTERNOON,1,2026-10-01T14:54:11,HAPPY,,36.76,73.7,97.9,0.205,8.16,LOW
7640a6ba-e6b2-435b-8e23-7907bb99ea14,EMP0504,Worker_0504,RFID000504,Production,WS-01,AFTERNOON,1,2026-10-01T14:54:32,OK,,36.66,82.3,96.3,0.17,41.28,MODERATE
ee2e645d-8885-4a92-a9be-c2e12332defb,EMP0243,Worker_0243,RFID000243,Cutting,WS-04,AFTERNOON,1,2026-10-01T14:54:33,OK,,36.75,79.0,98.2,0.456,40.38,MODERATE
38d76076-cc65-4304-bbc1-b542c9ec3656,EMP0731,Worker_0731,RFID000731,Stores,WS-05,AFTERNOON,1,2026-10-01T14:54:40,OK,,36.74,79.3,98.0,0.228,39.75,MODERATE
6f6952c8-8184-4a8d-90a8-0053c1331d41,EMP0036,Worker_0036,RFID000036,Packaging,WS-10,AFTERNOON,1,2026-10-01T14:54:43,SAD,,36.78,94.5,97.5,0.515,87.54,HIGH
5d315c95-ceca-4528-b4b8-c8d01daf0416,EMP0851,Worker_0851,RFID000851,Assembly,WS-04,AFTERNOON,1,2026-10-01T14:54:49,HAPPY,,36.4,80.1,96.8,0.309,13.23,LOW
fcd9c0c3-2c78-4dcf-8471-164ad3388b2f,EMP0961,Worker_0961,RFID000961,Production,WS-10,AFTERNOON,1,2026-10-01T14:55:00,HAPPY,,36.3,69.4,98.0,0.099,14.94,LOW
4dea51d3-2661-431d-8982-a87bc523c423,EMP0879,Worker_0879,RFID000879,Stores,WS-09,AFTERNOON,1,2026-10-01T14:55:27,HAPPY,,36.19,83.7,97.7,0.212,8.09,LOW
1a575698-af56-4f1a-86bb-a125fbbde4a7,EMP0290,Worker_0290,RFID000290,Production,WS-07,AFTERNOON,1,2026-10-01T14:55:31,HAPPY,,36.76,76.3,98.8,0.184,12.41,LOW
26102407-1a7a-4ec9-90ef-8f676247223b,EMP0683,Worker_0683,RFID000683,Production,WS-09,AFTERNOON,1,2026-10-01T14:55:46,OK,,36.26,80.5,97.6,0.349,33.92,LOW
11f7c8a9-b2d7-4894-b669-60e50d60e886,EMP0943,Worker_0943,RFID000943,Maintenance,WS-05,AFTERNOON,1,2026-10-01T14:55:55,HAPPY,,36.75,65.4,98.0,0.174,9.95,LOW
5cc3ade0-9db3-4a7e-b176-5cdd3b3b68a5,EMP0318,Worker_0318,RFID000318,Assembly,WS-09,AFTERNOON,1,2026-10-01T14:56:11,HAPPY,,36.14,77.8,98.5,0.28,8.45,LOW
f9c506bb-31fa-4935-a24c-619d00a3b9be,EMP0010,Worker_0010,RFID000010,Packaging,WS-06,AFTERNOON,1,2026-10-01T14:56:34,OK,,36.54,85.0,97.8,0.257,36.9,MODERATE
262fd981-6fa2-4a75-b91a-25622e2f675c,EMP0746,Worker_0746,RFID000746,Quality,WS-04,AFTERNOON,1,2026-10-01T14:56:56,HAPPY,,36.5,78.2,99.0,0.204,7.54,LOW
f1271b12-158c-43aa-9785-58df796460d2,EMP0372,Worker_0372,RFID000372,Stores,WS-05,AFTERNOON,1,2026-10-01T14:56:57,HAPPY,,36.47,75.3,98.3,0.287,12.71,LOW
816d18d1-3ea5-4158-89e7-3a2e15bbad16,EMP0517,Worker_0517,RFID000517,Packaging,WS-08,AFTERNOON,1,2026-10-01T14:57:11,HAPPY,,36.36,81.1,97.6,0.237,9.09,LOW
8982da56-f5e5-4c20-bc58-1c35009aafbd,EMP0054,Worker_0054,RFID000054,Assembly,WS-10,AFTERNOON,1,2026-10-01T14:57:12,HAPPY,,36.56,73.5,98.1,0.289,7.95,LOW
b2ac3ce8-1506-465f-b02e-38a38ca423e8,EMP0448,Worker_0448,RFID000448,Cutting,WS-08,AFTERNOON,1,2026-10-01T14:57:30,HAPPY,,36.5,79.0,97.2,0.257,14.43,LOW
86775f04-cb60-47f0-839b-3c531ae56090,EMP0828,Worker_0828,RFID000828,Cutting,WS-05,AFTERNOON,1,2026-10-01T14:57:35,OK,,36.6,75.6,98.4,0.218,41.6,MODERATE
98a69f06-64df-4be9-98c6-b51b25ed9d35,EMP0067,Worker_0067,RFID000067,Finishing,WS-10,AFTERNOON,1,2026-10-01T14:57:39,OK,,36.72,89.4,97.8,0.405,47.28,MODERATE
45720b0d-e20d-4f6a-8853-fb38934734c3,EMP0852,Worker_0852,RFID000852,Assembly,WS-02,AFTERNOON,1,2026-10-01T14:57:47,HAPPY,,36.24,69.1,97.2,0.16,8.31,LOW
19c6274c-0f19-42b3-87d1-d3250e31a42d,EMP0159,Worker_0159,RFID000159,Packaging,WS-07,AFTERNOON,1,2026-10-01T14:58:07,HAPPY,,36.48,79.9,98.6,0.252,7.42,LOW
9920f2d3-0dd3-4a98-861b-963b6705d3ff,EMP0641,Worker_0641,RFID000641,Maintenance,WS-05,AFTERNOON,1,2026-10-01T14:58:11,OK,,36.59,83.1,97.6,0.324,42.74,MODERATE
b84cd0a5-525b-4b70-a5fb-eccb60986c22,EMP0825,Worker_0825,RFID000825,Packaging,WS-04,AFTERNOON,1,2026-10-01T14:58:15,HAPPY,,36.48,73.2,97.6,0.209,13.53,LOW
ab87d1d3-90f5-41ad-b669-24c9e020e06a,EMP0262,Worker_0262,RFID000262,Maintenance,WS-05,AFTERNOON,1,2026-10-01T14:58:37,OK,,36.62,73.0,97.8,0.533,37.33,MODERATE
df8d1e8b-700c-4b0d-ad42-10ded5bbc2e9,EMP0824,Worker_0824,RFID000824,Finishing,WS-10,AFTERNOON,1,2026-10-01T14:58:46,HAPPY,,36.62,84.7,98.0,0.162,13.6,LOW
06c137f4-6d45-48c6-8c17-1cc5fb8390c2,EMP0136,Worker_0136,RFID000136,Finishing,WS-05,AFTERNOON,1,2026-10-01T14:59:09,HAPPY,,36.21,75.5,98.4,0.2,10.1,LOW
1637669f-de6f-460c-ba65-72b13a19832c,EMP0073,Worker_0073,RFID000073,Cutting,WS-09,AFTERNOON,1,2026-10-01T14:59:15,HAPPY,,36.59,78.1,98.4,0.295,12.97,LOW
883212c2-2212-44ea-b429-484ec73e5888,EMP0637,Worker_0637,RFID000637,Quality,WS-05,AFTERNOON,1,2026-10-01T14:59:20,OK,,36.59,71.8,98.7,0.324,42.08,MODERATE
10b86609-a795-4bd5-aa30-1ccc02bb0e03,EMP0916,Worker_0916,RFID000916,Production,WS-06,AFTERNOON,1,2026-10-01T14:59:20,HAPPY,,36.48,77.4,98.8,0.187,13.69,LOW
2f5a6f02-bc41-48ac-b592-61fa521fb4f2,EMP0557,Worker_0557,RFID000557,Assembly,WS-05,AFTERNOON,1,2026-10-01T14:59:24,OK,,36.51,70.3,98.2,0.268,40.49,MODERATE
d831bf21-81c4-47da-b2ce-805eaa9a69a0,EMP0567,Worker_0567,RFID000567,Finishing,WS-03,AFTERNOON,1,2026-10-01T14:59:33,SAD,,36.38,85.0,98.0,0.546,73.32,HIGH
14fb4d1e-39bb-4cab-b2ad-3b56ce1dd84a,EMP0266,Worker_0266,RFID000266,Stores,WS-08,AFTERNOON,1,2026-10-01T14:59:34,SAD,,36.91,82.6,96.4,0.554,77.48,HIGH
9ff255b0-8084-4828-8b2a-b31d656792c5,EMP0101,Worker_0101,RFID000101,Packaging,WS-04,AFTERNOON,1,2026-10-01T14:59:36,HAPPY,,36.27,68.9,97.1,0.254,13.08,LOW
42bbb6ac-8ff8-4a4f-9e33-9caafbf4eb71,EMP0872,Worker_0872,RFID000872,Stores,WS-02,AFTERNOON,1,2026-10-01T15:00:17,OK,,36.56,81.6,97.8,0.183,40.88,MODERATE
87f3ebd4-4493-4cc2-b367-843abfdba07c,EMP0766,Worker_0766,RFID000766,Quality,WS-03,AFTERNOON,1,2026-10-01T15:00:30,OK,,36.49,83.9,98.0,0.332,37.64,MODERATE
0a49da97-9426-4f73-ab66-2ad9baaf1c51,EMP0949,Worker_0949,RFID000949,Quality,WS-10,AFTERNOON,1,2026-10-01T15:01:03,HAPPY,,36.72,72.9,98.0,0.317,5.35,LOW
07f9c161-cdc8-4cdd-ad89-e3490862b6c7,EMP0048,Worker_0048,RFID000048,Cutting,WS-10,AFTERNOON,1,2026-10-01T15:01:35,HAPPY,,36.75,79.1,97.7,0.252,12.19,LOW
015db01e-8759-4196-acb2-c4ff09c8f5c7,EMP0029,Worker_0029,RFID000029,Quality,WS-05,AFTERNOON,1,2026-10-01T15:02:10,OK,,36.73,74.5,96.2,0.367,42.57,MODERATE
4960509b-cd6d-435b-8c01-3c2813bb488a,EMP0694,Worker_0694,RFID000694,Production,WS-05,AFTERNOON,1,2026-10-01T15:02:15,HAPPY,,36.55,80.4,97.0,0.289,11.23,LOW
3aee6339-3711-41e6-8415-fb1e5ff919f2,EMP0865,Worker_0865,RFID000865,Maintenance,WS-01,AFTERNOON,1,2026-10-01T15:03:24,HAPPY,,36.7,71.8,98.3,0.099,6.56,LOW
bf7657ca-212f-4fab-b15b-d50217ede586,EMP0103,Worker_0103,RFID000103,Finishing,WS-02,AFTERNOON,1,2026-10-01T15:03:37,OK,,36.69,86.9,98.3,0.315,40.95,MODERATE
a0807d67-dfa9-42fc-9d19-bd2981e70d00,EMP0146,Worker_0146,RFID000146,Quality,WS-07,AFTERNOON,1,2026-10-01T15:03:40,OK,,36.77,71.1,98.5,0.326,34.06,LOW
f1ebfefb-0bb6-4965-8a29-8a68df523d06,EMP0995,Worker_0995,RFID000995,Finishing,WS-10,AFTERNOON,1,2026-10-01T15:03:47,OK,,36.53,80.9,98.3,0.285,41.13,MODERATE
f85307af-8784-409a-83ab-d19eede912b9,EMP0835,Worker_0835,RFID000835,Maintenance,WS-10,AFTERNOON,1,2026-10-01T15:04:04,SAD,,36.89,84.0,98.6,0.448,74.21,HIGH
d046c1e3-1a4b-442a-8105-2f97c19bf4f1,EMP0391,Worker_0391,RFID000391,Assembly,WS-05,AFTERNOON,1,2026-10-01T15:04:14,HAPPY,,36.62,82.4,98.8,0.106,5.11,LOW
2ba9062d-0560-4756-8a64-b946dcf0c064,EMP0465,Worker_0465,RFID000465,Production,WS-03,AFTERNOON,1,2026-10-01T15:04:28,HAPPY,,36.71,69.6,99.4,0.169,11.21,LOW
4ebf8728-9e15-4653-82ca-a02b6fa9c269,EMP0897,Worker_0897,RFID000897,Cutting,WS-07,AFTERNOON,1,2026-10-01T15:04:32,HAPPY,,36.21,72.4,97.0,0.34,12.33,LOW
b9f4c8e6-3fd4-4284-a54a-21ce1af60c06,EMP0407,Worker_0407,RFID000407,Packaging,WS-09,AFTERNOON,1,2026-10-01T15:04:44,SAD,,36.83,97.6,96.6,0.56,87.13,HIGH
a1858a55-c09a-42c6-9aac-081cd32d56ce,EMP0225,Worker_0225,RFID000225,Packaging,WS-02,AFTERNOON,1,2026-10-01T15:05:19,HAPPY,,36.33,69.8,97.8,0.461,16.13,LOW
4a874681-5833-4fc8-83da-e5e2b904d4be,EMP0313,Worker_0313,RFID000313,Production,WS-09,AFTERNOON,1,2026-10-01T15:05:32,HAPPY,,36.54,80.5,98.5,0.291,8.78,LOW
f384fe87-f0f5-443c-af11-a78bb2ca9c50,EMP0761,Worker_0761,RFID000761,Finishing,WS-07,AFTERNOON,1,2026-10-01T15:05:38,OK,,36.35,65.6,98.4,0.263,40.07,MODERATE
5782f229-11f1-4b25-ac25-456aa9c2a26b,EMP0020,Worker_0020,RFID000020,Production,WS-04,AFTERNOON,1,2026-10-01T15:05:51,HAPPY,,36.74,78.8,97.0,0.24,6.66,LOW
c94fa6d3-5714-4358-8949-47c1017602e6,EMP0332,Worker_0332,RFID000332,Cutting,WS-05,AFTERNOON,1,2026-10-01T15:06:14,OK,,36.33,73.5,97.0,0.254,37.76,MODERATE
a4dc2804-3cb3-4ddf-b1ba-51c7ed52eb30,EMP0657,Worker_0657,RFID000657,Finishing,WS-04,AFTERNOON,1,2026-10-01T15:06:14,SAD,,36.69,81.2,97.6,0.424,76.59,HIGH
c9f4ed70-c815-4bd8-9eed-0df7feeb9c4a,EMP0944,Worker_0944,RFID000944,Finishing,WS-06,AFTERNOON,1,2026-10-01T15:06:36,OK,,36.59,85.6,97.0,0.286,46.24,MODERATE
6610828b-54df-4cd7-8ecf-35d9dc2e7ce8,EMP0428,Worker_0428,RFID000428,Stores,WS-10,AFTERNOON,1,2026-10-01T15:06:48,OK,,36.82,90.0,97.0,0.447,43.29,MODERATE
079db31e-6451-47e3-9a82-53d1124ae11a,EMP0396,Worker_0396,RFID000396,Assembly,WS-08,AFTERNOON,1,2026-10-01T15:06:49,OK,,36.45,78.7,98.7,0.386,39.43,MODERATE
9cb6c73f-9e9c-4709-a54c-7ac5d7d4ce7a,EMP0238,Worker_0238,RFID000238,Maintenance,WS-04,AFTERNOON,1,2026-10-01T15:07:02,HAPPY,,36.54,78.8,97.9,0.352,10.74,LOW
7da8d047-5dfa-4d97-8033-52de56d9996c,EMP0845,Worker_0845,RFID000845,Packaging,WS-02,AFTERNOON,1,2026-10-01T15:07:10,OK,,36.49,81.4,97.6,0.276,41.4,MODERATE
30c6ec61-1353-47d5-a72b-b2e6a71fa49a,EMP0541,Worker_0541,RFID000541,Quality,WS-09,AFTERNOON,1,2026-10-01T15:07:19,OK,,36.57,73.5,97.4,0.321,34.59,LOW
3e0f11d8-cd8f-4f10-aab1-b10c454eda06,EMP0363,Worker_0363,RFID000363,Packaging,WS-04,AFTERNOON,1,2026-10-01T15:07:30,OK,,36.69,84.0,97.4,0.372,35.45,MODERATE
c5f4218b-fdb2-4166-9f83-95184db63a2c,EMP0183,Worker_0183,RFID000183,Production,WS-06,AFTERNOON,1,2026-10-01T15:07:59,OK,,36.36,79.1,97.4,0.22,39.2,MODERATE
6f27ce32-f008-428e-8772-c23b6b9108a0,EMP0545,Worker_0545,RFID000545,Maintenance,WS-01,AFTERNOON,1,2026-10-01T15:08:04,SAD,,36.99,90.0,97.0,0.589,81.63,HIGH
83d0eb43-ffaf-4e17-8d93-7a544092987f,EMP0813,Worker_0813,RFID000813,Production,WS-01,AFTERNOON,1,2026-10-01T15:08:05,HAPPY,,36.32,71.8,98.9,0.157,13.15,LOW
628ac416-9c5f-4f4d-a3b5-1936f462a062,EMP0679,Worker_0679,RFID000679,Stores,WS-06,AFTERNOON,1,2026-10-01T15:08:37,SAD,,36.54,95.4,98.1,0.31,82.26,HIGH
9e435650-7559-4bfe-b886-e7cd81dd5379,EMP0227,Worker_0227,RFID000227,Quality,WS-02,AFTERNOON,1,2026-10-01T15:08:39,OK,,36.83,82.0,98.0,0.172,33.54,LOW
c2d23e85-c3d9-40de-b347-8dfd5976cf0a,EMP0236,Worker_0236,RFID000236,Assembly,WS-09,AFTERNOON,1,2026-10-01T15:08:44,SAD,,36.73,88.8,97.4,0.391,80.34,HIGH
3a9ea1da-a503-4370-8e2b-f9e31bb311ed,EMP0386,Worker_0386,RFID000386,Production,WS-06,AFTERNOON,1,2026-10-01T15:08:55,HAPPY,,36.44,84.5,99.6,0.281,6.42,LOW
3ff3a563-19ec-4f6e-b31f-8f2f75c02707,EMP0614,Worker_0614,RFID000614,Maintenance,WS-07,AFTERNOON,1,2026-10-01T15:08:56,HAPPY,,36.55,67.1,97.5,0.357,9.77,LOW
74266c29-a124-47e0-96b8-9fe375416104,EMP0461,Worker_0461,RFID000461,Maintenance,WS-06,AFTERNOON,1,2026-10-01T15:09:15,OK,,36.79,67.7,97.1,0.282,38.99,MODERATE
7fac938f-fa87-45f5-9f2b-9389242bd301,EMP0156,Worker_0156,RFID000156,Cutting,WS-02,AFTERNOON,1,2026-10-01T15:09:24,OK,,36.8,82.4,96.9,0.18,40.68,MODERATE
d27c01a3-561f-4444-b987-dbb039520f76,EMP0348,Worker_0348,RFID000348,Assembly,WS-03,AFTERNOON,1,2026-10-01T15:09:37,HAPPY,,36.56,88.4,97.8,0.223,14.01,LOW
6195c842-8211-45f6-9047-ad8ae5e0219e,EMP0523,Worker_0523,RFID000523,Production,WS-09,AFTERNOON,1,2026-10-01T15:09:54,SAD,,36.79,93.3,96.4,0.375,83.72,HIGH
1fe7a780-16e4-4bf1-9134-a8e1d1e4afa6,EMP0120,Worker_0120,RFID000120,Finishing,WS-09,AFTERNOON,1,2026-10-01T15:09:55,OK,,36.48,75.8,97.9,0.239,38.89,MODERATE
7b94ba02-aaa8-46f0-8a09-24c0162d85bd,EMP0981,Worker_0981,RFID000981,Finishing,WS-09,AFTERNOON,1,2026-10-01T15:10:22,SAD,,36.64,82.5,97.8,0.562,82.12,HIGH
cc9cbbc0-d319-488d-9da1-40ff289435d2,EMP0558,Worker_0558,RFID000558,Quality,WS-03,AFTERNOON,1,2026-10-01T15:10:42,HAPPY,,36.48,68.1,98.2,0.171,11.39,LOW
ebb5a280-0998-4c51-906f-2540d46d3c73,EMP0075,Worker_0075,RFID000075,Finishing,WS-03,AFTERNOON,1,2026-10-01T15:11:00,HAPPY,,36.43,80.3,99.4,0.235,8.02,LOW
dd3a0f19-080a-49c3-8b77-07a6fcfe1e1f,EMP0298,Worker_0298,RFID000298,Cutting,WS-09,AFTERNOON,1,2026-10-01T15:11:16,HAPPY,,36.35,78.1,98.4,0.179,11.16,LOW
d160d837-87b8-4140-9a90-ee6fc03b7419,EMP0077,Worker_0077,RFID000077,Stores,WS-06,AFTERNOON,1,2026-10-01T15:11:40,OK,,36.46,89.8,97.4,0.342,42.03,MODERATE
2a087a27-bcfb-4e12-95b3-c9543e325ef5,EMP0654,Worker_0654,RFID000654,Production,WS-01,AFTERNOON,1,2026-10-01T15:11:59,OK,,36.33,76.7,98.6,0.24,40.39,MODERATE
711f78e4-c8d1-4407-a0a3-84a60806e419,EMP0244,Worker_0244,RFID000244,Packaging,WS-03,AFTERNOON,1,2026-10-01T15:12:21,HAPPY,,36.52,74.1,97.6,0.183,10.64,LOW
7f49a320-11b5-4645-a1e0-a5d878e9df1f,EMP0751,Worker_0751,RFID000751,Maintenance,WS-10,AFTERNOON,1,2026-10-01T15:12:23,HAPPY,,36.3,67.3,98.7,0.228,12.55,LOW
afa7817e-21b5-43ca-8565-d513569970d4,EMP0812,Worker_0812,RFID000812,Assembly,WS-09,AFTERNOON,1,2026-10-01T15:12:23,OK,,36.5,81.1,98.2,0.408,41.31,MODERATE
72d2cf8c-713f-495d-8aa3-2d2836e6cd72,EMP0436,Worker_0436,RFID000436,Production,WS-03,AFTERNOON,1,2026-10-01T15:13:25,OK,,36.85,81.1,98.6,0.208,35.17,MODERATE
9c99ce1c-a8b3-49a5-88df-da58a7865c86,EMP0478,Worker_0478,RFID000478,Packaging,WS-06,AFTERNOON,1,2026-10-01T15:13:32,HAPPY,,36.4,78.6,99.1,0.282,6.65,LOW
3bec1624-d050-47ed-ab64-6d07598d17fd,EMP0219,Worker_0219,RFID000219,Assembly,WS-06,AFTERNOON,1,2026-10-01T15:13:47,SAD,,36.42,82.1,98.6,0.405,72.75,HIGH
d026b305-d263-45ef-bd18-45e2049cc213,EMP0460,Worker_0460,RFID000460,Cutting,WS-01,AFTERNOON,1,2026-10-01T15:14:12,OK,,36.9,83.9,98.9,0.174,37.77,MODERATE
1eafd2ea-a4f8-47aa-a080-f1712b255bfe,EMP0989,Worker_0989,RFID000989,Cutting,WS-10,AFTERNOON,1,2026-10-01T15:14:21,SAD,,36.59,86.8,98.5,0.535,79.68,HIGH
b255c2be-dd1e-4874-a069-788a776b8f98,EMP0055,Worker_0055,RFID000055,Cutting,WS-10,AFTERNOON,1,2026-10-01T15:14:37,OK,,36.27,70.3,98.1,0.318,35.66,MODERATE
ad1dd71b-1487-4b58-b27e-143d63249d2c,EMP0153,Worker_0153,RFID000153,Stores,WS-01,AFTERNOON,1,2026-10-01T15:14:58,OK,,36.35,77.9,98.5,0.266,39.16,MODERATE
a29bc089-f57b-49ef-966c-3193a1cbee61,EMP0359,Worker_0359,RFID000359,Packaging,WS-05,AFTERNOON,1,2026-10-01T15:14:59,SAD,,36.42,85.6,97.1,0.55,82.63,HIGH
ba50c2bb-ae20-4f50-b46c-c56d7e199fad,EMP0088,Worker_0088,RFID000088,Production,WS-08,AFTERNOON,1,2026-10-01T15:15:38,OK,,36.37,78.4,97.6,0.338,42.1,MODERATE
dee3b4aa-a02d-44bb-b0cf-fff1954476a8,EMP0139,Worker_0139,RFID000139,Stores,WS-09,AFTERNOON,1,2026-10-01T15:15:41,OK,,36.4,83.3,97.8,0.391,34.93,LOW
ee6da206-dde9-4855-b3f1-306aadff0683,EMP0745,Worker_0745,RFID000745,Finishing,WS-09,AFTERNOON,1,2026-10-01T15:15:41,HAPPY,,36.25,71.2,98.6,0.145,10.86,LOW
f1466f39-a2e2-435c-b494-6d2f4878bce9,EMP0520,Worker_0520,RFID000520,Cutting,WS-02,AFTERNOON,1,2026-10-01T15:15:45,HAPPY,,36.4,71.8,97.0,0.304,8.89,LOW
a023b34c-ef48-48f6-aff4-0cd3846d3004,EMP0931,Worker_0931,RFID000931,Packaging,WS-05,AFTERNOON,1,2026-10-01T15:15:51,OK,,36.53,81.2,97.4,0.474,41.5,MODERATE
568b1fb8-6ceb-4496-9e2f-e71ec3e1a5c0,EMP0057,Worker_0057,RFID000057,Assembly,WS-05,AFTERNOON,1,2026-10-01T15:16:19,OK,,36.51,84.8,96.9,0.369,40.7,MODERATE
67f6a133-e2b1-4f1f-9fc1-fdf099429b18,EMP0025,Worker_0025,RFID000025,Stores,WS-02,AFTERNOON,1,2026-10-01T15:16:24,SAD,,36.47,78.4,97.5,0.517,74.18,HIGH
76c642d5-5301-48f2-a9a4-8a5acbb079d9,EMP0276,Worker_0276,RFID000276,Stores,WS-04,AFTERNOON,1,2026-10-01T15:17:29,OK,,36.41,67.8,97.9,0.24,41.41,MODERATE
0349f9e5-0dea-491c-ad94-fb6a0b86e5ed,EMP0304,Worker_0304,RFID000304,Finishing,WS-02,AFTERNOON,1,2026-10-01T15:17:40,HAPPY,,36.65,75.2,98.7,0.147,10.46,LOW
820cd654-42ca-4c27-8343-7dce37bad45b,EMP0221,Worker_0221,RFID000221,Production,WS-02,AFTERNOON,1,2026-10-01T15:18:07,OK,,36.41,80.1,98.1,0.363,41.0,MODERATE
676ff5d7-7be7-469f-84ac-b02667eec01d,EMP0515,Worker_0515,RFID000515,Finishing,WS-08,AFTERNOON,1,2026-10-01T15:18:27,HAPPY,,36.82,72.7,98.0,0.137,6.72,LOW
c666c357-4242-43a2-a07c-51dab9f3bb4b,EMP0620,Worker_0620,RFID000620,Packaging,WS-09,AFTERNOON,1,2026-10-01T15:18:47,HAPPY,,36.35,73.3,97.8,0.459,18.13,LOW
21d7fd87-91e1-4ff3-94a3-e4c5433f501d,EMP0455,Worker_0455,RFID000455,Quality,WS-10,AFTERNOON,1,2026-10-01T15:18:48,HAPPY,,36.83,67.0,99.5,0.07,14.77,LOW
3dbacd01-aeae-4829-ba7a-ccecade00ace,EMP0952,Worker_0952,RFID000952,Packaging,WS-02,AFTERNOON,1,2026-10-01T15:19:15,SAD,,36.41,91.9,98.1,0.365,78.97,HIGH
036c53f5-7752-42fa-b778-fc6f9913bc9e,EMP0568,Worker_0568,RFID000568,Finishing,WS-09,AFTERNOON,1,2026-10-01T15:19:53,SAD,,36.44,95.6,98.4,0.56,85.0,HIGH
4c0e2b3e-c378-480b-868b-a77dc2c756a1,EMP0818,Worker_0818,RFID000818,Cutting,WS-06,AFTERNOON,1,2026-10-01T15:20:10,SAD,,36.84,80.2,97.9,0.411,79.9,HIGH
7cdfb142-481c-451f-91b3-e575d2d4e2c8,EMP0157,Worker_0157,RFID000157,Assembly,WS-03,AFTERNOON,1,2026-10-01T15:20:31,OK,,36.63,73.4,97.7,0.271,38.34,MODERATE
c1341e2e-7099-4ccb-8bd4-89ca8e230393,EMP0061,Worker_0061,RFID000061,Quality,WS-02,AFTERNOON,1,2026-10-01T15:20:37,SAD,,36.62,86.7,96.9,0.466,84.8,HIGH
b48ab2db-4a79-4b6d-a133-cdcf3dd148b1,EMP0951,Worker_0951,RFID000951,Quality,WS-07,AFTERNOON,1,2026-10-01T15:20:55,SAD,,37.13,99.4,98.3,0.547,82.06,HIGH
f40abd78-97a5-4060-bc02-4a7204fb7441,EMP0493,Worker_0493,RFID000493,Cutting,WS-01,AFTERNOON,1,2026-10-01T15:21:24,HAPPY,,36.5,67.8,97.1,0.317,7.56,LOW
59349d22-714a-4bdc-aeb8-5154aba31bae,EMP0462,Worker_0462,RFID000462,Assembly,WS-04,AFTERNOON,1,2026-10-01T15:21:46,HAPPY,,36.81,65.4,98.3,0.306,14.1,LOW
c3d1b7ad-d91d-4b64-b573-76d3b10118a6,EMP0608,Worker_0608,RFID000608,Maintenance,WS-02,AFTERNOON,1,2026-10-01T15:21:46,OK,,36.61,79.6,97.4,0.331,42.16,MODERATE
3656c55a-c796-449e-b30e-b393e4d277ac,EMP0003,Worker_0003,RFID000003,Packaging,WS-09,AFTERNOON,1,2026-10-01T15:21:50,HAPPY,,36.4,71.5,97.6,0.225,9.38,LOW
0c9a08b6-6f1a-4cb2-8e95-5d0389945299,EMP0893,Worker_0893,RFID000893,Maintenance,WS-10,AFTERNOON,1,2026-10-01T15:22:42,OK,,36.45,69.4,98.2,0.361,40.64,MODERATE
8c968df3-e90a-45f5-96c6-cd3b5df40aa1,EMP0155,Worker_0155,RFID000155,Production,WS-09,AFTERNOON,1,2026-10-01T15:22:56,SAD,,36.87,86.6,97.0,0.69,86.56,HIGH
5c2020ab-e682-406d-abd6-59cc615abc4f,EMP0173,Worker_0173,RFID000173,Quality,WS-05,AFTERNOON,1,2026-10-01T15:23:05,HAPPY,,36.21,67.2,98.3,0.311,5.08,LOW
e7df393c-a08c-4dbb-884b-1d75db427703,EMP0199,Worker_0199,RFID000199,Quality,WS-04,AFTERNOON,1,2026-10-01T15:23:09,HAPPY,,36.04,80.5,97.3,0.25,11.02,LOW
1d6771ae-eae5-4691-a188-d17314f829fc,EMP0321,Worker_0321,RFID000321,Assembly,WS-05,AFTERNOON,1,2026-10-01T15:23:21,HAPPY,,36.3,69.3,98.6,0.19,8.84,LOW
f0c24735-d55a-4de0-94ed-2d08adbeba0f,EMP0521,Worker_0521,RFID000521,Packaging,WS-06,AFTERNOON,1,2026-10-01T15:23:24,OK,,36.64,71.5,98.6,0.412,39.19,MODERATE
5ed36eee-9480-444f-8896-39f14c6b98b9,EMP0811,Worker_0811,RFID000811,Finishing,WS-04,AFTERNOON,1,2026-10-01T15:23:55,OK,,36.4,72.7,98.7,0.272,35.68,MODERATE
de86532f-b926-4acd-885b-6a8c0b31b354,EMP0920,Worker_0920,RFID000920,Stores,WS-10,AFTERNOON,1,2026-10-01T15:24:17,OK,,36.5,70.2,98.3,0.31,42.11,MODERATE
45cee2ec-9759-4402-a556-f88ad4aabcfa,EMP0349,Worker_0349,RFID000349,Cutting,WS-08,AFTERNOON,1,2026-10-01T15:24:55,OK,,36.46,77.1,97.2,0.372,34.5,LOW
0ebdea5e-e4a7-438e-9242-d98f10e25582,EMP0831,Worker_0831,RFID000831,Assembly,WS-04,AFTERNOON,1,2026-10-01T15:25:03,OK,,36.81,85.6,98.3,0.173,41.79,MODERATE
4668c823-d3fe-4c36-935b-727bdb559ba5,EMP0203,Worker_0203,RFID000203,Stores,WS-02,AFTERNOON,1,2026-10-01T15:25:05,HAPPY,,36.4,85.7,99.0,0.197,15.18,LOW
24abdd62-11d3-4854-bf58-fb2b534454bc,EMP0476,Worker_0476,RFID000476,Packaging,WS-01,AFTERNOON,1,2026-10-01T15:25:07,OK,,36.83,83.9,98.1,0.387,42.33,MODERATE
a730b0fe-796e-48ab-a8db-9eb5f2ef942f,EMP0663,Worker_0663,RFID000663,Cutting,WS-08,AFTERNOON,1,2026-10-01T15:25:10,SAD,,36.86,94.4,96.6,0.513,86.54,HIGH
25d47d2b-fab2-41ef-ad07-072938eff75e,EMP0167,Worker_0167,RFID000167,Maintenance,WS-06,AFTERNOON,1,2026-10-01T15:25:32,OK,,36.49,74.3,97.4,0.416,38.5,MODERATE
28318f4b-d553-4480-b54f-92a618dee372,EMP0023,Worker_0023,RFID000023,Stores,WS-08,AFTERNOON,1,2026-10-01T15:25:37,OK,,36.56,80.6,97.7,0.206,34.68,LOW
b229f26a-e300-484d-826a-31941c19eeac,EMP0774,Worker_0774,RFID000774,Quality,WS-07,AFTERNOON,1,2026-10-01T15:25:58,HAPPY,,36.72,82.5,98.1,0.325,8.64,LOW
dec1a1e6-a7e5-4b45-a1be-6d25b8ef7e6e,EMP0009,Worker_0009,RFID000009,Assembly,WS-10,AFTERNOON,1,2026-10-01T15:26:25,OK,,36.47,87.1,97.1,0.271,41.04,MODERATE
749c2436-bb52-4aa0-9e44-531c217ab851,EMP0903,Worker_0903,RFID000903,Quality,WS-02,AFTERNOON,1,2026-10-01T15:27:28,OK,,36.41,73.6,96.9,0.336,34.13,LOW
9c8c0162-a5bc-454e-964f-b79a0a2e1ba3,EMP0037,Worker_0037,RFID000037,Maintenance,WS-04,AFTERNOON,1,2026-10-01T15:27:54,OK,,36.4,84.8,97.5,0.242,37.49,MODERATE
29e75e07-ffde-4935-b0d2-675d36ec5052,EMP0772,Worker_0772,RFID000772,Cutting,WS-06,AFTERNOON,1,2026-10-01T15:28:16,OK,,36.42,80.4,98.8,0.313,37.29,MODERATE
040142ac-568f-484c-ada3-207070b00ba4,EMP0695,Worker_0695,RFID000695,Assembly,WS-06,AFTERNOON,1,2026-10-01T15:28:37,SAD,,36.72,84.2,96.6,0.304,71.34,HIGH
744b61f8-65ec-471a-a4f6-6918f8549699,EMP0735,Worker_0735,RFID000735,Maintenance,WS-05,AFTERNOON,1,2026-10-01T15:28:59,HAPPY,,36.39,81.3,98.2,0.238,12.3,LOW
411a3832-74e1-40ec-95e7-1d76165cb65e,EMP0660,Worker_0660,RFID000660,Assembly,WS-09,AFTERNOON,1,2026-10-01T15:29:06,HAPPY,,36.25,79.2,99.1,0.263,7.38,LOW
e08ae703-8470-41f2-91e4-03a6520d51f3,EMP0235,Worker_0235,RFID000235,Assembly,WS-05,AFTERNOON,1,2026-10-01T15:29:45,HAPPY,,36.7,73.7,97.9,0.307,6.8,LOW
c5b454ea-d43f-493d-93a1-1cd9d52fb8a0,EMP0468,Worker_0468,RFID000468,Stores,WS-06,AFTERNOON,1,2026-10-01T15:29:49,HAPPY,,36.76,72.2,98.7,0.356,9.53,LOW
3df92319-3ff7-4849-9709-9cd19b7b43b8,EMP0912,Worker_0912,RFID000912,Quality,WS-08,AFTERNOON,1,2026-10-01T15:30:14,OK,,36.27,76.5,98.2,0.414,41.61,MODERATE
ce8b645b-af33-4913-bf69-03ad778998c0,EMP0672,Worker_0672,RFID000672,Packaging,WS-07,AFTERNOON,1,2026-10-01T15:30:29,OK,,36.69,86.8,97.0,0.472,46.11,MODERATE
0208def3-05f6-4cf0-8176-5723d22904cd,EMP0380,Worker_0380,RFID000380,Quality,WS-03,AFTERNOON,1,2026-10-01T15:30:30,HAPPY,,36.57,69.9,98.7,0.167,6.26,LOW
232e4325-6b73-4920-9a35-9c84f6fc6b1e,EMP0279,Worker_0279,RFID000279,Packaging,WS-04,AFTERNOON,1,2026-10-01T15:30:33,HAPPY,,36.43,77.6,98.4,0.262,5.97,LOW
9a3d6ff9-d3f2-4a3c-bb65-fe5fc341ee89,EMP0712,Worker_0712,RFID000712,Production,WS-09,AFTERNOON,1,2026-10-01T15:30:42,OK,,36.56,79.1,98.9,0.37,41.91,MODERATE
21528c88-68ce-4944-b0f1-5f046b5626d4,EMP0700,Worker_0700,RFID000700,Packaging,WS-07,AFTERNOON,1,2026-10-01T15:31:01,HAPPY,,36.32,68.5,99.6,0.301,14.22,LOW
de57caa4-4fdb-4c03-bb54-2b21e3002918,EMP0583,Worker_0583,RFID000583,Cutting,WS-03,AFTERNOON,1,2026-10-01T15:31:14,OK,,36.27,75.6,97.2,0.424,37.73,MODERATE
bbb8d483-01af-4f98-90b7-eeca936ddcb7,EMP0699,Worker_0699,RFID000699,Maintenance,WS-04,AFTERNOON,1,2026-10-01T15:31:19,HAPPY,,36.78,63.7,98.2,0.06,12.03,LOW
65cdeac0-f9e8-4d40-99f5-a2b7fdbb9142,EMP0907,Worker_0907,RFID000907,Production,WS-02,AFTERNOON,1,2026-10-01T15:31:19,HAPPY,,36.18,73.1,98.2,0.291,7.32,LOW
c365a887-3308-4fda-9543-d10e5d577ad4,EMP0053,Worker_0053,RFID000053,Stores,WS-01,AFTERNOON,1,2026-10-01T15:31:33,HAPPY,,36.86,67.7,98.0,0.36,5.37,LOW
065cea08-a2b6-42aa-b6c6-670c0e0fe9c3,EMP0841,Worker_0841,RFID000841,Quality,WS-06,AFTERNOON,1,2026-10-01T15:31:51,SAD,,36.75,85.0,96.2,0.62,79.96,HIGH
97a37c52-06ee-4ffb-833b-0c0ec03fc823,EMP0976,Worker_0976,RFID000976,Packaging,WS-03,AFTERNOON,1,2026-10-01T15:31:54,HAPPY,,36.55,77.0,98.4,0.3,6.26,LOW
8f4b149d-c6f8-468b-88da-adfa4b9c276c,EMP0307,Worker_0307,RFID000307,Stores,WS-05,AFTERNOON,1,2026-10-01T15:33:00,OK,,36.56,81.1,98.9,0.342,35.76,MODERATE
3c725308-b3f3-4049-9445-a77cb231c8d2,EMP0600,Worker_0600,RFID000600,Production,WS-03,AFTERNOON,1,2026-10-01T15:33:09,OK,,36.45,68.4,97.0,0.378,40.85,MODERATE
4cf21d07-aa67-4e5e-aefe-26b7c95d9973,EMP0303,Worker_0303,RFID000303,Maintenance,WS-07,AFTERNOON,1,2026-10-01T15:33:12,HAPPY,,36.53,71.4,98.0,0.225,5.44,LOW
13eeedec-f469-4fe9-b0d2-8a0ad3f09db8,EMP0294,Worker_0294,RFID000294,Packaging,WS-07,AFTERNOON,1,2026-10-01T15:33:20,OK,,36.16,73.4,98.2,0.409,41.63,MODERATE
ec934a44-d45c-42a0-a13a-69d24dd693d6,EMP0711,Worker_0711,RFID000711,Production,WS-10,AFTERNOON,1,2026-10-01T15:33:32,OK,,36.54,85.6,98.3,0.335,41.19,MODERATE
f64f113d-1f3e-48ab-8ea1-4c6dec802734,EMP0842,Worker_0842,RFID000842,Finishing,WS-10,AFTERNOON,1,2026-10-01T15:34:42,OK,,36.23,84.3,97.9,0.447,41.27,MODERATE
ec845966-24ce-44bc-a67b-bb5d1b71e468,EMP0260,Worker_0260,RFID000260,Maintenance,WS-10,AFTERNOON,1,2026-10-01T15:34:45,OK,,36.91,76.7,97.4,0.172,33.71,LOW
c5666cd3-1b5c-4c3e-ad22-688c14b0110f,EMP0939,Worker_0939,RFID000939,Cutting,WS-08,AFTERNOON,1,2026-10-01T15:34:47,HAPPY,,36.72,83.2,99.7,0.368,12.89,LOW
51bef5b2-fd41-468f-9839-241f209d4ee8,EMP0449,Worker_0449,RFID000449,Cutting,WS-06,AFTERNOON,1,2026-10-01T15:35:12,OK,,36.41,75.8,98.4,0.248,41.06,MODERATE
3d5d8ff9-9a25-49c3-8a46-2ff986a1d049,EMP0364,Worker_0364,RFID000364,Quality,WS-10,AFTERNOON,1,2026-10-01T15:35:33,OK,,36.23,69.8,97.0,0.295,40.47,MODERATE
c80567f7-19a8-46cb-928d-92b38d954a38,EMP0335,Worker_0335,RFID000335,Stores,WS-10,AFTERNOON,1,2026-10-01T15:36:27,SAD,,36.5,95.3,96.9,0.731,85.23,HIGH
4cfcedb8-19b0-486a-9126-700d37e37d7f,EMP0019,Worker_0019,RFID000019,Stores,WS-08,AFTERNOON,1,2026-10-01T15:36:28,OK,,36.83,67.8,98.4,0.422,45.66,MODERATE
6cbc5846-7007-4567-966e-742933b0d16a,EMP0894,Worker_0894,RFID000894,Assembly,WS-02,AFTERNOON,1,2026-10-01T15:36:53,OK,,36.77,83.1,97.7,0.349,39.28,MODERATE
97de4613-2fee-4227-9293-f5708b05bf6f,EMP0065,Worker_0065,RFID000065,Cutting,WS-04,AFTERNOON,1,2026-10-01T15:37:12,HAPPY,,36.75,64.1,97.0,0.084,13.79,LOW
dd570d84-7938-49c0-9339-224382aac43c,EMP0913,Worker_0913,RFID000913,Finishing,WS-09,AFTERNOON,1,2026-10-01T15:37:19,SAD,,36.67,92.1,97.5,0.672,85.95,HIGH
4818bd57-10f5-456e-87fa-fbc53ae8b26d,EMP0542,Worker_0542,RFID000542,Packaging,WS-04,AFTERNOON,1,2026-10-01T15:37:24,HAPPY,,36.31,80.7,97.9,0.27,6.52,LOW
792dc0fe-251a-4c24-b7f2-d70a8ae427b2,EMP0624,Worker_0624,RFID000624,Stores,WS-06,AFTERNOON,1,2026-10-01T15:37:24,HAPPY,,36.68,76.8,98.1,0.05,14.53,LOW
0145e18b-2d80-4398-bc55-a825b2a79745,EMP0198,Worker_0198,RFID000198,Stores,WS-10,AFTERNOON,1,2026-10-01T15:37:26,OK,,36.65,89.0,97.2,0.236,37.73,MODERATE
aa5c31d9-d98f-4065-b480-7ca10f35d445,EMP0110,Worker_0110,RFID000110,Cutting,WS-06,AFTERNOON,1,2026-10-01T15:37:27,OK,,36.08,72.5,96.9,0.234,39.92,MODERATE
a2bb0f1a-f24f-4597-b517-00e95e4cb8ac,EMP0269,Worker_0269,RFID000269,Cutting,WS-03,AFTERNOON,1,2026-10-01T15:37:38,SAD,,36.5,85.8,98.3,0.498,79.77,HIGH
8170544e-46b4-4b01-9ab5-dd6362f6339c,EMP0084,Worker_0084,RFID000084,Stores,WS-02,AFTERNOON,1,2026-10-01T15:38:34,OK,,36.43,76.2,98.8,0.42,38.55,MODERATE
8bcd2d39-a139-4ddb-9284-bea7d10d360a,EMP0806,Worker_0806,RFID000806,Production,WS-09,AFTERNOON,1,2026-10-01T15:38:49,HAPPY,,36.57,76.3,98.1,0.252,13.82,LOW
eb65c05a-8496-4468-8938-7fe603c6caf9,EMP0378,Worker_0378,RFID000378,Production,WS-06,AFTERNOON,1,2026-10-01T15:39:20,HAPPY,,36.81,74.1,97.8,0.121,6.7,LOW
3f83a90f-54ba-4f2d-9b77-a9fd4f917d27,EMP0846,Worker_0846,RFID000846,Stores,WS-01,AFTERNOON,1,2026-10-01T15:39:25,HAPPY,,36.24,74.8,98.5,0.283,12.09,LOW
09c41319-a073-48e0-aadb-c8d4be567209,EMP0404,Worker_0404,RFID000404,Packaging,WS-03,AFTERNOON,1,2026-10-01T15:39:36,OK,,36.54,69.6,97.2,0.299,35.19,MODERATE
23ac052d-5f7d-48a9-a341-8396caf90761,EMP0327,Worker_0327,RFID000327,Stores,WS-06,AFTERNOON,1,2026-10-01T15:40:02,HAPPY,,36.28,69.9,97.2,0.157,7.75,LOW
d50df780-942a-4720-9205-fd7b520c1d95,EMP0367,Worker_0367,RFID000367,Quality,WS-03,AFTERNOON,1,2026-10-01T15:40:04,OK,,36.69,79.5,99.2,0.362,42.93,MODERATE
2777bebf-b2a0-40d7-9f88-4952dc1c5684,EMP0356,Worker_0356,RFID000356,Quality,WS-09,AFTERNOON,1,2026-10-01T15:40:28,OK,,36.35,69.2,97.3,0.395,33.95,LOW
8bf2d24c-614a-4d94-9fb0-86a2d5d9f482,EMP0152,Worker_0152,RFID000152,Quality,WS-02,AFTERNOON,1,2026-10-01T15:40:34,OK,,36.35,82.6,97.5,0.394,34.47,LOW
da8e9e63-1561-46a4-9e5d-de8a5caa2428,EMP0500,Worker_0500,RFID000500,Finishing,WS-04,AFTERNOON,1,2026-10-01T15:40:34,HAPPY,,36.64,76.1,97.1,0.143,14.19,LOW
832a089f-867a-491a-8dab-eaccb4f87adc,EMP0853,Worker_0853,RFID000853,Production,WS-05,AFTERNOON,1,2026-10-01T15:40:43,SAD,,36.66,81.3,98.8,0.599,78.98,HIGH
1a03d66c-4423-42a5-b65a-1d7c83d62d4d,EMP0631,Worker_0631,RFID000631,Assembly,WS-02,AFTERNOON,1,2026-10-01T15:40:57,HAPPY,,36.64,72.7,97.3,0.145,5.63,LOW
50448d60-b9c8-435b-b498-a5bfc2c6993e,EMP0193,Worker_0193,RFID000193,Packaging,WS-06,AFTERNOON,1,2026-10-01T15:40:58,HAPPY,,36.5,81.9,97.5,0.197,14.95,LOW
5daf4b8d-2763-4a84-bca5-1b2ecc0e5de4,EMP0463,Worker_0463,RFID000463,Cutting,WS-10,AFTERNOON,1,2026-10-01T15:40:58,OK,,36.23,85.9,97.5,0.387,46.11,MODERATE
4e259240-5c3d-4f04-a331-1c5044f889ca,EMP0798,Worker_0798,RFID000798,Assembly,WS-02,AFTERNOON,1,2026-10-01T15:41:13,SAD,,36.49,101.7,98.1,0.42,92.73,HIGH
a272a486-9abe-476e-9915-965fc8e4f35b,EMP0578,Worker_0578,RFID000578,Quality,WS-07,AFTERNOON,1,2026-10-01T15:41:14,OK,,36.42,70.8,98.0,0.22,37.86,MODERATE
23dd3256-5cc6-4c1a-a45d-a3310808d085,EMP0414,Worker_0414,RFID000414,Production,WS-05,AFTERNOON,1,2026-10-01T15:41:40,HAPPY,,36.7,64.5,96.9,0.26,14.85,LOW
e452b39a-30b7-4746-ad73-36fac578f90b,EMP0740,Worker_0740,RFID000740,Stores,WS-02,AFTERNOON,1,2026-10-01T15:41:41,HAPPY,,36.18,78.3,97.5,0.38,5.13,LOW
0ca819fa-54fc-484f-8c88-be18c5e73da4,EMP0627,Worker_0627,RFID000627,Quality,WS-06,AFTERNOON,1,2026-10-01T15:42:42,HAPPY,,36.48,72.5,99.0,0.303,13.97,LOW
92868ae2-63ac-4def-ab6c-0da1267db714,EMP0068,Worker_0068,RFID000068,Quality,WS-08,AFTERNOON,1,2026-10-01T15:42:58,OK,,36.8,83.5,98.7,0.207,40.8,MODERATE
7504ff21-b14f-4162-a2bc-817558163aa2,EMP0097,Worker_0097,RFID000097,Production,WS-05,AFTERNOON,1,2026-10-01T15:43:28,HAPPY,,36.48,86.7,98.8,0.159,10.0,LOW
a94f1c86-d558-4f28-a3d3-c71877b95501,EMP0769,Worker_0769,RFID000769,Production,WS-06,AFTERNOON,1,2026-10-01T15:44:18,OK,,36.96,89.1,96.6,0.359,39.79,MODERATE
6ca11291-1369-408e-8058-3ee879a19e5e,EMP0854,Worker_0854,RFID000854,Production,WS-05,AFTERNOON,1,2026-10-01T15:44:20,HAPPY,,36.39,69.2,98.6,0.367,14.33,LOW
ff69d4b0-831f-43a4-8df8-d8ae876d528b,EMP0869,Worker_0869,RFID000869,Stores,WS-06,AFTERNOON,1,2026-10-01T15:44:22,OK,,36.62,81.2,97.5,0.261,35.2,MODERATE
e21754cb-c1ed-4462-997b-ce2fa1f9fff0,EMP0144,Worker_0144,RFID000144,Cutting,WS-02,AFTERNOON,1,2026-10-01T15:45:17,HAPPY,,36.6,71.6,97.4,0.258,11.42,LOW
3c009d9a-2d74-4a36-8685-08638a706fc1,EMP0801,Worker_0801,RFID000801,Maintenance,WS-01,AFTERNOON,1,2026-10-01T15:45:50,SAD,,36.53,83.2,96.8,0.524,77.52,HIGH
3ac4bc08-456e-4768-80db-b69903897fda,EMP0214,Worker_0214,RFID000214,Production,WS-04,AFTERNOON,1,2026-10-01T15:46:00,OK,,36.49,87.0,98.0,0.276,46.0,MODERATE
5b693000-27e6-4755-8ab0-f74da8198be7,EMP0604,Worker_0604,RFID000604,Assembly,WS-09,AFTERNOON,1,2026-10-01T15:46:10,OK,,36.66,91.3,98.6,0.35,49.45,MODERATE
82f5886c-188b-4cdf-bbdc-675e794868b3,EMP0091,Worker_0091,RFID000091,Packaging,WS-05,AFTERNOON,1,2026-10-01T15:46:27,OK,,36.46,78.0,98.3,0.249,34.83,LOW
9f9120e5-f135-477b-b4bd-ecc192fc4306,EMP0955,Worker_0955,RFID000955,Maintenance,WS-05,AFTERNOON,1,2026-10-01T15:46:35,SAD,,36.71,85.3,97.4,0.509,80.75,HIGH
b093436e-361e-4c17-9f5a-d63901034b2d,EMP0762,Worker_0762,RFID000762,Stores,WS-09,AFTERNOON,1,2026-10-01T15:46:46,SAD,,36.47,85.9,97.3,0.615,80.03,HIGH
ea566b83-b7c0-47ff-8b27-a57ef001ae20,EMP0927,Worker_0927,RFID000927,Finishing,WS-05,AFTERNOON,1,2026-10-01T15:47:32,HAPPY,,36.6,82.7,98.1,0.299,6.22,LOW
9c99386c-4ea1-4151-ade4-e7c2a4327566,EMP0486,Worker_0486,RFID000486,Quality,WS-06,AFTERNOON,1,2026-10-01T15:47:40,HAPPY,,36.07,78.5,97.1,0.297,8.6,LOW
36ed5546-4f4b-4013-9191-07db0a3cff2f,EMP0880,Worker_0880,RFID000880,Finishing,WS-03,AFTERNOON,1,2026-10-01T15:48:08,SAD,,36.35,82.2,96.9,0.539,74.14,HIGH
d6649e09-6aa7-4534-b051-f2fdbc848bd3,EMP0598,Worker_0598,RFID000598,Quality,WS-08,AFTERNOON,1,2026-10-01T15:48:18,HAPPY,,36.32,69.3,98.7,0.339,12.63,LOW
23e9729e-fe1f-42b4-be62-427d3d9d35ff,EMP0653,Worker_0653,RFID000653,Assembly,WS-04,AFTERNOON,1,2026-10-01T15:48:24,OK,,36.4,74.3,97.9,0.335,36.75,MODERATE
bbad55b6-a409-4886-a677-8ec56c984d03,EMP0457,Worker_0457,RFID000457,Cutting,WS-02,AFTERNOON,1,2026-10-01T15:48:31,SAD,,36.5,78.8,98.2,0.4,76.72,HIGH
b7580f2f-072e-492e-a1a9-eb2f09c0ccd3,EMP0861,Worker_0861,RFID000861,Quality,WS-09,AFTERNOON,1,2026-10-01T15:48:52,OK,,36.75,74.0,97.4,0.345,40.7,MODERATE
86509b02-8ff6-4ec6-8549-c31c7dc78483,EMP0382,Worker_0382,RFID000382,Quality,WS-02,AFTERNOON,1,2026-10-01T15:48:57,HAPPY,,36.38,79.9,99.0,0.249,6.82,LOW
bb9460da-8875-45c4-b6fd-2d83f8cff5d7,EMP0271,Worker_0271,RFID000271,Finishing,WS-03,AFTERNOON,1,2026-10-01T15:49:06,HAPPY,,36.43,80.1,97.0,0.19,14.54,LOW
6050d328-ae70-4810-8e3e-6d901adb0cc4,EMP0337,Worker_0337,RFID000337,Stores,WS-02,AFTERNOON,1,2026-10-01T15:49:23,OK,,36.37,85.3,98.3,0.285,39.86,MODERATE
404aab79-d124-43b4-8dbe-1ee0e2d0d2b4,EMP0881,Worker_0881,RFID000881,Production,WS-05,AFTERNOON,1,2026-10-01T15:49:47,OK,,36.73,76.3,97.4,0.29,34.8,LOW
4237f9a9-6805-48e3-a524-27acb5a921ec,EMP0713,Worker_0713,RFID000713,Cutting,WS-01,AFTERNOON,1,2026-10-01T15:50:10,OK,,36.47,87.3,98.4,0.187,37.5,MODERATE
4a005ccb-7942-4b71-bf07-c9735e91ce93,EMP0937,Worker_0937,RFID000937,Cutting,WS-04,AFTERNOON,1,2026-10-01T15:50:13,OK,,36.15,86.8,97.3,0.205,43.92,MODERATE
46e29176-68c0-4a52-9c54-474df45ea5a4,EMP0655,Worker_0655,RFID000655,Stores,WS-09,AFTERNOON,1,2026-10-01T15:50:25,HAPPY,,36.68,84.7,98.8,0.323,14.16,LOW
c450cde5-01ac-446e-8a5e-adbbf9d8ed20,EMP0665,Worker_0665,RFID000665,Production,WS-06,AFTERNOON,1,2026-10-01T15:50:45,OK,,36.83,83.9,97.5,0.295,42.33,MODERATE
403bda84-b24b-46af-9535-f90cbe03aad0,EMP0728,Worker_0728,RFID000728,Cutting,WS-02,AFTERNOON,1,2026-10-01T15:51:08,SAD,,36.72,87.4,97.8,0.556,86.13,HIGH
140de505-378f-4bfb-b853-1079d84d8efa,EMP0090,Worker_0090,RFID000090,Packaging,WS-08,AFTERNOON,1,2026-10-01T15:52:09,HAPPY,,36.5,77.5,98.6,0.058,9.17,LOW
022d987c-fcde-4fa2-b6a0-5b07837d9166,EMP0821,Worker_0821,RFID000821,Cutting,WS-03,AFTERNOON,1,2026-10-01T15:52:09,OK,,36.58,67.3,97.2,0.222,41.56,MODERATE
7859a030-c6e3-4feb-b82a-1a7dc51539d0,EMP0058,Worker_0058,RFID000058,Packaging,WS-07,AFTERNOON,1,2026-10-01T15:52:22,OK,,36.48,75.8,98.6,0.281,35.27,MODERATE
02b3149e-053c-4810-aa87-79001ae81e46,EMP0921,Worker_0921,RFID000921,Stores,WS-03,AFTERNOON,1,2026-10-01T15:52:49,OK,,36.31,82.2,98.2,0.323,37.41,MODERATE
714a8b0c-b935-4ceb-85ec-77a7a1f288a7,EMP0297,Worker_0297,RFID000297,Packaging,WS-05,AFTERNOON,1,2026-10-01T15:52:58,OK,,36.32,78.9,97.8,0.202,40.31,MODERATE
17db74f3-f4b2-4f7e-814b-c7547e527dc4,EMP0716,Worker_0716,RFID000716,Quality,WS-07,AFTERNOON,1,2026-10-01T15:53:39,OK,,36.58,77.7,96.8,0.336,36.38,MODERATE
06863308-325c-45fa-93ac-b68417118d04,EMP0441,Worker_0441,RFID000441,Packaging,WS-03,AFTERNOON,1,2026-10-01T15:54:05,OK,,36.79,71.6,96.5,0.128,37.75,MODERATE
459bea9b-e12e-443a-b07f-ec972ed66d51,EMP0185,Worker_0185,RFID000185,Production,WS-08,AFTERNOON,1,2026-10-01T15:54:26,OK,,36.63,82.8,96.7,0.401,43.45,MODERATE
ebbadd0c-ee9a-4655-b915-8df4ae341f92,EMP0302,Worker_0302,RFID000302,Finishing,WS-04,AFTERNOON,1,2026-10-01T15:54:29,HAPPY,,36.68,78.7,99.4,0.171,6.96,LOW
38a2f98d-ea30-4ba8-bf97-2e1e813c85e9,EMP0049,Worker_0049,RFID000049,Quality,WS-07,AFTERNOON,1,2026-10-01T15:54:35,HAPPY,,36.66,68.3,98.3,0.292,7.1,LOW
6ab4e916-e04a-4a1c-8c84-a07e913d4618,EMP0052,Worker_0052,RFID000052,Cutting,WS-06,AFTERNOON,1,2026-10-01T15:55:08,SAD,,36.32,88.4,97.4,0.337,77.45,HIGH
abcce241-f3da-46c1-a64b-a897b086d683,EMP0786,Worker_0786,RFID000786,Quality,WS-08,AFTERNOON,1,2026-10-01T15:55:14,HAPPY,,36.32,74.4,98.6,0.218,9.93,LOW
bbb21d37-a17e-44e3-98a6-0198eecb9dcd,EMP0607,Worker_0607,RFID000607,Packaging,WS-06,AFTERNOON,1,2026-10-01T15:55:18,SAD,,36.72,88.2,97.1,0.371,79.3,HIGH
3ed501e1-70c7-424d-9a3a-564a312ba226,EMP0667,Worker_0667,RFID000667,Assembly,WS-02,AFTERNOON,1,2026-10-01T15:55:20,HAPPY,,36.41,75.9,97.9,0.24,13.51,LOW
9b3244b3-d7be-4994-a12a-c3d93ad0f0f4,EMP0095,Worker_0095,RFID000095,Quality,WS-05,AFTERNOON,1,2026-10-01T15:55:21,HAPPY,,36.2,71.5,97.1,0.373,12.51,LOW
af56a33b-87fd-4916-9dd4-bc6ee332f8d8,EMP0564,Worker_0564,RFID000564,Stores,WS-05,AFTERNOON,1,2026-10-01T15:55:29,OK,,36.33,69.6,97.8,0.133,39.25,MODERATE
938583d1-aad7-42d5-bfec-1a30c4db197a,EMP0210,Worker_0210,RFID000210,Finishing,WS-01,AFTERNOON,1,2026-10-01T15:55:36,HAPPY,,36.82,79.7,97.7,0.065,7.66,LOW
ae2961c9-bbe8-41f7-abc8-8561de185312,EMP0342,Worker_0342,RFID000342,Assembly,WS-02,AFTERNOON,1,2026-10-01T15:55:58,HAPPY,,36.55,77.6,97.6,0.313,12.83,LOW
35105fcd-ce3c-47f2-920e-ccae390b314e,EMP0393,Worker_0393,RFID000393,Assembly,WS-01,AFTERNOON,1,2026-10-01T15:56:17,HAPPY,,36.66,82.7,97.7,0.341,7.91,LOW
38406a97-2194-4375-b84f-fc87e8646ebb,EMP0220,Worker_0220,RFID000220,Stores,WS-08,AFTERNOON,1,2026-10-01T15:56:21,HAPPY,,36.75,68.4,97.5,0.339,14.68,LOW
d6883fa3-1000-4158-90d8-4b9c694e13b1,EMP0918,Worker_0918,RFID000918,Assembly,WS-06,AFTERNOON,1,2026-10-01T15:56:24,OK,,36.44,78.6,97.4,0.396,38.54,MODERATE
718f4fb6-1fbd-4215-8cc1-a5195f4197d9,EMP0848,Worker_0848,RFID000848,Finishing,WS-10,AFTERNOON,1,2026-10-01T15:56:26,HAPPY,,36.64,84.6,97.9,0.339,9.77,LOW
b59c1ae5-aa9e-4201-9f41-a9e8bce42c64,EMP0030,Worker_0030,RFID000030,Assembly,WS-01,AFTERNOON,1,2026-10-01T15:56:43,OK,,36.64,84.4,97.3,0.178,42.14,MODERATE
322e6016-d49f-4ad3-8939-aabf34e06415,EMP0343,Worker_0343,RFID000343,Cutting,WS-06,AFTERNOON,1,2026-10-01T15:56:45,OK,,36.55,87.8,97.1,0.22,44.25,MODERATE
768e1975-77cb-4f63-80e5-52e24c19a752,EMP0970,Worker_0970,RFID000970,Quality,WS-07,AFTERNOON,1,2026-10-01T15:57:08,OK,,36.44,87.1,97.6,0.204,37.87,MODERATE
9f74cf01-5d63-48d0-a75a-6fa5d536c2d7,EMP0395,Worker_0395,RFID000395,Production,WS-06,AFTERNOON,1,2026-10-01T15:57:16,HAPPY,,36.22,80.1,96.7,0.271,9.34,LOW
57148bb5-bdc8-465c-8af3-860640fea6f6,EMP0320,Worker_0320,RFID000320,Quality,WS-06,AFTERNOON,1,2026-10-01T15:57:18,SAD,,36.38,78.5,96.9,0.502,78.68,HIGH
93380a47-d6d0-4286-aff2-cba06c073455,EMP0619,Worker_0619,RFID000619,Quality,WS-10,AFTERNOON,1,2026-10-01T15:57:21,OK,,36.48,75.0,96.5,0.195,39.21,MODERATE
c62e7655-c292-4a08-be72-98a745d2e5e7,EMP0141,Worker_0141,RFID000141,Cutting,WS-09,AFTERNOON,1,2026-10-01T15:57:23,OK,,36.65,79.5,96.7,0.283,34.29,LOW
44c94fc4-0947-4525-a312-86bf09bbb6ac,EMP0100,Worker_0100,RFID000100,Maintenance,WS-10,AFTERNOON,1,2026-10-01T15:57:24,OK,,36.49,87.3,97.8,0.375,43.92,MODERATE
5e5b31fb-92fa-4065-8bcd-96f892ca759f,EMP0996,Worker_0996,RFID000996,Finishing,WS-04,AFTERNOON,1,2026-10-01T15:57:50,OK,,36.56,81.9,98.2,0.251,35.2,MODERATE
465a541e-ea7e-405d-a8f4-141f4f7d2cb6,EMP0017,Worker_0017,RFID000017,Maintenance,WS-09,AFTERNOON,1,2026-10-01T15:58:07,OK,,36.72,73.8,96.7,0.329,40.91,MODERATE
3a9177b9-1c64-4bbf-979a-3f864d672ce5,EMP0509,Worker_0509,RFID000509,Finishing,WS-08,AFTERNOON,1,2026-10-01T15:58:15,HAPPY,,36.54,67.4,96.8,0.137,13.91,LOW
d352c74e-97bd-434e-a8c2-d67f98840c60,EMP0999,Worker_0999,RFID000999,Stores,WS-10,AFTERNOON,1,2026-10-01T15:58:31,OK,,36.65,82.8,97.5,0.455,40.21,MODERATE
565b0a19-dba4-4927-b746-a17f89447174,EMP0885,Worker_0885,RFID000885,Assembly,WS-04,AFTERNOON,1,2026-10-01T15:59:12,OK,,36.32,69.2,97.0,0.483,42.29,MODERATE
000f4621-06ae-4c46-bb59-3ac98cc7a21d,EMP0585,Worker_0585,RFID000585,Assembly,WS-02,AFTERNOON,1,2026-10-01T15:59:15,HAPPY,,36.35,73.4,98.6,0.372,12.57,LOW
c806d2a2-a694-436b-a927-46648f781731,EMP0094,Worker_0094,RFID000094,Maintenance,WS-02,AFTERNOON,1,2026-10-01T15:59:31,HAPPY,,36.18,82.8,98.0,0.205,5.57,LOW
9356425d-5a80-42c5-bdc8-b587a4ec6971,EMP0710,Worker_0710,RFID000710,Finishing,WS-10,AFTERNOON,1,2026-10-01T15:59:42,OK,,36.55,81.1,98.1,0.265,41.8,MODERATE
a37067d3-b6da-49fa-8f19-2fe53a90e7ae,EMP0930,Worker_0930,RFID000930,Maintenance,WS-03,AFTERNOON,1,2026-10-01T15:59:44,OK,,36.71,73.3,97.5,0.14,35.45,MODERATE
26834b1c-09af-49ef-b7c1-d3f7a783819c,EMP0295,Worker_0295,RFID000295,Cutting,WS-09,AFTERNOON,1,2026-10-01T15:59:47,SAD,,36.98,81.2,98.9,0.661,79.12,HIGH
adf484c5-74ef-453e-be00-e26d59377c32,EMP0254,Worker_0254,RFID000254,Maintenance,WS-01,AFTERNOON,1,2026-10-01T15:59:53,SAD,,36.63,87.3,98.1,0.508,75.57,HIGH
eca49e97-773c-40ec-91c8-0f5f8848935e,EMP0678,Worker_0678,RFID000678,Assembly,WS-10,AFTERNOON,1,2026-10-01T16:00:11,OK,,36.09,79.0,98.5,0.282,40.08,MODERATE
b6968199-7bb0-49b3-9634-17672cf4dd2d,EMP0355,Worker_0355,RFID000355,Stores,WS-03,AFTERNOON,1,2026-10-01T16:00:16,OK,,36.43,81.5,97.3,0.267,35.75,MODERATE
145c7a80-5916-4314-b111-b7c997de58a8,EMP0186,Worker_0186,RFID000186,Production,WS-08,AFTERNOON,1,2026-10-01T16:00:23,OK,,36.75,74.6,98.7,0.347,33.33,LOW
9534ee76-fa01-4796-b585-559910789be2,EMP0985,Worker_0985,RFID000985,Production,WS-02,AFTERNOON,1,2026-10-01T16:00:52,HAPPY,,36.48,78.5,99.2,0.389,6.05,LOW
50cc54f0-084e-43ce-94ac-d533b872aacd,EMP0063,Worker_0063,RFID000063,Assembly,WS-08,AFTERNOON,1,2026-10-01T16:01:11,SAD,,36.7,81.9,97.3,0.485,80.1,HIGH
f4bd0567-7d7b-4309-aa72-6e991bb029a9,EMP0556,Worker_0556,RFID000556,Production,WS-09,AFTERNOON,1,2026-10-01T16:01:32,OK,,36.37,83.2,96.6,0.356,40.8,MODERATE
5f9660ce-e019-468e-9b31-bb2edc843f36,EMP0268,Worker_0268,RFID000268,Assembly,WS-10,AFTERNOON,1,2026-10-01T16:01:44,HAPPY,,36.7,74.0,98.8,0.147,8.37,LOW
f0513f60-7f06-4363-a09a-edd919468dd1,EMP0758,Worker_0758,RFID000758,Production,WS-02,AFTERNOON,1,2026-10-01T16:01:44,HAPPY,,36.44,73.6,97.9,0.167,13.31,LOW
7ef8f4c2-d896-4452-9e6a-de1c2c7b7624,EMP0791,Worker_0791,RFID000791,Finishing,WS-05,AFTERNOON,1,2026-10-01T16:02:14,HAPPY,,36.81,72.2,97.3,0.38,9.62,LOW
aeba5006-42de-4617-b4c5-5ff7a955b2d8,EMP0362,Worker_0362,RFID000362,Maintenance,WS-01,AFTERNOON,1,2026-10-01T16:02:49,OK,,36.48,80.5,98.4,0.252,36.69,MODERATE
ab3f32a6-e024-46c4-9eeb-fc96aee60333,EMP0819,Worker_0819,RFID000819,Packaging,WS-01,AFTERNOON,1,2026-10-01T16:03:07,OK,,36.45,72.5,97.3,0.217,35.23,MODERATE
c4f4bd32-4bf8-4d96-b56e-55f0b624bfc3,EMP0129,Worker_0129,RFID000129,Stores,WS-06,AFTERNOON,1,2026-10-01T16:03:22,HAPPY,,36.27,72.4,97.9,0.285,10.29,LOW
e1b1ea62-3258-4139-9873-7b9a9d2c9375,EMP0247,Worker_0247,RFID000247,Cutting,WS-06,AFTERNOON,1,2026-10-01T16:03:24,OK,,36.14,78.0,97.8,0.254,37.37,MODERATE
d07124bb-0594-4aa4-abea-a395f4e4ffd0,EMP0777,Worker_0777,RFID000777,Stores,WS-01,AFTERNOON,1,2026-10-01T16:03:43,HAPPY,,36.4,82.7,98.3,0.122,6.77,LOW
94df2633-4616-44ee-bb16-2d008a6d4664,EMP0505,Worker_0505,RFID000505,Maintenance,WS-02,AFTERNOON,1,2026-10-01T16:03:48,SAD,,36.52,85.9,97.6,0.468,76.27,HIGH
523a2218-59ed-45fa-ae3c-7712ec1cd475,EMP0532,Worker_0532,RFID000532,Maintenance,WS-04,AFTERNOON,1,2026-10-01T16:04:22,OK,,36.18,82.1,98.1,0.165,36.71,MODERATE
d17737e1-774e-446e-8c2c-de954714b144,EMP0026,Worker_0026,RFID000026,Finishing,WS-04,AFTERNOON,1,2026-10-01T16:04:30,HAPPY,,36.66,86.1,97.5,0.135,14.68,LOW
c098320e-870d-4ad2-baee-32d843a36fbf,EMP0083,Worker_0083,RFID000083,Maintenance,WS-10,AFTERNOON,1,2026-10-01T16:05:23,HAPPY,,36.54,81.8,98.9,0.158,13.54,LOW
28e738f4-6f87-4cae-aefc-4c5c154d0e06,EMP0487,Worker_0487,RFID000487,Quality,WS-08,AFTERNOON,1,2026-10-01T16:05:38,HAPPY,,36.53,79.4,96.9,0.289,14.83,LOW
293d4feb-5fe6-4201-abf6-7251ef636455,EMP0917,Worker_0917,RFID000917,Packaging,WS-04,AFTERNOON,1,2026-10-01T16:05:47,SAD,,36.58,91.0,97.2,0.492,85.05,HIGH
2ded0c56-1ee9-415a-b2aa-94390a18b74b,EMP0027,Worker_0027,RFID000027,Cutting,WS-07,AFTERNOON,1,2026-10-01T16:05:54,HAPPY,,36.58,74.2,99.1,0.394,5.01,LOW
de4d1836-7204-4356-8c7e-9e3377a256b1,EMP0590,Worker_0590,RFID000590,Production,WS-07,AFTERNOON,1,2026-10-01T16:06:27,OK,,36.61,86.2,98.3,0.241,46.84,MODERATE
58d6ca7d-bd0c-4094-a0a7-f349e92265e9,EMP0121,Worker_0121,RFID000121,Packaging,WS-04,AFTERNOON,1,2026-10-01T16:06:33,OK,,36.46,76.3,98.4,0.21,39.78,MODERATE
8c2e9a4b-d9d4-4309-b5a5-b58e3a48acc3,EMP0902,Worker_0902,RFID000902,Assembly,WS-02,AFTERNOON,1,2026-10-01T16:06:37,SAD,,36.56,78.9,98.1,0.547,79.25,HIGH
e47d6f33-8e62-42e9-8044-76d2e25f0395,EMP0891,Worker_0891,RFID000891,Production,WS-08,AFTERNOON,1,2026-10-01T16:06:41,OK,,36.41,78.0,97.5,0.267,35.47,MODERATE
4c0409d9-7bca-4012-b367-a02d029bb6ed,EMP0076,Worker_0076,RFID000076,Assembly,WS-07,AFTERNOON,1,2026-10-01T16:06:45,SAD,,36.56,90.8,96.2,0.499,85.94,HIGH
5da1c3c6-1b57-4d6b-b4f7-a8baf4eba893,EMP0794,Worker_0794,RFID000794,Cutting,WS-08,AFTERNOON,1,2026-10-01T16:06:49,HAPPY,,36.54,82.4,97.7,0.293,6.67,LOW
18bab30e-ad58-4c46-a476-779db50df40b,EMP0218,Worker_0218,RFID000218,Assembly,WS-07,AFTERNOON,1,2026-10-01T16:07:17,OK,,36.74,70.6,98.6,0.427,46.73,MODERATE
61bdbee6-7143-4185-9982-4639c2084ac0,EMP0330,Worker_0330,RFID000330,Cutting,WS-02,AFTERNOON,1,2026-10-01T16:07:50,HAPPY,,36.45,78.3,98.3,0.226,9.37,LOW
2a545e0c-9216-48af-88ca-d99aaa767609,EMP0972,Worker_0972,RFID000972,Assembly,WS-08,AFTERNOON,1,2026-10-01T16:07:56,OK,,36.62,85.0,97.0,0.415,37.3,MODERATE
dbd41d4d-3633-46cc-b6bf-98bfd4c62581,EMP0133,Worker_0133,RFID000133,Cutting,WS-05,AFTERNOON,1,2026-10-01T16:08:07,OK,,36.45,80.7,98.5,0.365,33.08,LOW
054cbd91-227f-4841-9802-fe6887a05cc3,EMP0526,Worker_0526,RFID000526,Cutting,WS-06,AFTERNOON,1,2026-10-01T16:08:10,HAPPY,,36.55,79.9,97.6,0.272,7.48,LOW
fbc65fc6-98f5-483d-a9d9-ab6da154c55b,EMP0906,Worker_0906,RFID000906,Finishing,WS-02,AFTERNOON,1,2026-10-01T16:08:20,OK,,36.75,71.0,96.8,0.357,40.93,MODERATE
842824ac-4efe-4e52-a84e-b50e24aed3b6,EMP0116,Worker_0116,RFID000116,Quality,WS-08,AFTERNOON,1,2026-10-01T16:08:36,HAPPY,,36.33,82.7,98.7,0.237,6.42,LOW
b35f17fb-39d8-474e-83d3-251aed2538e9,EMP0233,Worker_0233,RFID000233,Quality,WS-03,AFTERNOON,1,2026-10-01T16:09:01,HAPPY,,36.67,71.5,97.7,0.087,6.39,LOW
6835f887-bfa6-4844-b086-cd97a326ceda,EMP0717,Worker_0717,RFID000717,Packaging,WS-08,AFTERNOON,1,2026-10-01T16:09:10,HAPPY,,36.48,72.5,97.8,0.261,7.22,LOW
148ca082-48e7-4883-ab8f-769508c94c88,EMP0626,Worker_0626,RFID000626,Finishing,WS-08,AFTERNOON,1,2026-10-01T16:09:25,HAPPY,,36.55,81.6,97.8,0.291,11.07,LOW
1ece786d-06f7-4ed8-98d9-b961a49a4765,EMP0176,Worker_0176,RFID000176,Cutting,WS-05,AFTERNOON,1,2026-10-01T16:09:40,OK,,36.11,78.8,97.8,0.361,33.23,LOW
e3a0d573-7e46-4efe-bb64-d97af30d8bc8,EMP0669,Worker_0669,RFID000669,Finishing,WS-07,AFTERNOON,1,2026-10-01T16:09:47,HAPPY,,36.48,83.1,96.7,0.177,6.73,LOW
08ddba54-2607-48b3-94e5-fa1d3d8f0f6f,EMP0411,Worker_0411,RFID000411,Finishing,WS-08,AFTERNOON,1,2026-10-01T16:09:49,OK,,36.27,73.6,98.3,0.389,38.3,MODERATE
0a2ebee4-1094-45d6-bfda-11d70b5474ed,EMP0064,Worker_0064,RFID000064,Packaging,WS-03,AFTERNOON,1,2026-10-01T16:10:07,HAPPY,,36.12,80.7,98.7,0.306,6.59,LOW
410c2950-3495-4e92-a4f7-13a59b244360,EMP0131,Worker_0131,RFID000131,Packaging,WS-08,AFTERNOON,1,2026-10-01T16:10:08,OK,,36.59,83.0,97.9,0.303,34.6,LOW
2c6f096f-7a31-4765-825e-d4a34f55391c,EMP0950,Worker_0950,RFID000950,Maintenance,WS-03,AFTERNOON,1,2026-10-01T16:10:10,HAPPY,,36.71,82.5,98.9,0.208,13.04,LOW
29fcc66f-50e2-46c7-8bb6-e3c0e18f0e19,EMP0775,Worker_0775,RFID000775,Finishing,WS-09,AFTERNOON,1,2026-10-01T16:10:13,OK,,36.69,73.5,97.7,0.277,33.28,LOW
6d9ad794-1318-4a14-953b-d1d961c215fd,EMP0862,Worker_0862,RFID000862,Finishing,WS-06,AFTERNOON,1,2026-10-01T16:10:15,HAPPY,,36.84,65.0,98.5,0.141,12.97,LOW
9f51a5d3-a13c-41df-849f-9952a561c047,EMP0446,Worker_0446,RFID000446,Production,WS-06,AFTERNOON,1,2026-10-01T16:10:23,HAPPY,,36.22,66.6,98.8,0.348,9.49,LOW
dcedd491-907e-45e3-b167-c7314ccc4072,EMP0887,Worker_0887,RFID000887,Maintenance,WS-06,AFTERNOON,1,2026-10-01T16:10:52,OK,,36.61,72.8,98.9,0.34,40.9,MODERATE
e3ffc816-0d6d-4fdd-9d1c-7344dc2766c2,EMP0089,Worker_0089,RFID000089,Maintenance,WS-09,AFTERNOON,1,2026-10-01T16:10:53,OK,,36.7,70.7,97.8,0.384,34.09,LOW
3fd0a704-a1d5-4366-963e-862bfdbda69e,EMP0591,Worker_0591,RFID000591,Maintenance,WS-05,AFTERNOON,1,2026-10-01T16:10:53,OK,,36.51,85.9,97.6,0.274,44.33,MODERATE
04b9093f-d204-4f3f-a6a9-a4cfab16f6d6,EMP0099,Worker_0099,RFID000099,Cutting,WS-10,AFTERNOON,1,2026-10-01T16:10:57,HAPPY,,36.48,76.8,98.3,0.208,6.6,LOW
7547b8aa-a6a6-4c70-8327-fcc61bba0e83,EMP0338,Worker_0338,RFID000338,Production,WS-08,AFTERNOON,1,2026-10-01T16:10:59,HAPPY,,36.32,78.6,98.5,0.337,9.18,LOW
c2c74ae4-7e1d-4a8c-b654-65ab4659c3b8,EMP0482,Worker_0482,RFID000482,Stores,WS-05,AFTERNOON,1,2026-10-01T16:11:00,OK,,36.59,83.8,97.5,0.248,35.15,MODERATE
ae1bc1d6-2c26-41cb-8c82-c903709c5f9c,EMP0429,Worker_0429,RFID000429,Finishing,WS-09,AFTERNOON,1,2026-10-01T16:11:05,OK,,36.54,73.2,97.4,0.217,34.89,LOW
f23fd142-a0ec-42fb-8384-12f9b04d51bd,EMP0870,Worker_0870,RFID000870,Cutting,WS-08,AFTERNOON,1,2026-10-01T16:11:10,SAD,,36.71,78.6,98.9,0.36,76.58,HIGH
107c1bb0-d519-47b9-895c-10e70b2c244b,EMP0993,Worker_0993,RFID000993,Quality,WS-08,AFTERNOON,1,2026-10-01T16:11:10,HAPPY,,36.55,80.9,98.6,0.264,9.72,LOW
2b807f7c-66c1-4103-af6b-6f6dcae4bb5f,EMP0377,Worker_0377,RFID000377,Assembly,WS-01,AFTERNOON,1,2026-10-01T16:11:11,SAD,,36.53,87.4,97.7,0.409,81.25,HIGH
1e59c9f6-3b04-49b7-b981-d7f34001509f,EMP0165,Worker_0165,RFID000165,Packaging,WS-07,AFTERNOON,1,2026-10-01T16:12:17,HAPPY,,36.81,80.1,98.1,0.192,8.09,LOW
ec8cc919-902e-4b66-b8dc-3610a761ac89,EMP0513,Worker_0513,RFID000513,Assembly,WS-08,AFTERNOON,1,2026-10-01T16:12:17,OK,,36.49,81.4,96.9,0.362,33.55,LOW
8d0ed9c1-2483-4fba-85ac-354c228bdda5,EMP0484,Worker_0484,RFID000484,Production,WS-03,AFTERNOON,1,2026-10-01T16:12:51,OK,,36.32,77.8,97.2,0.328,38.59,MODERATE
928aac7f-dce9-4394-a40f-7d0dac10c774,EMP0838,Worker_0838,RFID000838,Packaging,WS-10,AFTERNOON,1,2026-10-01T16:13:04,HAPPY,,36.74,85.0,99.1,0.227,14.59,LOW
aa44beba-6ac7-494e-a3e2-cffc4e6c8b52,EMP0605,Worker_0605,RFID000605,Cutting,WS-10,AFTERNOON,1,2026-10-01T16:13:06,OK,,36.44,78.4,97.0,0.469,44.58,MODERATE
447edab9-d829-488b-968e-e57eb68c6f50,EMP0299,Worker_0299,RFID000299,Finishing,WS-06,AFTERNOON,1,2026-10-01T16:13:10,HAPPY,,36.67,66.7,98.2,0.242,6.37,LOW
c1974b1b-73bf-4950-8047-f7b8264214b3,EMP0562,Worker_0562,RFID000562,Stores,WS-06,AFTERNOON,1,2026-10-01T16:13:10,OK,,36.48,89.2,98.2,0.313,44.71,MODERATE
670ef9da-2f97-4bb2-8e87-ec47937bfdcc,EMP0336,Worker_0336,RFID000336,Maintenance,WS-08,AFTERNOON,1,2026-10-01T16:13:13,OK,,36.7,81.4,97.7,0.257,38.99,MODERATE
870afffd-476d-4636-bead-557bc3dc78fa,EMP0015,Worker_0015,RFID000015,Finishing,WS-09,AFTERNOON,1,2026-10-01T16:13:28,HAPPY,,36.47,66.8,99.9,0.317,14.48,LOW
dc990b79-a2a6-4da9-b0a2-bcdef0c65a5d,EMP0516,Worker_0516,RFID000516,Production,WS-09,AFTERNOON,1,2026-10-01T16:13:34,SAD,,36.93,81.6,98.0,0.715,80.6,HIGH
03998dc4-ed52-4a43-a78f-9bc9a704f38e,EMP0496,Worker_0496,RFID000496,Cutting,WS-08,AFTERNOON,1,2026-10-01T16:13:39,HAPPY,,36.59,67.5,97.8,0.199,8.88,LOW
b7afc863-5598-4a11-b4bf-5b22f0343f0a,EMP0242,Worker_0242,RFID000242,Finishing,WS-02,AFTERNOON,1,2026-10-01T16:14:03,HAPPY,,36.36,69.3,97.9,0.168,5.75,LOW
9433a834-f136-4166-b0be-9550a34d1d21,EMP0919,Worker_0919,RFID000919,Cutting,WS-05,AFTERNOON,1,2026-10-01T16:14:36,SAD,,36.75,87.6,96.0,0.376,73.87,HIGH
a19e1b03-fb4f-41f0-be67-47f31c1788c6,EMP0530,Worker_0530,RFID000530,Maintenance,WS-07,AFTERNOON,1,2026-10-01T16:15:09,HAPPY,,36.43,82.0,97.1,0.159,14.48,LOW
af64c93d-e915-429a-a55a-7dee8abb59f2,EMP0170,Worker_0170,RFID000170,Assembly,WS-05,AFTERNOON,1,2026-10-01T16:15:13,OK,,36.52,86.8,97.5,0.418,48.97,MODERATE
87877bea-3580-4c1b-93bf-8af5ed25298b,EMP0050,Worker_0050,RFID000050,Packaging,WS-05,AFTERNOON,1,2026-10-01T16:15:23,OK,,36.72,77.9,98.4,0.322,40.95,MODERATE
b557dded-de88-4d28-887a-88451788e141,EMP0876,Worker_0876,RFID000876,Finishing,WS-02,AFTERNOON,1,2026-10-01T16:15:29,SAD,,36.78,92.0,97.0,0.527,85.63,HIGH
c7a1ee2f-f05f-4e7b-b273-eb9e81c7a22c,EMP0962,Worker_0962,RFID000962,Assembly,WS-06,AFTERNOON,1,2026-10-01T16:15:37,HAPPY,,36.47,79.6,98.0,0.219,14.55,LOW
2d9d5e31-0556-46b6-8e28-bf1246bad987,EMP0785,Worker_0785,RFID000785,Maintenance,WS-05,AFTERNOON,1,2026-10-01T16:16:02,SAD,,36.35,101.3,96.6,0.525,89.07,HIGH
cb893d23-8645-4bd1-b634-6258cf789431,EMP0809,Worker_0809,RFID000809,Stores,WS-02,AFTERNOON,1,2026-10-01T16:16:14,HAPPY,,36.51,86.6,98.2,0.248,9.58,LOW
b22d2511-06fe-4785-bd79-4aa8b15e4a19,EMP0991,Worker_0991,RFID000991,Packaging,WS-01,AFTERNOON,1,2026-10-01T16:16:30,HAPPY,,36.61,63.3,98.5,0.199,12.98,LOW
7a628375-0a4f-4aa2-824e-18b59e4e1138,EMP0724,Worker_0724,RFID000724,Packaging,WS-09,AFTERNOON,1,2026-10-01T16:16:34,HAPPY,,36.53,70.9,98.7,0.23,10.67,LOW
6b446d12-fa14-4a8f-b98e-8510446c2e61,EMP0537,Worker_0537,RFID000537,Quality,WS-02,AFTERNOON,1,2026-10-01T16:16:36,SAD,,36.32,83.8,97.0,0.475,79.06,HIGH
59b53faf-b0ae-49c2-976b-184e19536e61,EMP0324,Worker_0324,RFID000324,Cutting,WS-06,AFTERNOON,1,2026-10-01T16:16:47,OK,,36.48,72.0,98.4,0.343,42.81,MODERATE
2246826a-1b85-4e7d-8ee7-6f723e0c9191,EMP0234,Worker_0234,RFID000234,Quality,WS-03,AFTERNOON,1,2026-10-01T16:17:00,OK,,36.69,78.2,97.5,0.38,40.19,MODERATE
1be810d1-6d56-4d0e-b0d5-ddd441c977c7,EMP0177,Worker_0177,RFID000177,Stores,WS-02,AFTERNOON,1,2026-10-01T16:17:16,HAPPY,,36.16,73.9,98.0,0.176,13.31,LOW
e20113e9-d8e3-4bcd-99b6-d4d711cb5f57,EMP0664,Worker_0664,RFID000664,Assembly,WS-01,AFTERNOON,1,2026-10-01T16:17:19,HAPPY,,36.4,82.3,98.4,0.354,8.64,LOW
9da2ad60-3a18-48fa-b1da-556a4320a843,EMP0207,Worker_0207,RFID000207,Finishing,WS-10,AFTERNOON,1,2026-10-01T16:17:20,OK,,36.62,77.5,97.4,0.34,39.95,MODERATE
295095c1-f47d-47df-b4f2-8060050d2505,EMP0752,Worker_0752,RFID000752,Quality,WS-01,AFTERNOON,1,2026-10-01T16:17:26,OK,,36.59,81.5,96.9,0.167,33.04,LOW
1ea872e3-4344-4482-8a4e-39b39a45f127,EMP0112,Worker_0112,RFID000112,Production,WS-09,AFTERNOON,1,2026-10-01T16:17:44,OK,,36.26,74.6,98.6,0.393,40.95,MODERATE
73d30c25-120b-40af-8c53-db4618387879,EMP0202,Worker_0202,RFID000202,Cutting,WS-01,AFTERNOON,1,2026-10-01T16:18:08,OK,,36.55,81.7,97.9,0.102,35.75,MODERATE
7546ea76-630d-44b7-afb6-31e7c49ac195,EMP0677,Worker_0677,RFID000677,Cutting,WS-10,AFTERNOON,1,2026-10-01T16:18:15,OK,,36.58,80.1,98.7,0.46,45.25,MODERATE
0e555378-0176-49e5-b206-6270f4ad7e84,EMP0134,Worker_0134,RFID000134,Cutting,WS-10,AFTERNOON,1,2026-10-01T16:18:18,SAD,,36.33,82.6,97.9,0.373,75.21,HIGH
be260f90-df82-4c3e-aef7-8760aaf192c3,EMP0389,Worker_0389,RFID000389,Cutting,WS-07,AFTERNOON,1,2026-10-01T16:18:24,SAD,,36.69,88.2,97.8,0.326,80.23,HIGH
de0a861f-7768-4e42-a3d5-cdef10f95cf5,EMP0098,Worker_0098,RFID000098,Production,WS-03,AFTERNOON,1,2026-10-01T16:18:38,HAPPY,,36.61,73.2,97.6,0.454,14.49,LOW
87527b3c-c828-432f-beeb-d7dae8af0da5,EMP0739,Worker_0739,RFID000739,Stores,WS-09,AFTERNOON,1,2026-10-01T16:18:49,SAD,,36.49,94.3,98.4,0.663,86.06,HIGH
f5c5d48b-3a2b-4e64-8b74-bb3f06be30cf,EMP0529,Worker_0529,RFID000529,Stores,WS-02,AFTERNOON,1,2026-10-01T16:19:23,OK,,36.57,81.4,98.2,0.439,44.94,MODERATE
92e21c1b-9631-4094-8456-6d840eb0114f,EMP0438,Worker_0438,RFID000438,Assembly,WS-06,AFTERNOON,1,2026-10-01T16:19:57,OK,,36.39,80.8,97.1,0.171,37.43,MODERATE
94e3f13c-9baf-462b-83f8-62a068be23cd,EMP0104,Worker_0104,RFID000104,Packaging,WS-07,AFTERNOON,1,2026-10-01T16:20:09,HAPPY,,36.2,67.0,97.3,0.143,8.2,LOW
0fc683fd-5d88-4f4b-9f68-fa739941bce4,EMP0787,Worker_0787,RFID000787,Production,WS-06,AFTERNOON,1,2026-10-01T16:20:16,HAPPY,,36.68,78.4,97.8,0.274,7.19,LOW
fbf5e642-6159-4bda-9f56-89e57acc4dbf,EMP0563,Worker_0563,RFID000563,Cutting,WS-05,AFTERNOON,1,2026-10-01T16:20:41,SAD,,36.32,85.4,97.1,0.653,80.07,HIGH
cf0044cb-4777-4f38-ad1f-208e6b39f476,EMP0237,Worker_0237,RFID000237,Stores,WS-10,AFTERNOON,1,2026-10-01T16:20:48,OK,,36.74,74.6,98.2,0.367,33.62,LOW
8be5eef2-f98d-40f6-9aae-53773d1f1e91,EMP0874,Worker_0874,RFID000874,Cutting,WS-05,AFTERNOON,1,2026-10-01T16:20:50,OK,,36.19,78.8,98.4,0.343,36.69,MODERATE
e55fb906-f0b1-490a-90c1-0deac4c36574,EMP0447,Worker_0447,RFID000447,Assembly,WS-01,AFTERNOON,1,2026-10-01T16:21:02,SAD,,36.68,89.6,98.5,0.441,78.03,HIGH
f960024e-b4f3-475d-ba78-289b5eba0ad3,EMP0840,Worker_0840,RFID000840,Finishing,WS-08,AFTERNOON,1,2026-10-01T16:21:19,SAD,,36.8,86.2,96.3,0.594,88.42,HIGH
bfc193e0-8c98-430a-a52e-8ed5896a5fa3,EMP0613,Worker_0613,RFID000613,Stores,WS-08,AFTERNOON,1,2026-10-01T16:21:30,HAPPY,,36.67,88.3,99.1,0.163,12.92,LOW
1400cdc8-a25a-4873-8edc-18c0d71ee1ba,EMP0357,Worker_0357,RFID000357,Stores,WS-01,AFTERNOON,1,2026-10-01T16:21:40,SAD,,36.51,81.5,96.5,0.442,80.28,HIGH
3996dddd-fa51-46f2-a615-046f8b8cd6dc,EMP0790,Worker_0790,RFID000790,Maintenance,WS-08,AFTERNOON,1,2026-10-01T16:21:48,OK,,36.74,86.0,97.9,0.204,40.12,MODERATE
570441db-b76d-47b8-bfe3-d87c02ca83ae,EMP0346,Worker_0346,RFID000346,Quality,WS-06,AFTERNOON,1,2026-10-01T16:21:50,HAPPY,,36.4,76.7,97.0,0.183,8.07,LOW
2a3e528e-7f94-42f0-87f0-1c389e8954e7,EMP0226,Worker_0226,RFID000226,Maintenance,WS-08,AFTERNOON,1,2026-10-01T16:22:27,SAD,,36.87,83.8,98.7,0.453,76.8,HIGH
e6001d71-2d19-4378-8663-9d57cac52c5d,EMP0107,Worker_0107,RFID000107,Production,WS-07,AFTERNOON,1,2026-10-01T16:22:48,HAPPY,,36.5,78.8,97.0,0.275,13.66,LOW
c87d29af-0332-4db6-872b-e545f08a8c8d,EMP0836,Worker_0836,RFID000836,Packaging,WS-02,AFTERNOON,1,2026-10-01T16:22:51,OK,,36.51,73.9,98.1,0.179,33.96,LOW
2e37ea68-0633-4488-898b-8b7e0f88218e,EMP0148,Worker_0148,RFID000148,Stores,WS-01,AFTERNOON,1,2026-10-01T16:23:09,HAPPY,,36.25,66.6,97.1,0.362,6.63,LOW
64bf2d9a-e006-44ab-b02c-023353b26b23,EMP0426,Worker_0426,RFID000426,Production,WS-04,AFTERNOON,1,2026-10-01T16:24:17,OK,,36.83,87.4,98.2,0.404,41.71,MODERATE
c6a79351-fb83-4f3e-95e7-c301cb1c1f4c,EMP0288,Worker_0288,RFID000288,Production,WS-01,AFTERNOON,1,2026-10-01T16:24:18,HAPPY,,36.42,79.2,99.4,0.202,14.51,LOW
66a3dafe-60f5-4b96-ab2b-9e1bebfa36d4,EMP0668,Worker_0668,RFID000668,Quality,WS-09,AFTERNOON,1,2026-10-01T16:24:37,OK,,36.63,74.5,97.5,0.318,35.93,MODERATE
c0dbc55f-972f-4ea4-b199-ca0f61c513ec,EMP0673,Worker_0673,RFID000673,Cutting,WS-01,AFTERNOON,1,2026-10-01T16:24:57,OK,,36.74,83.6,98.4,0.398,35.15,MODERATE
47f76787-5f98-4724-820d-300e38db5466,EMP0533,Worker_0533,RFID000533,Packaging,WS-09,AFTERNOON,1,2026-10-01T16:25:21,OK,,36.57,80.5,97.8,0.315,33.36,LOW
38be5367-89be-46a4-8fef-b782366ab4d5,EMP0282,Worker_0282,RFID000282,Assembly,WS-09,AFTERNOON,1,2026-10-01T16:25:51,HAPPY,,36.12,77.7,96.9,0.271,6.67,LOW
1040ded1-92cf-42e8-9a1c-34bb6c7ef93e,EMP0722,Worker_0722,RFID000722,Maintenance,WS-01,AFTERNOON,1,2026-10-01T16:25:54,OK,,36.86,79.8,97.5,0.207,39.3,MODERATE
4dc08f6c-69eb-4c13-b1cd-71102177076f,EMP0593,Worker_0593,RFID000593,Maintenance,WS-10,AFTERNOON,1,2026-10-01T16:25:58,SAD,,36.64,89.8,99.1,0.514,80.44,HIGH
e9923a16-76b0-4e51-a460-560a5dab5a1c,EMP0975,Worker_0975,RFID000975,Cutting,WS-02,AFTERNOON,1,2026-10-01T16:26:14,HAPPY,,36.21,78.9,98.9,0.3,7.05,LOW
303e1ae1-0879-4fc1-978d-20639a427044,EMP0548,Worker_0548,RFID000548,Packaging,WS-09,AFTERNOON,1,2026-10-01T16:27:26,OK,,36.86,88.7,98.9,0.314,38.91,MODERATE
4d5d4e3b-76d5-4435-b5fd-9bf6a690f630,EMP0617,Worker_0617,RFID000617,Maintenance,WS-03,AFTERNOON,1,2026-10-01T16:27:27,OK,,36.19,84.0,98.5,0.348,33.55,LOW
5130c04b-f3d2-45e1-85e4-b8d44ededa72,EMP0968,Worker_0968,RFID000968,Quality,WS-02,AFTERNOON,1,2026-10-01T16:27:28,HAPPY,,36.14,71.7,97.7,0.363,10.07,LOW
325062cc-c03b-403e-9770-469c1878596e,EMP0197,Worker_0197,RFID000197,Finishing,WS-04,AFTERNOON,1,2026-10-01T16:27:38,SAD,,36.66,86.7,98.4,0.471,75.34,HIGH
43c3bb45-7f94-404e-9583-e28091039967,EMP0300,Worker_0300,RFID000300,Production,WS-02,AFTERNOON,1,2026-10-01T16:27:42,HAPPY,,36.53,70.8,99.0,0.223,5.78,LOW
cb47deeb-01f1-4782-9641-a08964496280,EMP0974,Worker_0974,RFID000974,Quality,WS-04,AFTERNOON,1,2026-10-01T16:27:48,SAD,,36.93,96.2,97.2,0.656,92.94,HIGH
e04f6a60-90fa-4576-a7cf-e2287f379cf9,EMP0844,Worker_0844,RFID000844,Assembly,WS-07,AFTERNOON,1,2026-10-01T16:28:05,HAPPY,,36.42,83.5,96.5,0.215,6.79,LOW
1ac91091-f03b-437b-a8c4-6e0a16157e85,EMP0518,Worker_0518,RFID000518,Finishing,WS-06,AFTERNOON,1,2026-10-01T16:28:09,HAPPY,,36.17,81.7,98.6,0.138,8.22,LOW
c9aac609-fc29-4fa9-9c94-03c30edfe7fa,EMP0069,Worker_0069,RFID000069,Finishing,WS-04,AFTERNOON,1,2026-10-01T16:28:10,HAPPY,,36.24,67.5,98.1,0.18,5.11,LOW
551f520f-2d4b-4fc9-950e-d9d553be0487,EMP0650,Worker_0650,RFID000650,Assembly,WS-05,AFTERNOON,1,2026-10-01T16:28:24,OK,,36.4,81.6,97.1,0.218,39.64,MODERATE
22f6e189-4517-47d4-a22a-2fabad094ae1,EMP0661,Worker_0661,RFID000661,Maintenance,WS-06,AFTERNOON,1,2026-10-01T16:28:54,HAPPY,,36.38,75.1,97.6,0.235,12.76,LOW
1e6c086b-eec8-4dba-a02b-a6ee7ec3743d,EMP0326,Worker_0326,RFID000326,Packaging,WS-02,AFTERNOON,1,2026-10-01T16:29:23,OK,,36.33,73.6,98.3,0.405,41.47,MODERATE
c0684ca4-4acd-473b-9d4a-2c1ec6a0a336,EMP0750,Worker_0750,RFID000750,Production,WS-10,AFTERNOON,1,2026-10-01T16:29:27,HAPPY,,36.24,77.1,98.4,0.25,10.48,LOW
8352d9f3-90b5-4304-b4fd-79c2345040be,EMP0820,Worker_0820,RFID000820,Stores,WS-09,AFTERNOON,1,2026-10-01T16:29:28,OK,,36.4,74.9,98.1,0.116,39.29,MODERATE
92b76cac-73c1-48e6-86f0-8327a45d98de,EMP0066,Worker_0066,RFID000066,Assembly,WS-08,AFTERNOON,1,2026-10-01T16:29:36,HAPPY,,36.45,70.8,98.8,0.183,9.15,LOW
2bf73845-f573-46ed-ae7c-916a0980d43d,EMP0829,Worker_0829,RFID000829,Quality,WS-03,AFTERNOON,1,2026-10-01T16:30:12,OK,,36.45,80.0,97.7,0.447,42.08,MODERATE
212f171d-1bb5-4d4f-8f3a-837d52a590de,EMP0246,Worker_0246,RFID000246,Finishing,WS-05,AFTERNOON,1,2026-10-01T16:30:19,SAD,,37.08,85.9,97.2,0.494,78.18,HIGH
b3a3a911-bbf6-4008-9b57-24503923e6a6,EMP0743,Worker_0743,RFID000743,Maintenance,WS-04,AFTERNOON,1,2026-10-01T16:30:32,OK,,36.24,88.6,97.4,0.197,45.26,MODERATE
20845bd5-57f4-4239-9276-d473bc2d419f,EMP0479,Worker_0479,RFID000479,Stores,WS-09,AFTERNOON,1,2026-10-01T16:30:35,OK,,36.41,77.9,97.9,0.281,35.74,MODERATE
8ea366dd-6e9a-4a50-83c0-101bbd9f14b7,EMP0122,Worker_0122,RFID000122,Cutting,WS-07,AFTERNOON,1,2026-10-01T16:30:37,HAPPY,,36.58,82.8,98.2,0.05,12.08,LOW
4fa4c507-1d84-47d9-8d5a-e3e9e97a3bc8,EMP0168,Worker_0168,RFID000168,Production,WS-02,AFTERNOON,1,2026-10-01T16:30:37,HAPPY,,36.32,79.0,98.2,0.215,6.41,LOW
25498034-a1df-4f60-bf8f-4c0decc45e45,EMP0253,Worker_0253,RFID000253,Finishing,WS-10,AFTERNOON,1,2026-10-01T16:31:01,OK,,36.71,74.6,97.2,0.312,33.26,LOW
27b3a8d6-cc54-48a4-8807-0844590b234e,EMP0201,Worker_0201,RFID000201,Quality,WS-07,AFTERNOON,1,2026-10-01T16:31:02,OK,,36.72,67.3,97.9,0.336,42.88,MODERATE
1128af85-9c5a-4a9f-b836-11053053044a,EMP0498,Worker_0498,RFID000498,Cutting,WS-02,AFTERNOON,1,2026-10-01T16:31:15,OK,,36.73,82.8,96.8,0.357,35.29,MODERATE
bb74904b-9983-4e7e-b90b-433403559ce4,EMP0873,Worker_0873,RFID000873,Maintenance,WS-07,AFTERNOON,1,2026-10-01T16:31:16,OK,,36.51,70.8,98.3,0.406,46.21,MODERATE
094a8655-9398-46e0-92ed-5e50e5e97cfd,EMP0729,Worker_0729,RFID000729,Maintenance,WS-06,AFTERNOON,1,2026-10-01T16:31:26,OK,,36.52,75.0,98.1,0.346,41.92,MODERATE
971871f5-7e97-410e-bf3f-03f3f2c82c2f,EMP0651,Worker_0651,RFID000651,Assembly,WS-04,AFTERNOON,1,2026-10-01T16:31:39,HAPPY,,36.35,74.7,97.7,0.204,10.77,LOW
6790018b-743a-44b7-baf7-b618cb349642,EMP0012,Worker_0012,RFID000012,Cutting,WS-08,AFTERNOON,1,2026-10-01T16:32:07,SAD,,36.43,81.7,98.2,0.397,70.39,HIGH
d85fec43-9fa7-4f2d-bff8-c20d9830fb67,EMP0560,Worker_0560,RFID000560,Finishing,WS-06,AFTERNOON,1,2026-10-01T16:32:07,HAPPY,,36.47,75.7,97.4,0.157,14.14,LOW
56d3200c-6ed5-4ecd-9886-f2b9b3c8a79b,EMP0789,Worker_0789,RFID000789,Stores,WS-01,AFTERNOON,1,2026-10-01T16:32:16,HAPPY,,36.69,84.2,97.1,0.203,14.58,LOW
17a859e5-63f1-415c-ab5c-0b1a483942d2,EMP0241,Worker_0241,RFID000241,Stores,WS-06,AFTERNOON,1,2026-10-01T16:32:22,OK,,36.3,92.2,98.0,0.353,42.01,MODERATE
10a2cd1f-d961-4353-b2b1-89518c0e83e1,EMP0292,Worker_0292,RFID000292,Packaging,WS-09,AFTERNOON,1,2026-10-01T16:32:35,SAD,,36.75,77.6,96.5,0.524,75.38,HIGH
8829175d-02a1-4219-bf29-63a19859ddad,EMP0519,Worker_0519,RFID000519,Maintenance,WS-09,AFTERNOON,1,2026-10-01T16:32:39,HAPPY,,36.5,72.8,97.2,0.133,8.53,LOW
cdfaa397-9ae2-4b4f-907b-62bd73175fa3,EMP0044,Worker_0044,RFID000044,Maintenance,WS-01,AFTERNOON,1,2026-10-01T16:32:41,OK,,36.81,72.6,98.5,0.216,39.78,MODERATE
e2d1e8c4-64c2-4c5a-afa2-0e4f6e0c431b,EMP0022,Worker_0022,RFID000022,Packaging,WS-09,AFTERNOON,1,2026-10-01T16:32:57,OK,,36.61,86.1,97.9,0.256,42.34,MODERATE
2d21495e-8a39-4f0c-a922-181a1190cd16,EMP0883,Worker_0883,RFID000883,Maintenance,WS-05,AFTERNOON,1,2026-10-01T16:32:58,SAD,,36.79,96.0,96.3,0.477,85.13,HIGH
fe459ebb-3f27-4652-857f-6d7f91e0cb24,EMP0924,Worker_0924,RFID000924,Packaging,WS-06,AFTERNOON,1,2026-10-01T16:33:06,OK,,36.56,85.7,97.9,0.404,50.86,MODERATE
a8be27fc-274d-473f-a821-0acac00a4e65,EMP0490,Worker_0490,RFID000490,Stores,WS-05,AFTERNOON,1,2026-10-01T16:33:42,OK,,36.4,69.8,98.2,0.198,34.88,LOW
6ed6f31b-cf8a-4d2e-bfc1-b2192a342562,EMP0014,Worker_0014,RFID000014,Production,WS-02,AFTERNOON,1,2026-10-01T16:33:47,HAPPY,,36.19,68.6,98.4,0.261,13.89,LOW
39ba3d56-1996-45be-ad26-417362b3487d,EMP0718,Worker_0718,RFID000718,Assembly,WS-02,AFTERNOON,1,2026-10-01T16:34:44,OK,,36.45,80.9,97.1,0.307,37.25,MODERATE
5e1448e1-eb3a-44cc-918b-d438bf880f78,EMP0957,Worker_0957,RFID000957,Finishing,WS-04,AFTERNOON,1,2026-10-01T16:35:27,OK,,36.65,77.4,97.3,0.153,35.59,MODERATE
00462597-038e-4fd0-adc4-e71f180f90be,EMP0319,Worker_0319,RFID000319,Maintenance,WS-01,AFTERNOON,1,2026-10-01T16:35:43,HAPPY,,36.53,84.2,97.1,0.327,9.0,LOW
5184d28b-1214-4c67-bcf8-a06ae9c15763,EMP0587,Worker_0587,RFID000587,Finishing,WS-07,AFTERNOON,1,2026-10-01T16:35:44,OK,,36.69,81.4,98.7,0.426,45.27,MODERATE
8067aa8b-4b07-40f3-b387-f7af884dd3e8,EMP0163,Worker_0163,RFID000163,Cutting,WS-01,AFTERNOON,1,2026-10-01T16:35:45,SAD,,36.77,98.6,97.1,0.486,81.12,HIGH
d7c3163d-f43e-4956-a5c9-c7da20470fbb,EMP0525,Worker_0525,RFID000525,Stores,WS-09,AFTERNOON,1,2026-10-01T16:35:48,HAPPY,,36.43,82.4,98.4,0.284,13.95,LOW
a11718fa-2e1a-464d-ab66-95a971dc68fc,EMP0986,Worker_0986,RFID000986,Cutting,WS-05,AFTERNOON,1,2026-10-01T16:35:52,OK,,36.62,82.2,98.7,0.315,35.41,MODERATE
88cd8aec-3146-4db9-bb6c-0d22d2103484,EMP0905,Worker_0905,RFID000905,Cutting,WS-06,AFTERNOON,1,2026-10-01T16:35:57,OK,,36.54,77.9,97.9,0.23,37.36,MODERATE
623a9e62-f4e0-44f0-bb5d-78577c3407be,EMP0896,Worker_0896,RFID000896,Finishing,WS-06,AFTERNOON,1,2026-10-01T16:36:39,HAPPY,,36.33,71.4,98.3,0.08,7.84,LOW
6a579bf7-509e-4a10-a1d9-fb15948a3afa,EMP0444,Worker_0444,RFID000444,Quality,WS-10,AFTERNOON,1,2026-10-01T16:37:36,OK,,36.4,95.2,97.5,0.257,44.0,MODERATE
06a273b2-6010-4c4c-8767-00df47d42ce0,EMP0143,Worker_0143,RFID000143,Stores,WS-10,AFTERNOON,1,2026-10-01T16:38:17,HAPPY,,36.22,67.4,99.0,0.272,13.52,LOW
23e65208-bb11-4e19-9a5d-102605be678a,EMP0046,Worker_0046,RFID000046,Stores,WS-10,AFTERNOON,1,2026-10-01T16:38:44,OK,,36.56,78.5,97.0,0.278,33.04,LOW
a2ae671e-c501-40a4-9c5d-de7ef2e5135e,EMP0384,Worker_0384,RFID000384,Production,WS-05,AFTERNOON,1,2026-10-01T16:39:16,HAPPY,,36.55,70.8,97.6,0.222,10.49,LOW
e6fef08b-73bb-43c8-bbd2-b421523f1703,EMP0351,Worker_0351,RFID000351,Maintenance,WS-02,AFTERNOON,1,2026-10-01T16:40:06,OK,,36.85,83.1,97.5,0.337,35.45,MODERATE
113e22bc-11bb-459c-953a-238e74fe6631,EMP0634,Worker_0634,RFID000634,Stores,WS-06,AFTERNOON,1,2026-10-01T16:40:09,HAPPY,,36.38,79.2,99.7,0.423,17.85,LOW
fecfd4b1-d096-4976-b2cb-c83099f03750,EMP0406,Worker_0406,RFID000406,Packaging,WS-07,AFTERNOON,1,2026-10-01T16:40:36,SAD,,36.53,90.3,99.6,0.625,87.2,HIGH
cdf23143-4426-4028-89f2-d6dceab8241a,EMP0181,Worker_0181,RFID000181,Finishing,WS-08,AFTERNOON,1,2026-10-01T16:40:37,HAPPY,,36.66,80.0,98.8,0.328,10.77,LOW
f42c1ddd-5dae-460b-8ac4-be6a4ebe4d8e,EMP0451,Worker_0451,RFID000451,Packaging,WS-09,AFTERNOON,1,2026-10-01T16:40:55,OK,,36.39,74.6,98.2,0.373,37.33,MODERATE
ebea9978-5362-4f66-a4a7-c854606ce2b1,EMP0267,Worker_0267,RFID000267,Cutting,WS-08,AFTERNOON,1,2026-10-01T16:40:56,SAD,,36.32,85.5,98.2,0.325,71.34,HIGH
21553b07-4a67-4801-9cda-261ff393db27,EMP0209,Worker_0209,RFID000209,Stores,WS-02,AFTERNOON,1,2026-10-01T16:41:09,HAPPY,,36.53,78.6,98.6,0.243,9.23,LOW
a513e030-0b37-42c3-a7f4-6f6af8e31c4c,EMP0147,Worker_0147,RFID000147,Stores,WS-04,AFTERNOON,1,2026-10-01T16:41:16,OK,,36.8,73.8,98.4,0.161,35.32,MODERATE
aeb62862-3a74-4101-88e0-ab697c9582b0,EMP0839,Worker_0839,RFID000839,Finishing,WS-09,AFTERNOON,1,2026-10-01T16:41:34,OK,,36.47,76.6,98.0,0.451,43.3,MODERATE
28fb4c7e-02e1-4d43-bf5a-112273cba1cc,EMP0941,Worker_0941,RFID000941,Production,WS-04,AFTERNOON,1,2026-10-01T16:41:47,OK,,36.44,79.2,98.1,0.344,33.12,LOW
77896468-9f89-47cc-88ce-e8c8a67ebd70,EMP0506,Worker_0506,RFID000506,Cutting,WS-08,AFTERNOON,1,2026-10-01T16:41:55,HAPPY,,36.54,81.5,99.4,0.213,6.46,LOW
03cd102f-38d7-4997-9e34-9eeb8eb063b2,EMP0172,Worker_0172,RFID000172,Production,WS-04,AFTERNOON,1,2026-10-01T16:41:59,HAPPY,,36.34,77.9,97.4,0.255,13.45,LOW
7313c76f-0ad2-4e1b-b22c-809803d5c216,EMP0977,Worker_0977,RFID000977,Maintenance,WS-08,AFTERNOON,1,2026-10-01T16:42:11,SAD,,36.99,89.7,98.0,0.658,81.3,HIGH
821e0eda-eb76-497b-8fa4-a544931f6ff2,EMP0629,Worker_0629,RFID000629,Finishing,WS-06,AFTERNOON,1,2026-10-01T16:42:17,OK,,36.62,84.4,98.1,0.233,41.31,MODERATE
7d41e973-f2cc-4b7b-b9dc-7381eaaecf73,EMP0550,Worker_0550,RFID000550,Maintenance,WS-09,AFTERNOON,1,2026-10-01T16:42:20,OK,,36.72,75.1,98.7,0.314,33.42,LOW
4c91a10a-28bf-4bfc-9c6a-4149a8a3ab77,EMP0345,Worker_0345,RFID000345,Production,WS-08,AFTERNOON,1,2026-10-01T16:42:21,OK,,36.49,68.0,98.9,0.14,36.42,MODERATE
c9f4abbf-92be-4f1c-a854-61d7717084b1,EMP0834,Worker_0834,RFID000834,Production,WS-05,AFTERNOON,1,2026-10-01T16:42:23,HAPPY,,36.7,69.5,97.8,0.14,5.86,LOW
5064509b-4de8-4429-8a08-e2113a0140ec,EMP0483,Worker_0483,RFID000483,Assembly,WS-08,AFTERNOON,1,2026-10-01T16:43:24,HAPPY,,36.47,84.3,99.0,0.235,7.82,LOW
a8323d66-2ea7-4b44-8a9c-8dd8293d4608,EMP0093,Worker_0093,RFID000093,Assembly,WS-09,AFTERNOON,1,2026-10-01T16:43:48,HAPPY,,36.56,86.7,98.4,0.315,18.87,LOW
aa0ef58b-2834-4fce-8ab2-3a529b72422d,EMP0118,Worker_0118,RFID000118,Quality,WS-02,AFTERNOON,1,2026-10-01T16:44:09,HAPPY,,36.8,69.8,98.0,0.33,9.2,LOW
eeb4fa38-156d-49a0-89a7-4ecc586558bf,EMP0472,Worker_0472,RFID000472,Maintenance,WS-05,AFTERNOON,1,2026-10-01T16:44:09,HAPPY,,36.37,72.2,98.1,0.202,11.43,LOW
ad6ad75b-a739-4992-881d-1f6b9b18632b,EMP0998,Worker_0998,RFID000998,Quality,WS-05,AFTERNOON,1,2026-10-01T16:44:18,OK,,36.61,80.0,97.7,0.331,34.18,LOW
14b486ca-07cb-4577-8c15-8343667d6369,EMP0126,Worker_0126,RFID000126,Cutting,WS-06,AFTERNOON,1,2026-10-01T16:44:34,OK,,36.83,78.9,97.3,0.308,39.75,MODERATE
7b09f748-dc02-4664-a522-ecdd6d8b7895,EMP0328,Worker_0328,RFID000328,Quality,WS-02,AFTERNOON,1,2026-10-01T16:44:39,OK,,36.58,79.2,98.6,0.371,39.38,MODERATE
cb531a09-548a-49b9-a8e4-288002fd10a2,EMP0584,Worker_0584,RFID000584,Quality,WS-10,AFTERNOON,1,2026-10-01T16:45:08,HAPPY,,36.43,69.5,98.1,0.061,7.09,LOW
a0ac7bf0-ad63-4ef3-81a9-701a7a28df32,EMP0601,Worker_0601,RFID000601,Packaging,WS-09,AFTERNOON,1,2026-10-01T16:46:02,HAPPY,,36.53,64.6,98.2,0.332,12.72,LOW
e157a11f-314a-4f6f-a804-a61bc50017a4,EMP0162,Worker_0162,RFID000162,Production,WS-10,AFTERNOON,1,2026-10-01T16:46:21,OK,,36.5,80.9,98.5,0.27,37.24,MODERATE
316e5ef3-ba77-4c26-8b47-4828484fb4e4,EMP0922,Worker_0922,RFID000922,Assembly,WS-09,AFTERNOON,1,2026-10-01T16:46:34,SAD,,36.59,83.3,97.3,0.574,76.82,HIGH
0b180f9e-a6d4-4f92-9b40-5c6d8d8549bb,EMP0864,Worker_0864,RFID000864,Finishing,WS-06,AFTERNOON,1,2026-10-01T16:46:49,SAD,,36.9,86.6,99.1,0.327,72.83,HIGH
52483a2d-87f8-4fb0-835c-ddc7d8b3b530,EMP0610,Worker_0610,RFID000610,Packaging,WS-08,AFTERNOON,1,2026-10-01T16:46:56,OK,,36.39,84.3,97.1,0.285,35.26,MODERATE
00c20d95-6ffa-421f-a835-05175b0de913,EMP0652,Worker_0652,RFID000652,Packaging,WS-01,AFTERNOON,1,2026-10-01T16:47:02,HAPPY,,36.38,84.3,98.4,0.238,11.64,LOW
db95fbbc-6994-4566-8540-a5489f54a2b0,EMP0987,Worker_0987,RFID000987,Stores,WS-03,AFTERNOON,1,2026-10-01T16:47:06,OK,,36.23,73.6,99.1,0.262,42.4,MODERATE
3674c254-c920-479a-8029-b1776b729683,EMP0217,Worker_0217,RFID000217,Cutting,WS-06,AFTERNOON,1,2026-10-01T16:47:22,OK,,36.38,84.9,97.9,0.294,42.02,MODERATE
cdf32a4d-718e-4473-b8ad-90f2d306f0a3,EMP0528,Worker_0528,RFID000528,Maintenance,WS-06,AFTERNOON,1,2026-10-01T16:48:16,HAPPY,,36.22,79.4,98.2,0.44,13.12,LOW
366f3dd9-97a0-4b07-85ba-ced8bf1c0f05,EMP0635,Worker_0635,RFID000635,Quality,WS-09,AFTERNOON,1,2026-10-01T16:48:55,HAPPY,,36.47,63.5,98.2,0.314,5.48,LOW
c7ac7939-45cc-4940-81ce-1c2511a7c4f8,EMP0569,Worker_0569,RFID000569,Quality,WS-09,AFTERNOON,1,2026-10-01T16:48:59,SAD,,36.58,87.4,97.0,0.435,79.77,HIGH
dedb613a-8ed9-4cd0-ab0e-20932e4ec096,EMP0770,Worker_0770,RFID000770,Assembly,WS-05,AFTERNOON,1,2026-10-01T16:49:07,OK,,36.45,83.2,98.1,0.277,42.02,MODERATE
e4a70ef7-6f1e-4539-b3cf-b05c26a57917,EMP0191,Worker_0191,RFID000191,Cutting,WS-03,AFTERNOON,1,2026-10-01T16:49:16,OK,,36.87,86.6,97.4,0.291,39.82,MODERATE
86bf933d-9878-4c44-a4cd-fc05915cb131,EMP0433,Worker_0433,RFID000433,Quality,WS-03,AFTERNOON,1,2026-10-01T16:49:36,HAPPY,,36.36,85.5,98.3,0.177,15.16,LOW
010bbfd6-7ee5-4fd8-a258-8b5101ad5db7,EMP0552,Worker_0552,RFID000552,Assembly,WS-10,AFTERNOON,1,2026-10-01T16:49:52,HAPPY,,36.78,65.2,97.5,0.273,14.27,LOW
b260bffa-7844-4817-b7cd-7e093b49816b,EMP0827,Worker_0827,RFID000827,Finishing,WS-08,AFTERNOON,1,2026-10-01T16:50:07,OK,,36.65,78.6,96.1,0.349,41.24,MODERATE
37d05695-6a3f-44a3-b74e-a640a96ab20f,EMP0485,Worker_0485,RFID000485,Finishing,WS-03,AFTERNOON,1,2026-10-01T16:50:14,SAD,,36.68,79.0,98.9,0.418,76.41,HIGH
8f88aa75-0f66-4c0c-b9f6-40a512cea242,EMP0730,Worker_0730,RFID000730,Assembly,WS-08,AFTERNOON,1,2026-10-01T16:50:19,SAD,,36.86,87.3,98.0,0.607,83.81,HIGH
de8e7227-a7ac-4e6d-b6ad-67bbc03ad93b,EMP0418,Worker_0418,RFID000418,Stores,WS-02,AFTERNOON,1,2026-10-01T16:50:28,OK,,36.49,62.9,97.6,0.294,42.82,MODERATE
3a8a3cb4-7f9f-4efd-a208-104274521a6d,EMP0674,Worker_0674,RFID000674,Maintenance,WS-01,AFTERNOON,1,2026-10-01T16:50:45,SAD,,36.66,85.5,98.2,0.473,81.15,HIGH
250aec59-ad63-407d-a6d2-abb76891daab,EMP0421,Worker_0421,RFID000421,Cutting,WS-09,AFTERNOON,1,2026-10-01T16:50:49,OK,,36.27,79.0,97.1,0.248,36.14,MODERATE
9fb3e584-1eab-464f-830e-3a3bcaa747a5,EMP0459,Worker_0459,RFID000459,Maintenance,WS-07,AFTERNOON,1,2026-10-01T16:50:52,HAPPY,,36.52,79.6,98.4,0.127,8.04,LOW
a16e976f-bf1d-49da-add5-cb2e84a9dbb2,EMP0856,Worker_0856,RFID000856,Finishing,WS-08,AFTERNOON,1,2026-10-01T16:50:52,HAPPY,,36.28,71.7,98.8,0.182,10.83,LOW
d222f15c-21fa-4c07-ba6b-038c6637ca30,EMP0366,Worker_0366,RFID000366,Assembly,WS-03,AFTERNOON,1,2026-10-01T16:51:03,HAPPY,,36.59,91.2,99.1,0.413,19.83,LOW
d3dabe09-e60b-49f4-bcea-bd76906b84cc,EMP0597,Worker_0597,RFID000597,Cutting,WS-10,AFTERNOON,1,2026-10-01T16:51:06,SAD,,36.44,93.6,98.7,0.442,80.15,HIGH
92a0d717-ab70-436e-b757-26c98beafe69,EMP0570,Worker_0570,RFID000570,Quality,WS-08,AFTERNOON,1,2026-10-01T16:51:23,HAPPY,,36.3,79.0,99.0,0.191,6.04,LOW
2abb98fd-13ca-4549-a5bc-6115f474bd7e,EMP0413,Worker_0413,RFID000413,Production,WS-04,AFTERNOON,1,2026-10-01T16:51:26,HAPPY,,36.35,80.4,97.4,0.178,7.01,LOW
d5599f63-a98d-40d1-9f64-c9e1ec7f5152,EMP0546,Worker_0546,RFID000546,Production,WS-05,AFTERNOON,1,2026-10-01T16:51:28,HAPPY,,36.52,80.9,98.3,0.376,7.41,LOW
d65727bf-de37-4423-81de-411acf8ce330,EMP0994,Worker_0994,RFID000994,Cutting,WS-01,AFTERNOON,1,2026-10-01T16:51:28,HAPPY,,36.23,74.4,99.1,0.131,6.42,LOW
6b354463-64a5-4ad0-87b1-27493be522df,EMP0499,Worker_0499,RFID000499,Packaging,WS-05,AFTERNOON,1,2026-10-01T16:51:44,HAPPY,,36.72,81.8,98.1,0.235,12.08,LOW
ee73dd33-fc50-4d53-aed4-7b911a3d4922,EMP0419,Worker_0419,RFID000419,Cutting,WS-08,AFTERNOON,1,2026-10-01T16:51:53,OK,,36.67,72.6,96.9,0.226,36.94,MODERATE
f3fed8a9-1ead-4e76-82fd-6030d8c33ce1,EMP0179,Worker_0179,RFID000179,Packaging,WS-06,AFTERNOON,1,2026-10-01T16:52:00,OK,,36.74,71.3,97.8,0.171,40.33,MODERATE
82bf6ab4-12c1-486d-a6d7-0ca275584e26,EMP0016,Worker_0016,RFID000016,Maintenance,WS-06,AFTERNOON,1,2026-10-01T16:52:10,HAPPY,,36.41,71.6,97.7,0.389,14.44,LOW
995c2dcb-ad05-4cfa-b91f-ba34038f3f08,EMP0925,Worker_0925,RFID000925,Stores,WS-04,AFTERNOON,1,2026-10-01T16:53:34,SAD,,36.3,79.0,98.4,0.608,82.3,HIGH
69dc116b-d8ce-4968-984c-9f1f14e042ff,EMP0028,Worker_0028,RFID000028,Cutting,WS-06,AFTERNOON,1,2026-10-01T16:53:39,SAD,,36.49,87.4,96.6,0.534,80.85,HIGH
e0f3f77c-e452-40c2-a41d-9ee20182164f,EMP0004,Worker_0004,RFID000004,Quality,WS-07,AFTERNOON,1,2026-10-01T16:53:48,HAPPY,,36.32,74.5,98.7,0.197,14.11,LOW
6b7983fc-9302-4e9e-a24d-02aa900263c8,EMP0189,Worker_0189,RFID000189,Stores,WS-02,AFTERNOON,1,2026-10-01T16:53:48,OK,,36.68,72.8,97.3,0.213,40.08,MODERATE
242249b3-886b-4bc3-9ce1-09b1b4591a15,EMP0281,Worker_0281,RFID000281,Quality,WS-03,AFTERNOON,1,2026-10-01T16:53:51,OK,,36.43,79.6,96.6,0.202,39.75,MODERATE
153af30e-91ce-4d81-9803-7afd94678d9b,EMP0940,Worker_0940,RFID000940,Stores,WS-05,AFTERNOON,1,2026-10-01T16:53:53,SAD,,36.84,79.6,97.8,0.539,76.48,HIGH
096d69cf-12fa-4bb6-b9b8-3000af5fe055,EMP0611,Worker_0611,RFID000611,Packaging,WS-10,AFTERNOON,1,2026-10-01T16:54:02,SAD,,36.93,89.2,96.5,0.396,75.07,HIGH
f53702fe-8779-4b89-83d5-9e5866614f74,EMP0060,Worker_0060,RFID000060,Stores,WS-08,AFTERNOON,1,2026-10-01T16:54:35,HAPPY,,36.5,74.8,98.2,0.379,12.53,LOW
6f39b3f6-6c1f-4bb2-872a-9b3e83bb64df,EMP0375,Worker_0375,RFID000375,Maintenance,WS-03,AFTERNOON,1,2026-10-01T16:54:41,SAD,,36.92,90.4,96.4,0.401,80.41,HIGH
21eac515-d7f7-4f91-9e3a-5a593835aca1,EMP0399,Worker_0399,RFID000399,Production,WS-09,AFTERNOON,1,2026-10-01T16:54:57,OK,,36.77,85.8,98.4,0.214,44.94,MODERATE
b8d05b8b-4dc2-42ae-a76b-b844cdb95def,EMP0325,Worker_0325,RFID000325,Cutting,WS-07,AFTERNOON,1,2026-10-01T16:55:43,HAPPY,,36.46,68.1,97.5,0.304,5.4,LOW
761503d2-cfb8-4579-8c64-9e92e78d3258,EMP0623,Worker_0623,RFID000623,Production,WS-04,AFTERNOON,1,2026-10-01T16:55:49,OK,,36.43,85.6,98.6,0.355,38.45,MODERATE
a5279916-9025-48a0-82b6-342636eb2c9c,EMP0494,Worker_0494,RFID000494,Quality,WS-02,AFTERNOON,1,2026-10-01T16:55:51,HAPPY,,36.58,73.9,97.2,0.353,9.87,LOW
e9b1a46f-5e96-4c12-9c95-7c2dd3d66f0b,EMP0458,Worker_0458,RFID000458,Assembly,WS-10,AFTERNOON,1,2026-10-01T16:55:57,HAPPY,,36.56,81.6,99.3,0.371,8.66,LOW
40988e03-4df0-488a-93e5-d7e8ab6c3ff9,EMP0369,Worker_0369,RFID000369,Assembly,WS-07,AFTERNOON,1,2026-10-01T16:56:01,OK,,36.51,83.7,98.0,0.193,38.32,MODERATE
1ba35271-fe7d-40a1-8544-30b0a58fef6b,EMP0792,Worker_0792,RFID000792,Stores,WS-09,AFTERNOON,1,2026-10-01T16:56:01,HAPPY,,36.26,81.1,99.5,0.31,12.0,LOW
a3d517ce-0173-439d-92ae-d4481557840d,EMP0675,Worker_0675,RFID000675,Maintenance,WS-09,AFTERNOON,1,2026-10-01T16:56:10,OK,,36.7,81.9,98.1,0.245,39.53,MODERATE
01ae34a5-dcc3-43eb-ad83-09e0627d1bda,EMP0954,Worker_0954,RFID000954,Cutting,WS-08,AFTERNOON,1,2026-10-01T16:56:11,HAPPY,,36.5,81.5,97.0,0.211,11.03,LOW
4ef7c4c6-2d14-455c-9697-0c4d01263d00,EMP0261,Worker_0261,RFID000261,Maintenance,WS-05,AFTERNOON,1,2026-10-01T16:56:18,HAPPY,,36.6,72.1,98.1,0.216,5.45,LOW
e7a24d25-7c27-46ec-b80c-be30ac1060c4,EMP0701,Worker_0701,RFID000701,Quality,WS-04,AFTERNOON,1,2026-10-01T16:56:25,HAPPY,,36.45,76.9,98.6,0.154,9.15,LOW
010115c6-aa1c-4abd-8d09-e734cb5985a8,EMP0628,Worker_0628,RFID000628,Stores,WS-04,AFTERNOON,1,2026-10-01T16:56:42,HAPPY,,36.55,74.2,98.3,0.238,11.77,LOW
26d0e6d0-91cd-417e-879e-7e878fbc564b,EMP0402,Worker_0402,RFID000402,Maintenance,WS-06,AFTERNOON,1,2026-10-01T16:57:23,SAD,,36.47,77.4,97.7,0.417,74.98,HIGH
10387b8a-9932-45bd-a687-39fcfb22335e,EMP0445,Worker_0445,RFID000445,Maintenance,WS-05,AFTERNOON,1,2026-10-01T16:58:09,SAD,,36.24,91.6,96.4,0.618,88.95,HIGH
7cc15adb-a1e9-4d60-9433-5dbdc05b2a6c,EMP0434,Worker_0434,RFID000434,Stores,WS-04,AFTERNOON,1,2026-10-01T16:58:47,HAPPY,,36.69,78.8,98.1,0.3,7.87,LOW
661d0927-758e-4364-b727-fa4c55d16e8b,EMP0692,Worker_0692,RFID000692,Production,WS-05,AFTERNOON,1,2026-10-01T16:59:03,HAPPY,,36.29,66.8,98.2,0.185,9.31,LOW
937b7cc4-46ca-4576-bb2a-7848e2aa2e4e,EMP0140,Worker_0140,RFID000140,Maintenance,WS-06,AFTERNOON,1,2026-10-01T16:59:06,HAPPY,,36.47,78.8,97.3,0.399,7.53,LOW
0494c631-d892-4e25-8f88-914458fc01a6,EMP0691,Worker_0691,RFID000691,Maintenance,WS-09,AFTERNOON,1,2026-10-01T16:59:22,HAPPY,,36.68,74.0,97.7,0.237,6.41,LOW
2dc08ba9-54fb-4250-8d88-23c86c482332,EMP0087,Worker_0087,RFID000087,Assembly,WS-05,AFTERNOON,1,2026-10-01T16:59:27,HAPPY,,36.27,76.9,98.2,0.324,11.81,LOW
79b80b14-117b-41a8-8eea-66f1e02d7bec,EMP0884,Worker_0884,RFID000884,Production,WS-03,AFTERNOON,2,2026-10-02T13:00:36,SAD,HAPPY,36.7,78.8,97.8,0.435,71.11,HIGH
2490f6c7-2bff-4e4d-8c63-8005df6e5e97,EMP0798,Worker_0798,RFID000798,Assembly,WS-02,AFTERNOON,2,2026-10-02T13:00:43,OK,SAD,36.4,92.1,98.5,0.425,46.27,MODERATE
243ed102-be6b-49a7-8c71-11a95619bef4,EMP0182,Worker_0182,RFID000182,Stores,WS-06,AFTERNOON,2,2026-10-02T13:01:13,SAD,HAPPY,36.37,88.2,96.9,0.21,79.32,HIGH
e445ee67-7a0a-445d-89bf-64c6602ad4d5,EMP0347,Worker_0347,RFID000347,Finishing,WS-08,AFTERNOON,2,2026-10-02T13:01:17,OK,SAD,36.35,79.7,98.1,0.197,42.52,MODERATE
998f3363-18fd-4eb4-88d6-0cee6fcab91b,EMP0853,Worker_0853,RFID000853,Production,WS-05,AFTERNOON,2,2026-10-02T13:01:32,OK,SAD,36.51,74.4,99.0,0.244,40.18,MODERATE
656e720b-ea0c-4cc5-a777-35fb46cb974e,EMP0936,Worker_0936,RFID000936,Maintenance,WS-08,AFTERNOON,2,2026-10-02T13:01:38,HAPPY,HAPPY,36.39,79.4,97.7,0.353,13.54,LOW
581d0f52-ebda-4588-9fb9-b0e528de8a86,EMP0856,Worker_0856,RFID000856,Finishing,WS-08,AFTERNOON,2,2026-10-02T13:02:39,HAPPY,HAPPY,36.29,72.4,99.2,0.179,13.89,LOW
8acecc96-7ff0-4d3c-932f-9a7b2a586166,EMP0758,Worker_0758,RFID000758,Production,WS-02,AFTERNOON,2,2026-10-02T13:02:50,HAPPY,HAPPY,36.31,70.2,97.8,0.133,13.15,LOW
5e3570dd-621b-4e68-9b44-cc47c518475a,EMP0714,Worker_0714,RFID000714,Cutting,WS-05,AFTERNOON,2,2026-10-02T13:03:05,OK,HAPPY,36.31,85.3,97.1,0.293,44.38,MODERATE
67bfa095-996a-488b-a167-7d9a6ad1eb00,EMP0972,Worker_0972,RFID000972,Assembly,WS-08,AFTERNOON,2,2026-10-02T13:03:27,OK,OK,36.79,90.8,97.1,0.432,53.02,MODERATE
14df06c2-18f5-4c33-b4d9-a0a0821c038d,EMP0161,Worker_0161,RFID000161,Assembly,WS-02,AFTERNOON,2,2026-10-02T13:03:29,OK,HAPPY,36.28,88.2,97.5,0.308,46.3,MODERATE
3f2b1f07-950c-46ed-8bde-866f3738d101,EMP0732,Worker_0732,RFID000732,Finishing,WS-08,AFTERNOON,2,2026-10-02T13:03:46,OK,HAPPY,36.74,88.8,97.0,0.315,46.93,MODERATE
591a3d1c-8125-4f37-99bb-e6a57faae25a,EMP0267,Worker_0267,RFID000267,Cutting,WS-08,AFTERNOON,2,2026-10-02T13:04:06,OK,SAD,36.28,78.9,98.8,0.315,42.52,MODERATE
9682b0bb-d811-4077-bf3a-914d83d535c9,EMP0628,Worker_0628,RFID000628,Stores,WS-04,AFTERNOON,2,2026-10-02T13:05:10,HAPPY,HAPPY,36.53,66.7,98.5,0.235,9.08,LOW
483ed18f-34fd-443f-a746-fbb862971396,EMP0073,Worker_0073,RFID000073,Cutting,WS-09,AFTERNOON,2,2026-10-02T13:05:11,OK,HAPPY,36.6,86.9,97.4,0.176,46.39,MODERATE
48b92e34-3499-4815-afda-6dd1729b9bb6,EMP0602,Worker_0602,RFID000602,Stores,WS-06,AFTERNOON,2,2026-10-02T13:05:24,OK,SAD,36.35,94.6,98.3,0.263,50.28,MODERATE
806455d4-2698-4953-8109-1acc46d50e56,EMP0535,Worker_0535,RFID000535,Production,WS-05,AFTERNOON,2,2026-10-02T13:05:27,HAPPY,HAPPY,36.71,71.6,98.8,0.176,14.16,LOW
8d9f4ac5-4de0-4db9-837c-a19d51614d24,EMP0706,Worker_0706,RFID000706,Maintenance,WS-10,AFTERNOON,2,2026-10-02T13:05:38,OK,HAPPY,36.37,71.8,96.8,0.325,34.26,LOW
73f315bd-d604-4a33-8ed9-377a75ad4c69,EMP0646,Worker_0646,RFID000646,Quality,WS-01,AFTERNOON,2,2026-10-02T13:05:44,SAD,HAPPY,36.79,84.0,98.5,0.479,77.68,HIGH
ebfc4fb2-b097-40e8-83d9-556456fe9625,EMP0601,Worker_0601,RFID000601,Packaging,WS-09,AFTERNOON,2,2026-10-02T13:06:43,OK,HAPPY,36.74,70.5,99.1,0.325,36.25,MODERATE
79f3af0d-cb7f-4769-98b6-102539127b7e,EMP0712,Worker_0712,RFID000712,Production,WS-09,AFTERNOON,2,2026-10-02T13:07:26,OK,OK,36.6,74.5,98.1,0.466,39.85,MODERATE
5f0d79e8-22e3-4d85-ba31-64afea354770,EMP0835,Worker_0835,RFID000835,Maintenance,WS-10,AFTERNOON,2,2026-10-02T13:07:47,OK,SAD,36.59,75.1,99.1,0.379,39.0,MODERATE
4b22b125-84c2-47fe-a4d3-bc05f6011469,EMP0571,Worker_0571,RFID000571,Packaging,WS-01,AFTERNOON,2,2026-10-02T13:08:05,HAPPY,HAPPY,36.48,76.2,99.7,0.169,11.24,LOW
d918cf21-65ba-40bc-b9e9-3a299d736c06,EMP0294,Worker_0294,RFID000294,Packaging,WS-07,AFTERNOON,2,2026-10-02T13:08:08,OK,OK,36.19,73.5,99.5,0.447,45.47,MODERATE
630d56a5-3b04-4942-a7c0-56603a3cbb54,EMP0285,Worker_0285,RFID000285,Finishing,WS-01,AFTERNOON,2,2026-10-02T13:08:25,OK,SAD,36.34,69.6,97.2,0.327,35.89,MODERATE
806152cd-a75c-4121-a6fa-e4f95fce7068,EMP0916,Worker_0916,RFID000916,Production,WS-06,AFTERNOON,2,2026-10-02T13:08:33,OK,HAPPY,36.38,82.2,98.5,0.36,39.67,MODERATE
29ef2bed-2668-447f-86c1-67b700c93e53,EMP0147,Worker_0147,RFID000147,Stores,WS-04,AFTERNOON,2,2026-10-02T13:08:42,HAPPY,OK,36.61,78.7,99.5,0.103,10.3,LOW
c7b3e11d-36f2-4677-b2c0-a5c7c19fc193,EMP0307,Worker_0307,RFID000307,Stores,WS-05,AFTERNOON,2,2026-10-02T13:08:51,HAPPY,OK,36.47,76.0,98.0,0.281,11.35,LOW
217c34cd-411c-4812-baa6-0f3b0073acfc,EMP0686,Worker_0686,RFID000686,Cutting,WS-07,AFTERNOON,2,2026-10-02T13:09:01,OK,HAPPY,36.4,82.3,98.2,0.319,34.63,LOW
a7eadcc6-f5c7-401b-a67c-a71579309e3f,EMP0318,Worker_0318,RFID000318,Assembly,WS-09,AFTERNOON,2,2026-10-02T13:09:15,OK,HAPPY,36.45,81.6,97.7,0.33,36.8,MODERATE
1a59cb05-afa6-47eb-8e4e-724a28ab77d2,EMP0538,Worker_0538,RFID000538,Maintenance,WS-03,AFTERNOON,2,2026-10-02T13:09:16,HAPPY,OK,36.75,71.4,96.7,0.216,14.94,LOW
7773fb16-e650-41e7-80b4-fe6401662524,EMP0412,Worker_0412,RFID000412,Finishing,WS-05,AFTERNOON,2,2026-10-02T13:09:26,SAD,OK,36.44,98.0,97.9,0.305,79.19,HIGH
a0c97c1e-8758-4546-a13b-899523fef834,EMP0054,Worker_0054,RFID000054,Assembly,WS-10,AFTERNOON,2,2026-10-02T13:09:28,OK,HAPPY,36.64,81.8,97.6,0.337,33.2,LOW
0287b547-3ce5-4add-96a9-61e99bf969c3,EMP0108,Worker_0108,RFID000108,Production,WS-05,AFTERNOON,2,2026-10-02T13:10:03,HAPPY,OK,36.65,74.5,98.0,0.181,10.68,LOW
ce975592-8061-4175-8b87-5f177d043ce6,EMP0231,Worker_0231,RFID000231,Assembly,WS-02,AFTERNOON,2,2026-10-02T13:11:05,OK,OK,36.81,72.7,97.8,0.236,39.74,MODERATE
6c9ddb34-5f3b-419c-bc70-fe80a4d9f52a,EMP0520,Worker_0520,RFID000520,Cutting,WS-02,AFTERNOON,2,2026-10-02T13:11:14,HAPPY,HAPPY,36.2,66.6,97.5,0.391,6.57,LOW
182858e3-4c93-4f9f-a32e-dbeb63603469,EMP0466,Worker_0466,RFID000466,Stores,WS-04,AFTERNOON,2,2026-10-02T13:11:28,HAPPY,OK,36.66,68.8,98.5,0.274,10.73,LOW
e2c63128-d1b9-48a3-a07f-3bf83b97e6ca,EMP0193,Worker_0193,RFID000193,Packaging,WS-06,AFTERNOON,2,2026-10-02T13:12:14,HAPPY,HAPPY,36.63,82.4,97.0,0.176,11.79,LOW
a381bca3-51eb-4f3d-a0b4-2a907e5bf391,EMP0705,Worker_0705,RFID000705,Maintenance,WS-03,AFTERNOON,2,2026-10-02T13:12:18,OK,OK,36.34,82.6,97.4,0.442,46.92,MODERATE
c1a616de-edd2-42bc-9cd0-e461d46909d2,EMP0729,Worker_0729,RFID000729,Maintenance,WS-06,AFTERNOON,2,2026-10-02T13:12:19,HAPPY,OK,36.44,75.5,98.6,0.387,8.89,LOW
ce2dadbc-930e-4be0-833f-70724679b88a,EMP0387,Worker_0387,RFID000387,Quality,WS-08,AFTERNOON,2,2026-10-02T13:12:47,HAPPY,OK,36.53,83.9,97.1,0.12,6.05,LOW
abcb75f4-780d-451a-8ce7-bf2457632136,EMP0681,Worker_0681,RFID000681,Packaging,WS-03,AFTERNOON,2,2026-10-02T13:12:52,OK,SAD,36.71,75.9,97.3,0.308,34.73,LOW
5d5c352a-a9ac-49b8-a15d-b05d4faa3746,EMP0761,Worker_0761,RFID000761,Finishing,WS-07,AFTERNOON,2,2026-10-02T13:12:58,SAD,OK,36.49,76.6,97.3,0.392,72.76,HIGH
e270dfcf-f546-43ab-ad94-1ab819b61c44,EMP0243,Worker_0243,RFID000243,Cutting,WS-04,AFTERNOON,2,2026-10-02T13:13:07,OK,OK,36.76,88.1,98.2,0.483,41.49,MODERATE
3859a612-1911-426d-a969-51049a525f49,EMP0909,Worker_0909,RFID000909,Finishing,WS-04,AFTERNOON,2,2026-10-02T13:13:09,SAD,SAD,36.62,80.1,97.5,0.619,84.89,HIGH
6486c32e-36bf-4244-8686-4140476c3924,EMP0213,Worker_0213,RFID000213,Finishing,WS-03,AFTERNOON,2,2026-10-02T13:13:20,HAPPY,OK,36.19,84.9,98.8,0.294,5.59,LOW
05db3ed6-afb6-4975-9374-2b185c4becf6,EMP0422,Worker_0422,RFID000422,Packaging,WS-09,AFTERNOON,2,2026-10-02T13:13:24,HAPPY,HAPPY,36.68,87.6,99.0,0.106,14.56,LOW
79cc7902-77e5-46cc-b036-ac2bfa0260be,EMP0624,Worker_0624,RFID000624,Stores,WS-06,AFTERNOON,2,2026-10-02T13:13:37,HAPPY,HAPPY,36.69,79.1,97.9,0.091,6.94,LOW
3d61d843-f84f-458b-9c92-55607a747a55,EMP0584,Worker_0584,RFID000584,Quality,WS-10,AFTERNOON,2,2026-10-02T13:13:45,HAPPY,HAPPY,36.57,69.9,97.7,0.107,6.6,LOW
6ff5ae5d-e0ea-477c-8eba-5fb76ae68258,EMP0227,Worker_0227,RFID000227,Quality,WS-02,AFTERNOON,2,2026-10-02T13:14:23,HAPPY,OK,36.66,74.4,98.0,0.214,9.43,LOW
76d8e801-df49-441c-9cf2-f6b34ccc81a9,EMP0823,Worker_0823,RFID000823,Maintenance,WS-09,AFTERNOON,2,2026-10-02T13:15:13,SAD,OK,36.51,91.7,97.0,0.624,93.55,HIGH
e9b5b725-438a-40c5-a844-eb63880221fb,EMP0653,Worker_0653,RFID000653,Assembly,WS-04,AFTERNOON,2,2026-10-02T13:15:17,SAD,OK,36.33,90.7,98.3,0.714,87.28,HIGH
08fb0c94-830e-4e86-8600-3604fbabf0ba,EMP0820,Worker_0820,RFID000820,Stores,WS-09,AFTERNOON,2,2026-10-02T13:15:26,OK,OK,36.33,77.6,98.5,0.362,41.75,MODERATE
0dc932b7-f17d-497a-82db-56d8fcead716,EMP0900,Worker_0900,RFID000900,Finishing,WS-04,AFTERNOON,2,2026-10-02T13:15:48,HAPPY,HAPPY,36.25,72.7,98.7,0.188,13.43,LOW
5905d8c3-9e0d-458c-8a9f-5765a9bd05d1,EMP0937,Worker_0937,RFID000937,Cutting,WS-04,AFTERNOON,2,2026-10-02T13:16:04,HAPPY,OK,36.19,86.8,96.4,0.146,17.68,LOW
d63c45b8-e0da-4681-8988-bb2a345856c7,EMP0791,Worker_0791,RFID000791,Finishing,WS-05,AFTERNOON,2,2026-10-02T13:16:50,HAPPY,HAPPY,36.61,72.6,96.2,0.344,8.82,LOW
d67d003c-9bc6-4cbc-9350-b05401eee9a9,EMP0960,Worker_0960,RFID000960,Production,WS-01,AFTERNOON,2,2026-10-02T13:16:51,OK,OK,36.61,67.9,98.0,0.331,38.74,MODERATE
14550b9c-e3ca-4895-9f9e-b6b8f14c31df,EMP0420,Worker_0420,RFID000420,Maintenance,WS-08,AFTERNOON,2,2026-10-02T13:16:55,HAPPY,OK,36.22,82.5,99.0,0.157,13.41,LOW
6abdbe2a-9dbe-4769-8731-6c43a4a4ae57,EMP0269,Worker_0269,RFID000269,Cutting,WS-03,AFTERNOON,2,2026-10-02T13:17:32,OK,SAD,36.22,84.7,97.4,0.379,36.81,MODERATE
88380ecb-eae6-4cfc-8648-2a565dc5c207,EMP0268,Worker_0268,RFID000268,Assembly,WS-10,AFTERNOON,2,2026-10-02T13:18:16,HAPPY,HAPPY,36.58,66.9,98.9,0.145,10.22,LOW
f1b80811-7898-4d74-b13a-59285367210a,EMP0247,Worker_0247,RFID000247,Cutting,WS-06,AFTERNOON,2,2026-10-02T13:18:21,HAPPY,OK,36.06,61.0,98.1,0.204,11.99,LOW
b0548a89-fdef-4bfb-93af-0d00b6e74a69,EMP0774,Worker_0774,RFID000774,Quality,WS-07,AFTERNOON,2,2026-10-02T13:18:39,SAD,HAPPY,37.01,101.6,97.3,0.571,100,HIGH
78e04cdb-f81d-4484-8867-2a1a1fb36d35,EMP0568,Worker_0568,RFID000568,Finishing,WS-09,AFTERNOON,2,2026-10-02T13:18:42,SAD,SAD,36.59,86.2,96.8,0.642,88.99,HIGH
be250dd9-cca4-404a-a809-527a973e3202,EMP0945,Worker_0945,RFID000945,Finishing,WS-08,AFTERNOON,2,2026-10-02T13:18:53,HAPPY,OK,36.77,77.1,97.5,0.18,12.21,LOW
67c7a09b-6443-447f-9ed8-68bdcab146a9,EMP0260,Worker_0260,RFID000260,Maintenance,WS-10,AFTERNOON,2,2026-10-02T13:18:58,OK,OK,36.86,74.7,97.2,0.224,35.3,MODERATE
adb74237-1536-4f72-a356-0872e70e3218,EMP0668,Worker_0668,RFID000668,Quality,WS-09,AFTERNOON,2,2026-10-02T13:19:45,HAPPY,OK,36.45,83.6,97.2,0.209,7.23,LOW
6927c6d9-351d-41f9-9dc6-9470c4802c83,EMP0033,Worker_0033,RFID000033,Finishing,WS-03,AFTERNOON,2,2026-10-02T13:19:49,HAPPY,HAPPY,36.38,70.2,97.3,0.378,10.58,LOW
647032f0-7cc0-4fd4-87cf-bd081a2a81b8,EMP0925,Worker_0925,RFID000925,Stores,WS-04,AFTERNOON,2,2026-10-02T13:19:49,SAD,SAD,36.57,82.2,97.5,0.578,91.08,HIGH
5f09728d-1e50-4e65-93bb-6c4d6a6815f3,EMP0994,Worker_0994,RFID000994,Cutting,WS-01,AFTERNOON,2,2026-10-02T13:19:50,HAPPY,HAPPY,36.26,74.9,98.4,0.22,13.77,LOW
3130f01b-97b9-4bd0-8e5e-2f95a96d23b7,EMP0689,Worker_0689,RFID000689,Packaging,WS-10,AFTERNOON,2,2026-10-02T13:19:59,OK,HAPPY,36.62,80.0,98.8,0.144,38.06,MODERATE
303ab751-f4b6-416d-997e-bbb58b8dbc45,EMP0861,Worker_0861,RFID000861,Quality,WS-09,AFTERNOON,2,2026-10-02T13:19:59,HAPPY,OK,36.93,72.5,97.9,0.285,8.11,LOW
f6c2a76b-0902-4243-b945-1ddbff801679,EMP0410,Worker_0410,RFID000410,Packaging,WS-02,AFTERNOON,2,2026-10-02T13:20:14,HAPPY,OK,36.04,79.4,97.8,0.092,9.07,LOW
7c53698b-9d93-4871-87a7-3d5b3dd0f47b,EMP0627,Worker_0627,RFID000627,Quality,WS-06,AFTERNOON,2,2026-10-02T13:20:18,HAPPY,HAPPY,36.54,73.6,97.5,0.353,11.93,LOW
e6dd2dcb-a223-4aaa-9c85-2f378b242c90,EMP0042,Worker_0042,RFID000042,Assembly,WS-09,AFTERNOON,2,2026-10-02T13:20:25,HAPPY,OK,36.35,69.1,97.4,0.294,12.13,LOW
44a0f822-224f-4308-81a5-f88e7ec6b8ee,EMP0693,Worker_0693,RFID000693,Production,WS-02,AFTERNOON,2,2026-10-02T13:20:49,SAD,SAD,36.63,89.3,98.5,0.64,91.99,HIGH
20aab015-1d59-473c-823b-aa4f14f5b866,EMP0233,Worker_0233,RFID000233,Quality,WS-03,AFTERNOON,2,2026-10-02T13:20:52,HAPPY,HAPPY,36.71,72.8,97.3,0.116,13.95,LOW
64c18131-b922-46e9-8241-542cf30dfb00,EMP0284,Worker_0284,RFID000284,Production,WS-07,AFTERNOON,2,2026-10-02T13:21:31,HAPPY,HAPPY,36.3,72.9,99.4,0.29,5.09,LOW
74fe5c94-90c1-44cd-9461-fde7d8212b70,EMP0133,Worker_0133,RFID000133,Cutting,WS-05,AFTERNOON,2,2026-10-02T13:21:39,OK,OK,36.39,71.4,99.4,0.422,38.37,MODERATE
f98b9de8-541f-4f0f-8c7d-3d0629e34b39,EMP0418,Worker_0418,RFID000418,Stores,WS-02,AFTERNOON,2,2026-10-02T13:21:43,SAD,OK,36.51,87.0,97.3,0.615,85.52,HIGH
8ffe985c-64fe-451e-8d25-7358c6d38e36,EMP0842,Worker_0842,RFID000842,Finishing,WS-10,AFTERNOON,2,2026-10-02T13:21:57,HAPPY,OK,36.11,78.8,98.4,0.298,10.02,LOW
6ad2cef5-4b06-4e97-9d41-f2106c43e6e1,EMP0472,Worker_0472,RFID000472,Maintenance,WS-05,AFTERNOON,2,2026-10-02T13:21:59,HAPPY,HAPPY,36.36,77.5,98.4,0.147,9.23,LOW
fdfcb6f8-ad60-40f3-bd0a-6cbaa3805065,EMP0821,Worker_0821,RFID000821,Cutting,WS-03,AFTERNOON,2,2026-10-02T13:22:00,HAPPY,OK,36.62,69.6,97.1,0.116,10.17,LOW
842e419e-4988-4b04-882d-278c23a5a9e8,EMP0316,Worker_0316,RFID000316,Assembly,WS-01,AFTERNOON,2,2026-10-02T13:22:02,HAPPY,HAPPY,36.36,70.6,98.4,0.143,5.65,LOW
031e42c1-3111-47d0-a7bb-849e298856de,EMP0218,Worker_0218,RFID000218,Assembly,WS-07,AFTERNOON,2,2026-10-02T13:22:18,HAPPY,OK,36.56,64.1,98.3,0.199,9.07,LOW
104d7530-441e-4353-8b8b-fdc9cadccb27,EMP0556,Worker_0556,RFID000556,Production,WS-09,AFTERNOON,2,2026-10-02T13:22:31,HAPPY,OK,36.25,75.1,97.4,0.28,6.66,LOW
ce273b4c-46de-4cbb-91cd-defee808051a,EMP0115,Worker_0115,RFID000115,Cutting,WS-02,AFTERNOON,2,2026-10-02T13:22:33,HAPPY,HAPPY,36.71,66.9,97.1,0.369,14.69,LOW
bb4b1af5-e7e1-41f5-9f42-435ad7587f69,EMP0280,Worker_0280,RFID000280,Stores,WS-02,AFTERNOON,2,2026-10-02T13:22:47,OK,HAPPY,36.2,89.9,99.5,0.365,43.78,MODERATE
462d440b-3d42-4bde-860e-8e2ab8ec87a8,EMP0008,Worker_0008,RFID000008,Cutting,WS-05,AFTERNOON,2,2026-10-02T13:22:50,OK,SAD,36.61,80.6,96.9,0.336,37.29,MODERATE
58d5de5a-17ed-4a59-b39a-d07bd4fd572d,EMP0107,Worker_0107,RFID000107,Production,WS-07,AFTERNOON,2,2026-10-02T13:23:02,OK,HAPPY,36.56,81.0,97.4,0.24,33.44,LOW
d0a401c0-1432-447a-ada2-3388884fcbaf,EMP0425,Worker_0425,RFID000425,Packaging,WS-03,AFTERNOON,2,2026-10-02T13:23:14,HAPPY,SAD,36.56,62.8,98.0,0.255,7.21,LOW
810e5dcc-091a-4409-84b9-e0ac50a54c73,EMP0114,Worker_0114,RFID000114,Assembly,WS-01,AFTERNOON,2,2026-10-02T13:23:32,HAPPY,SAD,36.4,84.2,96.8,0.146,8.16,LOW
ec9aae3d-fd27-4fa6-8f7e-49045725199d,EMP0675,Worker_0675,RFID000675,Maintenance,WS-09,AFTERNOON,2,2026-10-02T13:23:52,OK,OK,36.48,79.7,98.0,0.254,33.71,LOW
b87b08e2-afaf-4309-8435-ad763b8220ed,EMP0239,Worker_0239,RFID000239,Maintenance,WS-05,AFTERNOON,2,2026-10-02T13:24:11,HAPPY,HAPPY,36.73,74.3,98.5,0.18,12.95,LOW
dc8a70c6-26fb-4e39-8217-f2173571196b,EMP0470,Worker_0470,RFID000470,Packaging,WS-05,AFTERNOON,2,2026-10-02T13:24:50,SAD,HAPPY,36.76,89.5,99.0,0.713,89.98,HIGH
1e0917c9-d615-44dd-978a-d4d266f99587,EMP0778,Worker_0778,RFID000778,Assembly,WS-03,AFTERNOON,2,2026-10-02T13:25:23,OK,HAPPY,36.53,89.1,98.1,0.353,37.87,MODERATE
0d6b02ce-d4d2-4fd3-9660-686d6579c8fc,EMP0126,Worker_0126,RFID000126,Cutting,WS-06,AFTERNOON,2,2026-10-02T13:25:25,SAD,OK,37.01,86.2,98.1,0.377,75.69,HIGH
f0bbc38f-da5e-4bbf-9d94-9b6fadb9179d,EMP0290,Worker_0290,RFID000290,Production,WS-07,AFTERNOON,2,2026-10-02T13:25:41,HAPPY,HAPPY,36.82,73.9,98.9,0.275,12.63,LOW
65000c83-a021-42ed-b36a-acc734c3e1ca,EMP0208,Worker_0208,RFID000208,Production,WS-10,AFTERNOON,2,2026-10-02T13:25:49,OK,OK,36.66,75.2,96.9,0.428,43.66,MODERATE
fd480203-b2bc-4edf-9ae4-78748892ea34,EMP0202,Worker_0202,RFID000202,Cutting,WS-01,AFTERNOON,2,2026-10-02T13:26:06,HAPPY,OK,36.25,73.4,98.4,0.144,9.97,LOW
ed9f1b2f-88ad-476e-b54b-4495e2cbe3cf,EMP0724,Worker_0724,RFID000724,Packaging,WS-09,AFTERNOON,2,2026-10-02T13:26:19,OK,HAPPY,36.7,80.2,98.1,0.269,40.57,MODERATE
0cff07e2-9693-4362-8d3b-1f5104b05195,EMP0530,Worker_0530,RFID000530,Maintenance,WS-07,AFTERNOON,2,2026-10-02T13:26:32,OK,HAPPY,36.55,83.6,97.1,0.256,38.91,MODERATE
af8013ee-285c-4a53-b8dd-62ff0e4230a9,EMP0877,Worker_0877,RFID000877,Packaging,WS-01,AFTERNOON,2,2026-10-02T13:26:48,OK,HAPPY,36.38,73.7,98.3,0.173,33.57,LOW
28aa0958-d693-4a58-bad2-14a8c79554d4,EMP0496,Worker_0496,RFID000496,Cutting,WS-08,AFTERNOON,2,2026-10-02T13:27:00,OK,HAPPY,36.58,78.2,97.1,0.22,39.85,MODERATE
adc4f1b8-96e4-4046-9444-5ae81edaa12f,EMP0352,Worker_0352,RFID000352,Assembly,WS-05,AFTERNOON,2,2026-10-02T13:27:04,HAPPY,HAPPY,36.76,79.2,99.1,0.234,10.96,LOW
605f46a4-84b3-4039-86a6-3e45dceee2f7,EMP0579,Worker_0579,RFID000579,Production,WS-10,AFTERNOON,2,2026-10-02T13:27:16,OK,HAPPY,36.41,68.4,98.6,0.262,33.56,LOW
b8b64c18-2910-4241-9245-364669363259,EMP0355,Worker_0355,RFID000355,Stores,WS-03,AFTERNOON,2,2026-10-02T13:27:31,OK,OK,36.59,83.0,97.6,0.228,37.7,MODERATE
a57737a8-b415-495e-8e3b-53b0d36094ab,EMP0324,Worker_0324,RFID000324,Cutting,WS-06,AFTERNOON,2,2026-10-02T13:27:47,HAPPY,OK,36.33,60.0,99.8,0.302,12.24,LOW
6ad575f5-d047-4ccb-8578-5a521b9059fe,EMP0725,Worker_0725,RFID000725,Production,WS-06,AFTERNOON,2,2026-10-02T13:28:02,OK,SAD,36.71,77.9,97.7,0.426,42.8,MODERATE
4eb3b6cf-3503-4cf0-900d-52e95f5dc836,EMP0996,Worker_0996,RFID000996,Finishing,WS-04,AFTERNOON,2,2026-10-02T13:28:35,HAPPY,OK,36.42,86.6,98.7,0.186,13.47,LOW
927481bb-6044-40df-a2fe-29d1797453da,EMP0904,Worker_0904,RFID000904,Packaging,WS-07,AFTERNOON,2,2026-10-02T13:29:19,OK,HAPPY,36.53,84.1,98.6,0.377,37.95,MODERATE
bc620281-b5cd-4f04-b25f-68a02fb6fee1,EMP0103,Worker_0103,RFID000103,Finishing,WS-02,AFTERNOON,2,2026-10-02T13:30:30,OK,OK,36.72,83.2,98.5,0.353,39.41,MODERATE
ba9eddc4-960b-4cfb-aca2-9e05fae1a36c,EMP0691,Worker_0691,RFID000691,Maintenance,WS-09,AFTERNOON,2,2026-10-02T13:31:04,HAPPY,HAPPY,36.68,73.7,96.9,0.381,9.59,LOW
05da11da-2e77-444f-afab-229c8f5bd774,EMP0638,Worker_0638,RFID000638,Production,WS-08,AFTERNOON,2,2026-10-02T13:31:35,HAPPY,HAPPY,36.43,78.6,97.3,0.143,12.03,LOW
5ff62f22-5cdb-4534-9190-6cd5eeee0dad,EMP0541,Worker_0541,RFID000541,Quality,WS-09,AFTERNOON,2,2026-10-02T13:31:44,HAPPY,OK,36.48,70.8,97.6,0.328,9.97,LOW
8757fd80-c376-441c-b6c3-165efe3f3505,EMP0897,Worker_0897,RFID000897,Cutting,WS-07,AFTERNOON,2,2026-10-02T13:31:46,HAPPY,HAPPY,36.21,75.8,96.8,0.324,8.33,LOW
9e2b0da1-916e-4758-8c27-467113aa0a5e,EMP0781,Worker_0781,RFID000781,Finishing,WS-08,AFTERNOON,2,2026-10-02T13:32:17,OK,SAD,36.63,78.8,98.1,0.256,33.07,LOW
a405cb54-3aa2-47d5-bdd6-2d247e5fc7a5,EMP0100,Worker_0100,RFID000100,Maintenance,WS-10,AFTERNOON,2,2026-10-02T13:32:46,OK,OK,36.27,89.9,98.1,0.274,44.23,MODERATE
74a00752-f785-43d7-b9c7-83d36821e0fd,EMP0957,Worker_0957,RFID000957,Finishing,WS-04,AFTERNOON,2,2026-10-02T13:33:26,HAPPY,OK,36.52,76.7,98.3,0.146,9.7,LOW
bc128faa-969a-44b1-a1ff-e21a3f9424a7,EMP0399,Worker_0399,RFID000399,Production,WS-09,AFTERNOON,2,2026-10-02T13:33:41,HAPPY,OK,36.54,76.1,98.3,0.163,5.17,LOW
fd8f0fec-a942-4e70-ad75-159c386321a1,EMP0574,Worker_0574,RFID000574,Assembly,WS-09,AFTERNOON,2,2026-10-02T13:33:46,SAD,SAD,36.8,77.5,97.3,0.534,86.65,HIGH
79f8e977-6fa1-46fc-8feb-6431f670134a,EMP0328,Worker_0328,RFID000328,Quality,WS-02,AFTERNOON,2,2026-10-02T13:33:54,HAPPY,OK,36.51,69.2,98.4,0.192,14.81,LOW
8373dac0-4763-406d-8254-ff74c22f647a,EMP0130,Worker_0130,RFID000130,Quality,WS-02,AFTERNOON,2,2026-10-02T13:33:59,OK,HAPPY,36.37,81.4,98.3,0.336,38.99,MODERATE
013c4ce6-01b5-4d64-95b1-3f72ab0c4533,EMP0767,Worker_0767,RFID000767,Stores,WS-05,AFTERNOON,2,2026-10-02T13:34:05,OK,HAPPY,36.7,74.7,97.5,0.433,38.82,MODERATE
ffb65bee-7d8d-42a6-8780-4d3ef430200b,EMP0948,Worker_0948,RFID000948,Quality,WS-01,AFTERNOON,2,2026-10-02T13:34:36,HAPPY,HAPPY,36.52,77.0,97.5,0.102,12.39,LOW
c3861b9e-05e0-4cd6-a4fc-fc1a4decb4aa,EMP0687,Worker_0687,RFID000687,Quality,WS-06,AFTERNOON,2,2026-10-02T13:35:34,OK,OK,36.99,83.6,98.0,0.231,38.9,MODERATE
d10000de-313f-44be-b9fe-06afbff6cfb3,EMP0986,Worker_0986,RFID000986,Cutting,WS-05,AFTERNOON,2,2026-10-02T13:35:36,HAPPY,OK,36.57,75.7,99.2,0.23,13.5,LOW
00c18984-8fd0-4455-8e76-c6c864509f22,EMP0922,Worker_0922,RFID000922,Assembly,WS-09,AFTERNOON,2,2026-10-02T13:35:41,HAPPY,SAD,36.44,65.0,97.3,0.297,14.65,LOW
b15b5f17-b6bd-4938-9502-e837bd71bfab,EMP0473,Worker_0473,RFID000473,Cutting,WS-10,AFTERNOON,2,2026-10-02T13:35:45,HAPPY,OK,36.53,67.9,98.6,0.386,10.03,LOW
a1b9c6b4-701b-46d7-abf8-5341abba6ebe,EMP0362,Worker_0362,RFID000362,Maintenance,WS-01,AFTERNOON,2,2026-10-02T13:35:47,SAD,OK,36.72,85.9,98.9,0.495,80.08,HIGH
2f1f38c3-d601-4242-9c08-e84ad6ddb0d4,EMP0407,Worker_0407,RFID000407,Packaging,WS-09,AFTERNOON,2,2026-10-02T13:35:57,HAPPY,SAD,36.63,72.2,98.7,0.345,13.16,LOW
17e3b8ba-adf8-4021-ab78-114e6e045daf,EMP0839,Worker_0839,RFID000839,Finishing,WS-09,AFTERNOON,2,2026-10-02T13:36:15,HAPPY,OK,36.43,72.7,98.1,0.258,9.47,LOW
e85bd5d6-8001-4307-8706-d10950d56199,EMP0021,Worker_0021,RFID000021,Quality,WS-03,AFTERNOON,2,2026-10-02T13:36:53,OK,SAD,36.8,84.7,97.4,0.379,35.59,MODERATE
e82fee81-1c3d-43b9-9ec6-57df32358962,EMP0022,Worker_0022,RFID000022,Packaging,WS-09,AFTERNOON,2,2026-10-02T13:37:14,HAPPY,OK,36.58,81.9,99.1,0.215,11.52,LOW
7c125200-9cd8-43a8-ba95-65b4cecd92cf,EMP0892,Worker_0892,RFID000892,Assembly,WS-10,AFTERNOON,2,2026-10-02T13:37:17,HAPPY,HAPPY,36.74,74.1,97.6,0.175,5.24,LOW
0589c9db-af8b-4ad5-b081-d34a3b259540,EMP0523,Worker_0523,RFID000523,Production,WS-09,AFTERNOON,2,2026-10-02T13:37:39,SAD,SAD,36.8,102.5,97.2,0.415,100,HIGH
af207622-3abc-4d64-88ae-d567af4dbba0,EMP0031,Worker_0031,RFID000031,Packaging,WS-03,AFTERNOON,2,2026-10-02T13:37:40,HAPPY,HAPPY,36.48,74.0,98.1,0.36,8.74,LOW
3797693f-e94a-4e4f-8244-329cdc8379d1,EMP0010,Worker_0010,RFID000010,Packaging,WS-06,AFTERNOON,2,2026-10-02T13:37:45,HAPPY,OK,36.51,85.4,98.0,0.204,10.8,LOW
03a05b67-1aa7-4e5f-aaa4-d48e9202eb34,EMP0051,Worker_0051,RFID000051,Packaging,WS-08,AFTERNOON,2,2026-10-02T13:37:49,OK,OK,36.64,71.4,98.7,0.259,42.56,MODERATE
96b8b01c-2004-4117-b9f8-a3695ad72794,EMP0442,Worker_0442,RFID000442,Assembly,WS-02,AFTERNOON,2,2026-10-02T13:38:32,OK,OK,36.76,77.5,97.1,0.199,39.72,MODERATE
528759f7-0037-4035-899b-cd7963022fd4,EMP0039,Worker_0039,RFID000039,Assembly,WS-02,AFTERNOON,2,2026-10-02T13:38:44,HAPPY,HAPPY,36.6,77.2,96.9,0.227,14.63,LOW
cfbb1331-c574-42c2-b152-f47ba2bb5fe4,EMP0396,Worker_0396,RFID000396,Assembly,WS-08,AFTERNOON,2,2026-10-02T13:38:44,OK,OK,36.41,74.7,97.4,0.332,42.62,MODERATE
c0380fbb-9f08-43d3-997c-fd3a66cadad5,EMP0086,Worker_0086,RFID000086,Finishing,WS-08,AFTERNOON,2,2026-10-02T13:39:16,OK,OK,36.7,67.2,97.9,0.409,45.57,MODERATE
37a2b8e2-0691-482a-974f-0508880e6bbe,EMP0723,Worker_0723,RFID000723,Packaging,WS-04,AFTERNOON,2,2026-10-02T13:39:26,OK,OK,36.75,79.3,98.1,0.149,36.61,MODERATE
38bb536f-8c39-49c4-b2b7-a82b96b39fe9,EMP0635,Worker_0635,RFID000635,Quality,WS-09,AFTERNOON,2,2026-10-02T13:39:35,OK,HAPPY,36.42,72.2,97.9,0.336,41.98,MODERATE
99c97902-ac57-49e2-9233-06d9d05cb451,EMP0293,Worker_0293,RFID000293,Stores,WS-10,AFTERNOON,2,2026-10-02T13:39:47,OK,HAPPY,36.6,82.6,96.6,0.245,38.12,MODERATE
a7aadaf3-2217-47b3-acbf-4c88e218791b,EMP0673,Worker_0673,RFID000673,Cutting,WS-01,AFTERNOON,2,2026-10-02T13:40:35,OK,OK,36.99,79.4,98.2,0.241,42.45,MODERATE
42f0c87d-8e13-4095-99ad-8ead301e4a1a,EMP0830,Worker_0830,RFID000830,Stores,WS-07,AFTERNOON,2,2026-10-02T13:40:51,OK,SAD,36.71,65.3,96.7,0.413,43.81,MODERATE
3df6df25-fd13-475a-a29d-8c3e5d1ec450,EMP0371,Worker_0371,RFID000371,Stores,WS-02,AFTERNOON,2,2026-10-02T13:40:52,OK,OK,36.38,85.0,98.1,0.354,35.94,MODERATE
6ed8522a-de91-416a-b7c6-a8261081e053,EMP0932,Worker_0932,RFID000932,Quality,WS-05,AFTERNOON,2,2026-10-02T13:41:12,HAPPY,HAPPY,36.18,71.7,98.3,0.236,12.23,LOW
c2daf80b-5e86-4776-a089-4d789b4042ef,EMP0766,Worker_0766,RFID000766,Quality,WS-03,AFTERNOON,2,2026-10-02T13:41:14,SAD,OK,36.63,86.6,98.1,0.625,80.48,HIGH
d035edea-707e-4075-b44a-a5b9b086036d,EMP0509,Worker_0509,RFID000509,Finishing,WS-08,AFTERNOON,2,2026-10-02T13:41:18,HAPPY,HAPPY,36.49,70.6,98.0,0.22,9.83,LOW
b1755654-d9b5-4f88-a30e-58bd4e0c35e3,EMP0707,Worker_0707,RFID000707,Finishing,WS-03,AFTERNOON,2,2026-10-02T13:41:54,SAD,HAPPY,36.79,86.4,98.6,0.37,74.25,HIGH
4726a88b-ce74-474b-9885-474150bddd8b,EMP0089,Worker_0089,RFID000089,Maintenance,WS-09,AFTERNOON,2,2026-10-02T13:42:12,OK,OK,36.79,74.6,96.0,0.318,33.62,LOW
44af0fcd-8c6c-4750-b1ee-6ff0fae1ba0f,EMP0326,Worker_0326,RFID000326,Packaging,WS-02,AFTERNOON,2,2026-10-02T13:42:18,HAPPY,OK,36.28,68.6,98.8,0.319,6.07,LOW
288ec816-31c6-4cd0-9290-27297cf6e480,EMP0752,Worker_0752,RFID000752,Quality,WS-01,AFTERNOON,2,2026-10-02T13:42:21,HAPPY,OK,36.66,76.4,98.0,0.151,12.54,LOW
933e9050-31e7-4a9c-9f68-0c8fb0d1cbd1,EMP0539,Worker_0539,RFID000539,Production,WS-03,AFTERNOON,2,2026-10-02T13:42:36,OK,OK,36.64,80.1,98.3,0.349,35.15,MODERATE
159df208-3254-437b-bea6-72d06e032c09,EMP0348,Worker_0348,RFID000348,Assembly,WS-03,AFTERNOON,2,2026-10-02T13:42:41,OK,HAPPY,36.77,84.7,97.8,0.294,33.94,LOW
4c7953c7-f1c5-4720-ac5b-344be28bc98a,EMP0367,Worker_0367,RFID000367,Quality,WS-03,AFTERNOON,2,2026-10-02T13:42:47,OK,OK,36.64,77.6,98.3,0.354,38.39,MODERATE
b32dd90a-569c-436f-8a57-417996b81303,EMP0672,Worker_0672,RFID000672,Packaging,WS-07,AFTERNOON,2,2026-10-02T13:42:54,HAPPY,OK,36.64,79.2,98.1,0.365,9.88,LOW
d91787f7-515d-4b01-a658-a4e1b46e63bd,EMP0369,Worker_0369,RFID000369,Assembly,WS-07,AFTERNOON,2,2026-10-02T13:42:57,HAPPY,OK,36.22,76.1,99.1,0.239,6.74,LOW
d61ef673-b24c-4aab-bb34-6f614f4252ce,EMP0388,Worker_0388,RFID000388,Production,WS-01,AFTERNOON,2,2026-10-02T13:43:09,HAPPY,HAPPY,36.39,89.2,98.3,0.258,12.01,LOW
c33befd8-7e6d-49d2-a8c7-ad4b3c613740,EMP0464,Worker_0464,RFID000464,Stores,WS-01,AFTERNOON,2,2026-10-02T13:43:21,HAPPY,HAPPY,36.35,70.3,97.5,0.22,6.0,LOW
4b900332-f124-4420-aef2-2609209c0880,EMP0755,Worker_0755,RFID000755,Finishing,WS-10,AFTERNOON,2,2026-10-02T13:43:22,OK,OK,36.72,71.9,98.1,0.286,33.01,LOW
ffdfbeef-ec45-454e-b6e8-61ab0a1e2d6d,EMP0532,Worker_0532,RFID000532,Maintenance,WS-04,AFTERNOON,2,2026-10-02T13:43:42,OK,OK,36.23,83.9,98.3,0.126,33.29,LOW
162ad1f8-0cab-4a5f-b33a-feb7416b5040,EMP0164,Worker_0164,RFID000164,Finishing,WS-04,AFTERNOON,2,2026-10-02T13:43:54,OK,OK,36.36,84.5,97.9,0.194,40.11,MODERATE
3b021352-34ab-4887-a133-08bcad0c61d5,EMP0953,Worker_0953,RFID000953,Cutting,WS-10,AFTERNOON,2,2026-10-02T13:43:57,HAPPY,HAPPY,36.32,69.2,98.4,0.342,14.18,LOW
90e770da-bd51-4f12-9915-8c2cf0cbdf16,EMP0028,Worker_0028,RFID000028,Cutting,WS-06,AFTERNOON,2,2026-10-02T13:44:14,HAPPY,SAD,36.19,79.5,98.2,0.207,8.99,LOW
ef797f8f-486a-419a-9fae-9a23af539642,EMP0829,Worker_0829,RFID000829,Quality,WS-03,AFTERNOON,2,2026-10-02T13:44:47,SAD,OK,36.6,91.9,96.7,0.584,84.66,HIGH
eb3fc3bb-7cb9-409b-bf99-c9c2fdca3adb,EMP0308,Worker_0308,RFID000308,Stores,WS-03,AFTERNOON,2,2026-10-02T13:44:51,SAD,OK,36.72,91.4,96.4,0.685,91.77,HIGH
f607fc98-1081-4946-a3d8-edf5b9dc95e2,EMP0938,Worker_0938,RFID000938,Cutting,WS-05,AFTERNOON,2,2026-10-02T13:45:12,OK,HAPPY,36.31,83.1,97.8,0.329,39.22,MODERATE
4159363f-81e0-4ef2-b302-e4ab380cd1ff,EMP0576,Worker_0576,RFID000576,Packaging,WS-02,AFTERNOON,2,2026-10-02T13:45:36,OK,SAD,36.28,87.2,97.2,0.205,38.75,MODERATE
ae887e32-07d6-460c-9644-2e4951ea8b30,EMP0431,Worker_0431,RFID000431,Stores,WS-01,AFTERNOON,2,2026-10-02T13:45:40,OK,OK,36.54,73.2,98.2,0.292,39.19,MODERATE
342753da-a515-4108-9106-3955b62eba98,EMP0599,Worker_0599,RFID000599,Production,WS-10,AFTERNOON,2,2026-10-02T13:45:48,HAPPY,OK,36.5,76.2,98.0,0.281,8.68,LOW
69a47460-e0fd-458f-abec-967ff75c3a88,EMP0155,Worker_0155,RFID000155,Production,WS-09,AFTERNOON,2,2026-10-02T13:45:52,SAD,SAD,36.69,81.3,96.9,0.677,88.66,HIGH
0d43e56d-3a81-4c08-8903-ed547cd12d05,EMP0731,Worker_0731,RFID000731,Stores,WS-05,AFTERNOON,2,2026-10-02T13:46:24,HAPPY,OK,36.65,75.4,98.3,0.156,7.0,LOW
29e80006-eab1-4c66-8923-822fd0de8c6a,EMP0195,Worker_0195,RFID000195,Quality,WS-10,AFTERNOON,2,2026-10-02T13:46:51,OK,HAPPY,36.3,78.0,98.3,0.366,39.25,MODERATE
18744b0a-78a3-46e4-a2ba-114d17e63d7a,EMP0955,Worker_0955,RFID000955,Maintenance,WS-05,AFTERNOON,2,2026-10-02T13:47:02,HAPPY,SAD,36.58,78.1,98.4,0.131,6.74,LOW
4a107b65-05d7-4482-8254-33ef8b004945,EMP0526,Worker_0526,RFID000526,Cutting,WS-06,AFTERNOON,2,2026-10-02T13:47:26,SAD,HAPPY,36.69,96.8,97.7,0.563,84.01,HIGH
c2eccc9f-2784-4c52-b628-62185f366175,EMP0643,Worker_0643,RFID000643,Stores,WS-01,AFTERNOON,2,2026-10-02T13:47:43,OK,OK,36.76,70.7,97.0,0.408,40.63,MODERATE
dcd64e16-bf63-40a0-899b-b4f69335e08e,EMP0872,Worker_0872,RFID000872,Stores,WS-02,AFTERNOON,2,2026-10-02T13:47:52,HAPPY,OK,36.49,83.4,98.0,0.099,13.32,LOW
4b1a0791-82b3-4597-ac23-b0818ceb7415,EMP0997,Worker_0997,RFID000997,Cutting,WS-08,AFTERNOON,2,2026-10-02T13:48:05,HAPPY,HAPPY,36.52,74.9,98.0,0.161,9.5,LOW
217bc43b-da3d-492e-9fc1-4624040dd00b,EMP0720,Worker_0720,RFID000720,Quality,WS-03,AFTERNOON,2,2026-10-02T13:48:36,OK,HAPPY,36.36,87.6,97.8,0.271,45.58,MODERATE
7cd9ebb8-4597-4af7-bb46-23187528b730,EMP0238,Worker_0238,RFID000238,Maintenance,WS-04,AFTERNOON,2,2026-10-02T13:49:02,OK,HAPPY,36.37,83.1,97.8,0.322,37.59,MODERATE
f57d45b8-9a60-40eb-a739-37294a0a7ea4,EMP0339,Worker_0339,RFID000339,Cutting,WS-08,AFTERNOON,2,2026-10-02T13:49:03,SAD,HAPPY,36.42,82.6,96.5,0.282,70.21,HIGH
268f1eaf-5909-42f7-bc71-e6df6d2947c7,EMP0879,Worker_0879,RFID000879,Stores,WS-09,AFTERNOON,2,2026-10-02T13:49:04,HAPPY,HAPPY,36.28,79.4,97.8,0.323,6.88,LOW
27f0d491-e9d9-414d-8e50-7d70aacf2ef0,EMP0393,Worker_0393,RFID000393,Assembly,WS-01,AFTERNOON,2,2026-10-02T13:50:02,HAPPY,HAPPY,36.7,78.2,97.4,0.417,11.63,LOW
9fecaf9d-ace6-4f8a-965f-300b5fa0f3d5,EMP0083,Worker_0083,RFID000083,Maintenance,WS-10,AFTERNOON,2,2026-10-02T13:50:19,OK,HAPPY,36.81,87.0,98.2,0.289,41.96,MODERATE
5a1cf7c7-bf42-457b-af40-60aa5af22fa9,EMP0505,Worker_0505,RFID000505,Maintenance,WS-02,AFTERNOON,2,2026-10-02T13:50:19,OK,SAD,36.57,82.2,96.3,0.295,39.93,MODERATE
8564cfbb-caf1-42aa-bcdf-f0b67b18482d,EMP0991,Worker_0991,RFID000991,Packaging,WS-01,AFTERNOON,2,2026-10-02T13:50:27,SAD,HAPPY,36.6,80.7,98.3,0.403,71.47,HIGH
c46e5d6f-784b-4bc1-a12b-fdb24635c8f0,EMP0570,Worker_0570,RFID000570,Quality,WS-08,AFTERNOON,2,2026-10-02T13:50:50,OK,HAPPY,36.25,91.6,98.2,0.252,43.52,MODERATE
717514a6-c156-4e39-82f4-61d6f5d7e8fc,EMP0958,Worker_0958,RFID000958,Stores,WS-07,AFTERNOON,2,2026-10-02T13:51:01,OK,SAD,36.49,82.5,98.0,0.322,40.55,MODERATE
62fe0c74-7ee6-43fc-985f-7850899a5c00,EMP0837,Worker_0837,RFID000837,Finishing,WS-05,AFTERNOON,2,2026-10-02T13:51:11,HAPPY,HAPPY,36.4,64.4,99.3,0.214,5.22,LOW
9fc2549b-1eef-405a-a394-e06acba7085d,EMP0680,Worker_0680,RFID000680,Production,WS-07,AFTERNOON,2,2026-10-02T13:51:13,OK,OK,36.58,68.3,97.7,0.319,36.0,MODERATE
f179a77a-8726-40e9-8d46-3ab39fdcf0a2,EMP0934,Worker_0934,RFID000934,Assembly,WS-07,AFTERNOON,2,2026-10-02T13:51:20,OK,OK,36.74,85.9,99.2,0.268,40.37,MODERATE
5a03fbf3-a198-44e1-b978-184f9898651f,EMP0119,Worker_0119,RFID000119,Production,WS-05,AFTERNOON,2,2026-10-02T13:51:41,HAPPY,HAPPY,36.62,76.8,97.9,0.232,7.13,LOW
069475d2-d744-48bb-b820-5b2ed031de67,EMP0785,Worker_0785,RFID000785,Maintenance,WS-05,AFTERNOON,2,2026-10-02T13:51:43,HAPPY,SAD,36.14,80.3,97.1,0.158,8.32,LOW
6c95be94-98a2-4e5b-beb8-bee30820fb58,EMP0549,Worker_0549,RFID000549,Assembly,WS-03,AFTERNOON,2,2026-10-02T13:52:37,OK,OK,36.64,68.1,97.0,0.158,38.52,MODERATE
bd6d86fd-3137-41bb-ad0f-1416a84b7f1f,EMP0770,Worker_0770,RFID000770,Assembly,WS-05,AFTERNOON,2,2026-10-02T13:53:13,HAPPY,OK,36.28,82.5,98.9,0.304,13.07,LOW
c00f30f8-6c5f-4f4b-9e19-65de9b7a67a9,EMP0234,Worker_0234,RFID000234,Quality,WS-03,AFTERNOON,2,2026-10-02T13:53:26,OK,OK,36.64,74.3,97.4,0.41,37.48,MODERATE
f8826ad1-f144-4567-84ea-fcd8ef6ff287,EMP0157,Worker_0157,RFID000157,Assembly,WS-03,AFTERNOON,2,2026-10-02T13:53:28,OK,OK,36.62,69.6,97.5,0.247,40.12,MODERATE
7513fc0c-0fc2-4e65-9520-ac07559f4941,EMP0489,Worker_0489,RFID000489,Stores,WS-09,AFTERNOON,2,2026-10-02T13:53:54,OK,OK,36.65,75.7,98.6,0.243,38.38,MODERATE
d4f5fb1c-9e59-4bac-8d01-24ae5fbb5487,EMP0376,Worker_0376,RFID000376,Quality,WS-01,AFTERNOON,2,2026-10-02T13:53:55,HAPPY,OK,36.32,75.8,98.1,0.169,10.5,LOW
c822a6a9-c15d-4c95-b607-39fed1b9353a,EMP0769,Worker_0769,RFID000769,Production,WS-06,AFTERNOON,2,2026-10-02T13:54:01,SAD,OK,36.96,98.4,96.5,0.492,80.41,HIGH
3280820c-8e01-42bc-8735-7fd491dfb231,EMP0715,Worker_0715,RFID000715,Quality,WS-08,AFTERNOON,2,2026-10-02T13:54:17,SAD,HAPPY,36.56,99.6,98.0,0.286,83.9,HIGH
0e8dcc32-3e6f-48bd-9d73-5587a7294c56,EMP0135,Worker_0135,RFID000135,Cutting,WS-05,AFTERNOON,2,2026-10-02T13:54:32,OK,HAPPY,36.69,73.8,97.9,0.349,35.9,MODERATE
5213d7d2-9665-440e-b10b-0b348c1a74c3,EMP0905,Worker_0905,RFID000905,Cutting,WS-06,AFTERNOON,2,2026-10-02T13:54:37,SAD,OK,36.85,84.2,97.8,0.46,74.52,HIGH
df5d1c5e-a332-43c0-a8a4-9384848f6877,EMP0867,Worker_0867,RFID000867,Finishing,WS-02,AFTERNOON,2,2026-10-02T13:54:47,HAPPY,HAPPY,36.41,82.4,97.7,0.26,9.67,LOW
35260306-8526-484f-92af-ec4f84c637dd,EMP0395,Worker_0395,RFID000395,Production,WS-06,AFTERNOON,2,2026-10-02T13:55:02,HAPPY,HAPPY,36.29,84.5,97.5,0.222,9.21,LOW
13df7a85-8cb1-4691-a3c2-cce2e30cc294,EMP0703,Worker_0703,RFID000703,Stores,WS-02,AFTERNOON,2,2026-10-02T13:55:12,HAPPY,HAPPY,36.75,74.7,96.8,0.199,8.51,LOW
6ec416da-9718-4baf-a4c5-61baa4deebcc,EMP0832,Worker_0832,RFID000832,Finishing,WS-01,AFTERNOON,2,2026-10-02T13:55:18,OK,OK,36.27,87.6,98.6,0.294,43.63,MODERATE
2b399e0b-57f5-4dcc-902c-f98887cc04a9,EMP0869,Worker_0869,RFID000869,Stores,WS-06,AFTERNOON,2,2026-10-02T13:55:23,OK,OK,36.43,70.5,98.1,0.219,39.27,MODERATE
e18e412b-996f-4b8a-b015-ddbebfd4028d,EMP0392,Worker_0392,RFID000392,Cutting,WS-02,AFTERNOON,2,2026-10-02T13:55:30,OK,SAD,36.67,75.3,97.4,0.398,33.59,LOW
9f85a93a-8681-4d19-9cd1-6c95c8f16646,EMP0016,Worker_0016,RFID000016,Maintenance,WS-06,AFTERNOON,2,2026-10-02T13:55:51,OK,HAPPY,36.45,67.7,98.2,0.405,46.3,MODERATE
513340c8-d855-4f93-9f09-adf90e6e3b63,EMP0224,Worker_0224,RFID000224,Stores,WS-08,AFTERNOON,2,2026-10-02T13:56:00,OK,OK,36.57,91.1,98.2,0.313,42.41,MODERATE
127e13a9-71ff-4119-9064-fa4a1be32e34,EMP0782,Worker_0782,RFID000782,Maintenance,WS-05,AFTERNOON,2,2026-10-02T13:56:09,SAD,SAD,36.75,90.2,97.2,0.356,91.62,HIGH
84cca1f9-ff94-4321-ad3b-a0541c00dbde,EMP0363,Worker_0363,RFID000363,Packaging,WS-04,AFTERNOON,2,2026-10-02T13:56:13,OK,OK,36.66,84.7,97.4,0.22,40.06,MODERATE
ecbe16b9-e0e4-42b9-92a9-68664ade6b2a,EMP0771,Worker_0771,RFID000771,Cutting,WS-07,AFTERNOON,2,2026-10-02T13:56:34,HAPPY,HAPPY,36.4,74.4,98.4,0.182,10.66,LOW
62585f03-6108-4b7d-ad96-8cd94b25b5b1,EMP0775,Worker_0775,RFID000775,Finishing,WS-09,AFTERNOON,2,2026-10-02T13:56:38,HAPPY,OK,36.72,67.2,98.8,0.297,11.72,LOW
aef81c53-fa4f-4ec4-b41b-8afce482c9d7,EMP0212,Worker_0212,RFID000212,Production,WS-06,AFTERNOON,2,2026-10-02T13:56:39,HAPPY,OK,36.63,79.1,97.2,0.368,6.56,LOW
e1b16107-a3f2-4149-9ff6-6e9d0e857655,EMP0337,Worker_0337,RFID000337,Stores,WS-02,AFTERNOON,2,2026-10-02T13:56:48,OK,OK,36.48,88.0,99.0,0.189,46.38,MODERATE
aedf7fc5-05a7-4392-a4e1-1a9bea9c0a4b,EMP0648,Worker_0648,RFID000648,Finishing,WS-04,AFTERNOON,2,2026-10-02T13:56:48,HAPPY,OK,36.15,83.9,98.4,0.302,8.32,LOW
f2f70698-ce3a-4c12-9ffd-c1bf5bb69b2b,EMP0619,Worker_0619,RFID000619,Quality,WS-10,AFTERNOON,2,2026-10-02T13:57:09,HAPPY,OK,36.59,70.3,97.2,0.187,7.48,LOW
5f630922-6e1e-47e9-a891-717956cf4278,EMP0368,Worker_0368,RFID000368,Finishing,WS-03,AFTERNOON,2,2026-10-02T13:57:12,HAPPY,HAPPY,36.19,76.5,97.6,0.263,8.86,LOW
1bfee52b-3ed6-4ae4-a39e-5f9816569e5c,EMP0915,Worker_0915,RFID000915,Stores,WS-01,AFTERNOON,2,2026-10-02T13:57:38,HAPPY,OK,36.24,70.9,98.8,0.286,12.31,LOW
ab9504db-cc8b-467a-962d-92c2b252d907,EMP0027,Worker_0027,RFID000027,Cutting,WS-07,AFTERNOON,2,2026-10-02T13:58:00,HAPPY,HAPPY,36.8,71.9,99.0,0.383,8.96,LOW
2750d696-fe34-49c8-94eb-f630376d7a20,EMP0248,Worker_0248,RFID000248,Cutting,WS-09,AFTERNOON,2,2026-10-02T13:58:05,SAD,HAPPY,36.76,87.3,98.0,0.479,76.25,HIGH
ae14955b-4628-4791-9816-f119a6d57a97,EMP0800,Worker_0800,RFID000800,Maintenance,WS-07,AFTERNOON,2,2026-10-02T13:58:19,OK,HAPPY,36.71,85.7,98.3,0.233,45.87,MODERATE
c2bc1a4c-ab64-427e-a2c2-dcf5c7fef6b8,EMP0330,Worker_0330,RFID000330,Cutting,WS-02,AFTERNOON,2,2026-10-02T13:58:28,HAPPY,HAPPY,36.53,79.6,98.9,0.247,6.57,LOW
d5e39d7e-4104-4869-91c1-36b35fd3b4b2,EMP0093,Worker_0093,RFID000093,Assembly,WS-09,AFTERNOON,2,2026-10-02T13:58:44,OK,HAPPY,36.59,87.7,97.7,0.359,38.93,MODERATE
c0f1ecc3-18ee-49fd-8590-5044808867d7,EMP0413,Worker_0413,RFID000413,Production,WS-04,AFTERNOON,2,2026-10-02T13:58:44,SAD,HAPPY,36.51,95.8,97.0,0.247,76.6,HIGH
22759fd8-fae3-4fd0-aef4-6c049ee26e6c,EMP0302,Worker_0302,RFID000302,Finishing,WS-04,AFTERNOON,2,2026-10-02T13:58:45,HAPPY,HAPPY,36.55,75.8,97.0,0.187,6.39,LOW
eb34f355-842b-49a4-bbe0-1d1ab44d0150,EMP0661,Worker_0661,RFID000661,Maintenance,WS-06,AFTERNOON,2,2026-10-02T13:58:59,SAD,HAPPY,36.67,81.7,97.7,0.517,79.41,HIGH
42c13c43-942b-43fa-a52c-40aa303cb45a,EMP0849,Worker_0849,RFID000849,Maintenance,WS-09,AFTERNOON,2,2026-10-02T13:59:10,OK,OK,36.3,81.3,97.3,0.215,39.8,MODERATE
a8a04823-1762-4741-81ea-d39c43f95f93,EMP0620,Worker_0620,RFID000620,Packaging,WS-09,AFTERNOON,2,2026-10-02T13:59:16,HAPPY,HAPPY,36.48,77.2,98.2,0.317,12.68,LOW
c86f0b6a-5598-4bac-895b-d76d514362f7,EMP0423,Worker_0423,RFID000423,Finishing,WS-06,AFTERNOON,2,2026-10-02T13:59:17,OK,OK,36.51,85.4,98.2,0.284,44.6,MODERATE
79369938-6ebd-413e-bc0d-fbb278d5fd1b,EMP0189,Worker_0189,RFID000189,Stores,WS-02,AFTERNOON,2,2026-10-02T14:00:25,HAPPY,OK,36.45,65.3,97.9,0.173,8.26,LOW
5629b205-1a73-41f3-9aba-21c0c4c3daac,EMP0604,Worker_0604,RFID000604,Assembly,WS-09,AFTERNOON,2,2026-10-02T14:00:43,OK,OK,36.63,87.6,98.0,0.253,45.6,MODERATE
73a338b7-8575-4ff1-924f-ff2cc4d9a5c5,EMP0305,Worker_0305,RFID000305,Stores,WS-07,AFTERNOON,2,2026-10-02T14:01:07,SAD,SAD,36.71,75.7,98.2,0.459,79.23,HIGH
939b91fd-ea82-4ece-85af-80964e3a70b5,EMP0497,Worker_0497,RFID000497,Production,WS-05,AFTERNOON,2,2026-10-02T14:01:09,SAD,OK,36.47,86.1,97.8,0.592,84.98,HIGH
5f761840-4b65-4a20-b411-9cb53df405a7,EMP0626,Worker_0626,RFID000626,Finishing,WS-08,AFTERNOON,2,2026-10-02T14:01:30,HAPPY,HAPPY,36.5,82.1,96.8,0.331,6.82,LOW
9d0c9a72-e226-4686-acda-85d9ba607682,EMP0289,Worker_0289,RFID000289,Packaging,WS-04,AFTERNOON,2,2026-10-02T14:01:34,HAPPY,HAPPY,36.26,69.9,97.3,0.388,6.43,LOW
e121fa54-ae10-4b1b-a92b-c5aa21bcf728,EMP0144,Worker_0144,RFID000144,Cutting,WS-02,AFTERNOON,2,2026-10-02T14:01:38,HAPPY,HAPPY,36.72,65.6,97.4,0.222,13.68,LOW
196e004c-fbc5-4d2c-b9b5-e415440242cc,EMP0537,Worker_0537,RFID000537,Quality,WS-02,AFTERNOON,2,2026-10-02T14:01:43,HAPPY,SAD,36.31,68.6,97.4,0.208,5.13,LOW
8625ac60-833a-45ab-9dcf-93e0c5dceac6,EMP0887,Worker_0887,RFID000887,Maintenance,WS-06,AFTERNOON,2,2026-10-02T14:01:48,SAD,OK,36.6,84.8,98.3,0.594,82.5,HIGH
6b074c31-3c8e-4c49-81ac-dc7cbd03c829,EMP0585,Worker_0585,RFID000585,Assembly,WS-02,AFTERNOON,2,2026-10-02T14:01:50,HAPPY,HAPPY,36.36,78.8,97.5,0.27,10.59,LOW
f6720936-9832-4814-a9b0-e7fc88cfa0ac,EMP0617,Worker_0617,RFID000617,Maintenance,WS-03,AFTERNOON,2,2026-10-02T14:02:02,OK,OK,36.29,77.4,98.3,0.261,34.11,LOW
1345f305-130c-429e-abc7-53b80791a9a8,EMP0639,Worker_0639,RFID000639,Packaging,WS-01,AFTERNOON,2,2026-10-02T14:02:05,HAPPY,HAPPY,36.31,74.6,98.4,0.229,11.64,LOW
1483a686-f841-41d1-82c2-629c42b74d0a,EMP0254,Worker_0254,RFID000254,Maintenance,WS-01,AFTERNOON,2,2026-10-02T14:02:06,HAPPY,SAD,36.41,76.5,97.5,0.423,17.77,LOW
9a0967ce-955b-43d0-b585-dc28ac5f6d35,EMP0874,Worker_0874,RFID000874,Cutting,WS-05,AFTERNOON,2,2026-10-02T14:02:19,HAPPY,OK,36.31,76.3,99.4,0.357,13.97,LOW
462fe889-cf12-4969-85c2-d5a39b70adc8,EMP0701,Worker_0701,RFID000701,Quality,WS-04,AFTERNOON,2,2026-10-02T14:02:25,HAPPY,HAPPY,36.52,78.5,98.3,0.205,6.11,LOW
e8894422-5fce-4f01-b1d9-b4ee5583fcaa,EMP0726,Worker_0726,RFID000726,Assembly,WS-01,AFTERNOON,2,2026-10-02T14:02:31,SAD,OK,37.04,83.6,97.2,0.586,83.35,HIGH
634e0724-bb63-4d82-a17b-9f9a0b7935da,EMP0764,Worker_0764,RFID000764,Cutting,WS-02,AFTERNOON,2,2026-10-02T14:02:36,SAD,HAPPY,36.81,94.5,99.0,0.485,83.96,HIGH
a1397d18-dcec-4940-8ef9-b6483848fd0f,EMP0143,Worker_0143,RFID000143,Stores,WS-10,AFTERNOON,2,2026-10-02T14:02:56,OK,HAPPY,36.46,75.2,98.4,0.428,43.11,MODERATE
3234051e-191e-477a-80ae-9b21ccd4bae7,EMP0192,Worker_0192,RFID000192,Quality,WS-09,AFTERNOON,2,2026-10-02T14:03:23,HAPPY,HAPPY,36.66,70.6,97.8,0.166,7.24,LOW
bd30c259-bf37-4a6d-aca1-48cfce20a119,EMP0511,Worker_0511,RFID000511,Finishing,WS-06,AFTERNOON,2,2026-10-02T14:03:38,SAD,SAD,36.81,86.4,97.3,0.784,89.14,HIGH
ff4febe6-7162-459d-ab69-bb19313c47f8,EMP0533,Worker_0533,RFID000533,Packaging,WS-09,AFTERNOON,2,2026-10-02T14:03:49,OK,OK,36.66,77.3,98.6,0.398,38.49,MODERATE
04db6290-c73d-4324-a232-4d96ef5f4333,EMP0941,Worker_0941,RFID000941,Production,WS-04,AFTERNOON,2,2026-10-02T14:03:52,SAD,OK,36.65,92.6,97.6,0.467,79.19,HIGH
c02dd6bd-91d9-42e5-90bd-d7cde8c9f4ff,EMP0259,Worker_0259,RFID000259,Quality,WS-08,AFTERNOON,2,2026-10-02T14:04:08,HAPPY,HAPPY,36.35,84.4,97.1,0.355,13.57,LOW
1ba5b729-9728-4c4d-8268-0c2f0d8f167e,EMP0688,Worker_0688,RFID000688,Packaging,WS-04,AFTERNOON,2,2026-10-02T14:04:42,HAPPY,HAPPY,36.29,82.9,97.6,0.19,8.99,LOW
94f337bd-c144-4cfd-be2f-cfca4a79e01d,EMP0692,Worker_0692,RFID000692,Production,WS-05,AFTERNOON,2,2026-10-02T14:04:52,OK,HAPPY,36.26,67.6,99.3,0.36,39.72,MODERATE
fa324ded-8d07-44dd-9f34-d3281cb31246,EMP0651,Worker_0651,RFID000651,Assembly,WS-04,AFTERNOON,2,2026-10-02T14:05:16,HAPPY,HAPPY,36.48,80.6,97.6,0.254,14.43,LOW
0f263e1a-9344-4834-b9e4-b2ae6fc5381a,EMP0261,Worker_0261,RFID000261,Maintenance,WS-05,AFTERNOON,2,2026-10-02T14:05:18,OK,HAPPY,36.77,81.3,97.7,0.277,38.67,MODERATE
7c2aad68-39bf-4dc2-9120-861ff19ec182,EMP0104,Worker_0104,RFID000104,Packaging,WS-07,AFTERNOON,2,2026-10-02T14:05:28,HAPPY,HAPPY,36.32,67.5,97.8,0.133,14.98,LOW
878512fd-1eab-453c-ba6a-0e69840d6ba6,EMP0984,Worker_0984,RFID000984,Assembly,WS-08,AFTERNOON,2,2026-10-02T14:05:52,HAPPY,HAPPY,36.52,76.4,97.6,0.163,14.97,LOW
8f505d55-d3ed-4c4e-925d-ae996d5a9c8b,EMP0987,Worker_0987,RFID000987,Stores,WS-03,AFTERNOON,2,2026-10-02T14:06:08,SAD,OK,36.49,84.5,98.3,0.265,71.54,HIGH
2863bcd4-1924-47d6-ac11-00265d59f640,EMP0875,Worker_0875,RFID000875,Finishing,WS-04,AFTERNOON,2,2026-10-02T14:06:25,OK,HAPPY,36.31,72.4,97.2,0.459,39.46,MODERATE
a570f6a0-352e-46ea-acfb-521f3e1706db,EMP0618,Worker_0618,RFID000618,Finishing,WS-07,AFTERNOON,2,2026-10-02T14:06:35,OK,HAPPY,36.72,75.2,97.6,0.365,40.35,MODERATE
9f56549e-a149-43b1-8c09-9b295a677048,EMP0784,Worker_0784,RFID000784,Production,WS-05,AFTERNOON,2,2026-10-02T14:06:59,OK,OK,36.15,80.2,96.8,0.381,39.53,MODERATE
af630820-6d2c-4c69-ab66-7993ec83b79b,EMP0795,Worker_0795,RFID000795,Stores,WS-03,AFTERNOON,2,2026-10-02T14:07:23,HAPPY,OK,36.13,69.2,97.3,0.199,14.53,LOW
d44d5d62-fff2-4ad7-83c0-985b737a2090,EMP0517,Worker_0517,RFID000517,Packaging,WS-08,AFTERNOON,2,2026-10-02T14:07:25,OK,HAPPY,36.61,84.1,97.2,0.266,34.96,LOW
1fec9320-3f0c-4b57-9006-0442198700a2,EMP0041,Worker_0041,RFID000041,Production,WS-09,AFTERNOON,2,2026-10-02T14:08:10,HAPPY,HAPPY,36.64,76.7,98.9,0.134,9.86,LOW
fc76b1e3-e366-4d9c-9585-5cbfbba13027,EMP0501,Worker_0501,RFID000501,Assembly,WS-10,AFTERNOON,2,2026-10-02T14:08:25,OK,OK,36.32,81.7,97.3,0.347,37.32,MODERATE
c84c7060-7bb0-4cbd-8ca9-acff6b53f8f6,EMP0154,Worker_0154,RFID000154,Finishing,WS-08,AFTERNOON,2,2026-10-02T14:08:29,OK,HAPPY,36.53,89.4,97.2,0.369,42.73,MODERATE
dca3d47f-f9d3-4158-97d6-4fc078812eee,EMP0253,Worker_0253,RFID000253,Finishing,WS-10,AFTERNOON,2,2026-10-02T14:08:30,SAD,OK,36.86,78.4,98.6,0.592,84.96,HIGH
beb8f90f-71e3-4777-8589-3048ec2d1322,EMP0132,Worker_0132,RFID000132,Maintenance,WS-09,AFTERNOON,2,2026-10-02T14:08:47,OK,HAPPY,36.37,70.7,97.1,0.278,39.61,MODERATE
4521ec6a-465c-4acb-a299-c3ff20a12549,EMP0733,Worker_0733,RFID000733,Assembly,WS-01,AFTERNOON,2,2026-10-02T14:09:34,OK,HAPPY,36.71,80.2,98.5,0.206,34.77,LOW
d6a831cf-efc1-4697-b4e2-2f6c40084f14,EMP0975,Worker_0975,RFID000975,Cutting,WS-02,AFTERNOON,2,2026-10-02T14:09:53,HAPPY,HAPPY,36.16,67.5,99.2,0.35,7.01,LOW
5948b37a-ca16-4ef8-a378-29c4a0a12d3d,EMP0358,Worker_0358,RFID000358,Cutting,WS-08,AFTERNOON,2,2026-10-02T14:09:58,SAD,HAPPY,36.82,83.5,97.0,0.299,73.29,HIGH
d3fd12dc-33c7-4df8-8dad-db2a5ea5db2e,EMP0190,Worker_0190,RFID000190,Quality,WS-06,AFTERNOON,2,2026-10-02T14:10:18,HAPPY,OK,36.55,69.1,98.6,0.143,5.19,LOW
790b8705-c54c-4c59-9986-ab4966412074,EMP0228,Worker_0228,RFID000228,Stores,WS-06,AFTERNOON,2,2026-10-02T14:10:49,HAPPY,HAPPY,36.3,76.4,97.3,0.269,14.81,LOW
6aa69317-9161-4d22-ac75-41be3ca98deb,EMP0603,Worker_0603,RFID000603,Production,WS-05,AFTERNOON,2,2026-10-02T14:11:07,HAPPY,SAD,36.49,68.7,97.3,0.257,6.3,LOW
28ee5679-40be-488d-8cd4-ebacb6e7bcb9,EMP0299,Worker_0299,RFID000299,Finishing,WS-06,AFTERNOON,2,2026-10-02T14:11:27,OK,HAPPY,36.7,72.3,98.5,0.233,36.25,MODERATE
529066e3-b308-4a53-8a19-73d9a592d017,EMP0011,Worker_0011,RFID000011,Maintenance,WS-02,AFTERNOON,2,2026-10-02T14:11:41,HAPPY,HAPPY,36.8,67.9,99.2,0.228,6.64,LOW
a8021c0e-85ff-415a-8097-1ff9a75195ff,EMP0365,Worker_0365,RFID000365,Maintenance,WS-10,AFTERNOON,2,2026-10-02T14:11:46,HAPPY,HAPPY,36.36,77.2,98.4,0.286,13.73,LOW
0bddac03-19ab-42b8-950a-cdc6e475d0dc,EMP0245,Worker_0245,RFID000245,Cutting,WS-09,AFTERNOON,2,2026-10-02T14:11:53,OK,OK,36.49,77.3,98.6,0.15,42.98,MODERATE
fbd1a50d-1c8c-4838-84f1-60233c099281,EMP0037,Worker_0037,RFID000037,Maintenance,WS-04,AFTERNOON,2,2026-10-02T14:11:55,OK,OK,36.48,77.8,98.1,0.256,38.52,MODERATE
89b6815b-882a-4d05-b9c3-99bec0a5fa9d,EMP0838,Worker_0838,RFID000838,Packaging,WS-10,AFTERNOON,2,2026-10-02T14:12:05,HAPPY,HAPPY,36.75,77.9,99.3,0.258,6.24,LOW
0e6591a1-1df0-4069-8d7a-cfca41a3f890,EMP0883,Worker_0883,RFID000883,Maintenance,WS-05,AFTERNOON,2,2026-10-02T14:12:18,OK,SAD,36.83,78.1,96.6,0.321,37.65,MODERATE
ff3fc652-1cf8-416d-b0e4-6e394ced2cf2,EMP0142,Worker_0142,RFID000142,Maintenance,WS-10,AFTERNOON,2,2026-10-02T14:12:33,OK,OK,36.63,75.6,97.5,0.329,35.45,MODERATE
a329838d-8cea-4f21-9b1d-fc26f4d864b0,EMP0862,Worker_0862,RFID000862,Finishing,WS-06,AFTERNOON,2,2026-10-02T14:12:39,SAD,HAPPY,37.0,80.0,96.6,0.557,81.89,HIGH
290e5c18-7bdd-4eb1-a313-03ca8002e3d3,EMP0796,Worker_0796,RFID000796,Assembly,WS-08,AFTERNOON,2,2026-10-02T14:13:07,HAPPY,SAD,36.61,72.5,98.0,0.151,8.12,LOW
6964e399-ab0b-40bd-a318-a432092f2a47,EMP0964,Worker_0964,RFID000964,Maintenance,WS-09,AFTERNOON,2,2026-10-02T14:13:07,OK,SAD,36.72,74.5,97.4,0.478,39.48,MODERATE
5581d15a-87a1-4603-ba60-a9e909002528,EMP0696,Worker_0696,RFID000696,Production,WS-01,AFTERNOON,2,2026-10-02T14:13:19,HAPPY,HAPPY,36.57,71.5,97.6,0.18,11.23,LOW
29cc93fe-ce6b-4bd2-b264-3e86f2076b46,EMP0513,Worker_0513,RFID000513,Assembly,WS-08,AFTERNOON,2,2026-10-02T14:13:21,SAD,OK,36.55,78.0,97.7,0.389,70.23,HIGH
c0e062a6-7261-49f4-9311-17f7ba16ed25,EMP0852,Worker_0852,RFID000852,Assembly,WS-02,AFTERNOON,2,2026-10-02T14:13:23,OK,HAPPY,36.43,78.7,96.6,0.221,36.02,MODERATE
ee2f3f6f-c34d-4ac6-b03c-858a69e7a520,EMP0340,Worker_0340,RFID000340,Cutting,WS-02,AFTERNOON,2,2026-10-02T14:13:29,OK,SAD,36.76,79.9,97.1,0.396,37.2,MODERATE
4c839a42-cbe4-4019-b3da-13fe7251846f,EMP0120,Worker_0120,RFID000120,Finishing,WS-09,AFTERNOON,2,2026-10-02T14:13:36,OK,OK,36.44,76.9,97.5,0.33,42.64,MODERATE
7eb347a8-8d6e-4293-9faf-a0d12747d82b,EMP0125,Worker_0125,RFID000125,Maintenance,WS-06,AFTERNOON,2,2026-10-02T14:13:43,OK,OK,36.51,77.1,97.5,0.387,37.14,MODERATE
73f8d551-abd7-49ef-9590-eec4b3b098f9,EMP0663,Worker_0663,RFID000663,Cutting,WS-08,AFTERNOON,2,2026-10-02T14:13:47,HAPPY,SAD,36.72,79.9,98.3,0.185,8.89,LOW
96e6fb6f-692d-4167-b815-52952004632a,EMP0246,Worker_0246,RFID000246,Finishing,WS-05,AFTERNOON,2,2026-10-02T14:14:00,SAD,SAD,36.98,95.3,96.2,0.503,92.34,HIGH
3aaa9fe2-4136-4287-9ad7-063863a3b7aa,EMP0171,Worker_0171,RFID000171,Assembly,WS-06,AFTERNOON,2,2026-10-02T14:14:11,HAPPY,HAPPY,36.38,76.8,98.2,0.261,14.47,LOW
64c7c3ec-3e9b-437e-9e75-af17bdb99766,EMP0870,Worker_0870,RFID000870,Cutting,WS-08,AFTERNOON,2,2026-10-02T14:14:20,SAD,SAD,36.8,79.0,97.4,0.38,79.76,HIGH
2499f25b-0c8e-45c8-a76c-b275189d40f7,EMP0521,Worker_0521,RFID000521,Packaging,WS-06,AFTERNOON,2,2026-10-02T14:14:22,SAD,OK,36.46,81.4,99.0,0.707,79.24,HIGH
c0d6a5f5-cd3e-41d4-b340-2a1d4e86a40f,EMP0074,Worker_0074,RFID000074,Cutting,WS-08,AFTERNOON,2,2026-10-02T14:14:29,HAPPY,HAPPY,36.33,68.7,98.3,0.184,9.49,LOW
cf1f0a13-f76a-4cb4-a0fb-2a072e015b6d,EMP0642,Worker_0642,RFID000642,Quality,WS-05,AFTERNOON,2,2026-10-02T14:15:29,SAD,OK,36.8,81.6,97.8,0.571,79.79,HIGH
57ebe42d-6d69-4f37-897f-898567299127,EMP0697,Worker_0697,RFID000697,Stores,WS-06,AFTERNOON,2,2026-10-02T14:15:29,OK,HAPPY,36.5,77.7,98.9,0.342,38.5,MODERATE
284e094e-554b-4b32-aaba-94b9a4c079ce,EMP0335,Worker_0335,RFID000335,Stores,WS-10,AFTERNOON,2,2026-10-02T14:15:50,SAD,SAD,36.6,87.6,97.5,0.673,90.44,HIGH
56859209-2caa-4c3b-bbf0-c1ccea3964be,EMP0828,Worker_0828,RFID000828,Cutting,WS-05,AFTERNOON,2,2026-10-02T14:15:56,SAD,OK,36.97,89.5,97.1,0.227,80.6,HIGH
04517ef5-8026-49e6-ac0d-f5aac3993bba,EMP0304,Worker_0304,RFID000304,Finishing,WS-02,AFTERNOON,2,2026-10-02T14:16:17,HAPPY,HAPPY,36.43,74.0,98.3,0.198,12.74,LOW
fffd425c-a254-4219-a740-31844490915a,EMP0276,Worker_0276,RFID000276,Stores,WS-04,AFTERNOON,2,2026-10-02T14:16:20,HAPPY,OK,36.22,67.7,98.3,0.219,13.04,LOW
268504d6-f3c0-49aa-958f-6a52806f0b11,EMP0788,Worker_0788,RFID000788,Cutting,WS-07,AFTERNOON,2,2026-10-02T14:16:21,OK,HAPPY,36.58,74.8,97.0,0.27,40.09,MODERATE
de277f5d-2b2f-44ca-8294-69d214f2fda0,EMP0273,Worker_0273,RFID000273,Packaging,WS-03,AFTERNOON,2,2026-10-02T14:16:22,HAPPY,HAPPY,36.7,76.0,98.5,0.244,10.93,LOW
0d2daaa0-db2d-4b74-b72f-f66a635a902a,EMP0480,Worker_0480,RFID000480,Finishing,WS-03,AFTERNOON,2,2026-10-02T14:16:37,SAD,OK,36.76,96.1,98.2,0.692,84.0,HIGH
65429e11-5d26-429b-8958-ea64821ad49b,EMP0735,Worker_0735,RFID000735,Maintenance,WS-05,AFTERNOON,2,2026-10-02T14:16:59,HAPPY,HAPPY,36.36,79.8,97.8,0.118,10.15,LOW
41f52fba-96e8-44c2-9e4d-e1167c39b6c2,EMP0864,Worker_0864,RFID000864,Finishing,WS-06,AFTERNOON,2,2026-10-02T14:17:24,HAPPY,SAD,36.55,78.2,99.5,0.119,5.64,LOW
60ce1b04-306a-4a58-af0e-db560f072d8c,EMP0616,Worker_0616,RFID000616,Finishing,WS-06,AFTERNOON,2,2026-10-02T14:17:30,HAPPY,OK,36.21,78.0,97.0,0.122,5.42,LOW
1b7e4e1c-2d9a-4a94-ab50-d730743ec08e,EMP0564,Worker_0564,RFID000564,Stores,WS-05,AFTERNOON,2,2026-10-02T14:17:32,OK,OK,36.33,80.1,98.8,0.168,35.44,MODERATE
3f03d79b-c7e3-4bad-8e9d-fd5c023dd1b1,EMP0178,Worker_0178,RFID000178,Maintenance,WS-06,AFTERNOON,2,2026-10-02T14:17:39,HAPPY,SAD,36.67,73.5,96.8,0.317,5.94,LOW
a309bc7d-d8d5-4137-8eab-a0b0b28fb288,EMP0404,Worker_0404,RFID000404,Packaging,WS-03,AFTERNOON,2,2026-10-02T14:17:57,OK,OK,36.49,74.4,97.5,0.274,34.19,LOW
1668c066-7d87-4cdf-8ba2-eb27ba4bc2ac,EMP0550,Worker_0550,RFID000550,Maintenance,WS-09,AFTERNOON,2,2026-10-02T14:18:04,HAPPY,OK,36.7,70.1,99.3,0.208,8.12,LOW
d8122aaf-d502-4215-8a4b-9c5d2dc64b3c,EMP0452,Worker_0452,RFID000452,Finishing,WS-10,AFTERNOON,2,2026-10-02T14:18:07,SAD,OK,36.76,97.2,96.4,0.586,88.61,HIGH
c4d57fea-a58d-45d7-bb3f-7291036239ab,EMP0274,Worker_0274,RFID000274,Cutting,WS-02,AFTERNOON,2,2026-10-02T14:18:10,HAPPY,HAPPY,36.35,71.9,97.4,0.195,9.25,LOW
7e2eacae-1dd8-4b16-bd0e-64e606c47f58,EMP0488,Worker_0488,RFID000488,Cutting,WS-08,AFTERNOON,2,2026-10-02T14:18:12,HAPPY,OK,36.13,73.9,97.3,0.249,9.01,LOW
9a91496c-1b9a-4d02-ae95-009e61d0b893,EMP0658,Worker_0658,RFID000658,Quality,WS-02,AFTERNOON,2,2026-10-02T14:18:19,SAD,OK,36.7,85.5,97.6,0.543,83.47,HIGH
e029fe5f-c609-4d62-99b5-502e6b15264b,EMP0484,Worker_0484,RFID000484,Production,WS-03,AFTERNOON,2,2026-10-02T14:18:32,SAD,OK,36.67,83.8,97.1,0.523,75.17,HIGH
35b650e3-47fd-4b85-9e2f-59b91dced02d,EMP0902,Worker_0902,RFID000902,Assembly,WS-02,AFTERNOON,2,2026-10-02T14:18:47,OK,SAD,36.49,77.6,97.7,0.169,42.33,MODERATE
5fbb1cb3-1ad5-4298-b9c3-bacbd3e576a6,EMP0364,Worker_0364,RFID000364,Quality,WS-10,AFTERNOON,2,2026-10-02T14:19:08,OK,OK,36.34,79.3,97.4,0.219,37.12,MODERATE
b3655e98-55d2-4f7c-8b65-16399d8818af,EMP0172,Worker_0172,RFID000172,Production,WS-04,AFTERNOON,2,2026-10-02T14:19:18,OK,HAPPY,36.54,77.1,96.7,0.307,39.27,MODERATE
0cec248d-7e8a-4b49-ba95-f48052655a39,EMP0288,Worker_0288,RFID000288,Production,WS-01,AFTERNOON,2,2026-10-02T14:19:25,HAPPY,HAPPY,36.52,85.1,98.8,0.225,16.35,LOW
b9d8c58a-632e-480e-9a7c-2aebb68214ea,EMP0506,Worker_0506,RFID000506,Cutting,WS-08,AFTERNOON,2,2026-10-02T14:19:41,SAD,HAPPY,36.67,93.2,98.1,0.385,82.51,HIGH
e469aa20-f65e-441d-908f-1394a9320668,EMP0612,Worker_0612,RFID000612,Finishing,WS-10,AFTERNOON,2,2026-10-02T14:19:43,OK,OK,36.57,74.6,98.5,0.403,45.8,MODERATE
178616bf-e62e-4b8b-a352-1f6047320eda,EMP0446,Worker_0446,RFID000446,Production,WS-06,AFTERNOON,2,2026-10-02T14:19:55,HAPPY,HAPPY,36.33,73.3,98.6,0.295,13.59,LOW
ebb4c846-1fe0-411e-8cf6-9bb4cd08bea0,EMP0215,Worker_0215,RFID000215,Finishing,WS-05,AFTERNOON,2,2026-10-02T14:19:57,OK,HAPPY,36.73,68.5,97.8,0.379,39.32,MODERATE
02508542-6d7b-41d2-ad50-45065b1780dc,EMP0779,Worker_0779,RFID000779,Assembly,WS-09,AFTERNOON,2,2026-10-02T14:20:09,SAD,OK,36.39,94.3,98.2,0.559,87.09,HIGH
fed7ee73-c978-4c5d-879d-1d0bc76ce5ef,EMP0787,Worker_0787,RFID000787,Production,WS-06,AFTERNOON,2,2026-10-02T14:20:19,HAPPY,HAPPY,36.69,88.0,98.6,0.243,12.31,LOW
08e4ee12-9e6b-4635-9805-b779607068d8,EMP0613,Worker_0613,RFID000613,Stores,WS-08,AFTERNOON,2,2026-10-02T14:20:42,HAPPY,HAPPY,36.81,83.1,97.7,0.177,7.36,LOW
752da63f-79ce-4f31-b66a-ad3686a3c8e3,EMP0716,Worker_0716,RFID000716,Quality,WS-07,AFTERNOON,2,2026-10-02T14:20:45,HAPPY,OK,36.5,72.1,97.8,0.22,13.59,LOW
9f60d89e-f9dd-4fd9-b80c-0455a28bc3ba,EMP0006,Worker_0006,RFID000006,Cutting,WS-02,AFTERNOON,2,2026-10-02T14:21:13,SAD,OK,36.94,87.8,97.7,0.417,81.07,HIGH
1ef6a6f1-1bab-4ab9-bbea-619da7f2d24c,EMP0722,Worker_0722,RFID000722,Maintenance,WS-01,AFTERNOON,2,2026-10-02T14:21:15,SAD,OK,36.99,90.1,97.7,0.392,80.72,HIGH
1625fd74-16db-442d-a62f-5f24138b1d31,EMP0448,Worker_0448,RFID000448,Cutting,WS-08,AFTERNOON,2,2026-10-02T14:21:17,OK,HAPPY,36.62,77.3,97.2,0.313,41.61,MODERATE
3e7bac0c-b5f1-4654-a6c4-54a01938ad22,EMP0163,Worker_0163,RFID000163,Cutting,WS-01,AFTERNOON,2,2026-10-02T14:21:22,HAPPY,SAD,36.35,84.6,97.7,0.255,8.4,LOW
44ac30f3-3946-4c5c-a468-49dba6b56bb8,EMP0519,Worker_0519,RFID000519,Maintenance,WS-09,AFTERNOON,2,2026-10-02T14:21:29,OK,HAPPY,36.61,79.6,96.6,0.272,39.79,MODERATE
eb1ec72a-cb68-4d7b-957a-2173f0d1a664,EMP0148,Worker_0148,RFID000148,Stores,WS-01,AFTERNOON,2,2026-10-02T14:21:33,OK,HAPPY,36.38,77.6,96.5,0.345,38.33,MODERATE
cee2aa06-e74c-4175-bcea-78feb4fbadfd,EMP0610,Worker_0610,RFID000610,Packaging,WS-08,AFTERNOON,2,2026-10-02T14:21:37,OK,OK,36.3,89.4,96.9,0.322,44.83,MODERATE
70fa4257-4e98-4d17-a263-8c3b363c2d11,EMP0357,Worker_0357,RFID000357,Stores,WS-01,AFTERNOON,2,2026-10-02T14:21:44,SAD,SAD,36.5,92.9,98.2,0.511,89.18,HIGH
1d682701-0bef-4c65-a1ab-54cf4a7eaf66,EMP0597,Worker_0597,RFID000597,Cutting,WS-10,AFTERNOON,2,2026-10-02T14:21:47,OK,SAD,36.33,81.3,98.8,0.203,41.35,MODERATE
0262185b-61a6-4e85-8102-71cba2016c6d,EMP0896,Worker_0896,RFID000896,Finishing,WS-06,AFTERNOON,2,2026-10-02T14:22:02,HAPPY,HAPPY,36.36,74.8,98.5,0.198,6.31,LOW
7c03995f-b386-492e-9c4e-b8073fc726e3,EMP0542,Worker_0542,RFID000542,Packaging,WS-04,AFTERNOON,2,2026-10-02T14:22:06,OK,HAPPY,36.42,78.6,97.4,0.429,39.24,MODERATE
bbc40959-06cd-4701-87a6-f972324fcc4e,EMP0971,Worker_0971,RFID000971,Maintenance,WS-02,AFTERNOON,2,2026-10-02T14:22:11,OK,OK,36.57,75.1,98.9,0.369,37.27,MODERATE
79b91c52-0de0-4479-b9aa-7da9d8da7a17,EMP0908,Worker_0908,RFID000908,Maintenance,WS-10,AFTERNOON,2,2026-10-02T14:22:17,HAPPY,HAPPY,36.55,73.4,98.3,0.253,14.38,LOW
4541bd1a-d226-489f-86a6-589000a682bd,EMP0683,Worker_0683,RFID000683,Production,WS-09,AFTERNOON,2,2026-10-02T14:22:30,HAPPY,OK,36.14,71.9,98.3,0.307,14.04,LOW
e249be33-45d0-4e59-8052-bf55b1de15e1,EMP0286,Worker_0286,RFID000286,Cutting,WS-06,AFTERNOON,2,2026-10-02T14:22:31,OK,OK,36.54,83.7,98.7,0.388,37.13,MODERATE
b8ba3e53-1035-4c41-8276-318349cbc1cf,EMP0939,Worker_0939,RFID000939,Cutting,WS-08,AFTERNOON,2,2026-10-02T14:22:55,HAPPY,HAPPY,36.89,83.7,98.9,0.403,14.81,LOW
1ec653f0-e81e-4535-95c1-d8fc182d6d36,EMP0931,Worker_0931,RFID000931,Packaging,WS-05,AFTERNOON,2,2026-10-02T14:22:57,OK,OK,36.6,77.4,97.3,0.385,34.87,LOW
1cf6b20e-e416-4d64-a6d1-8ed6856088dd,EMP0428,Worker_0428,RFID000428,Stores,WS-10,AFTERNOON,2,2026-10-02T14:23:13,SAD,OK,36.62,90.4,96.7,0.695,84.18,HIGH
da84e474-c904-4d97-96e0-d384aeae2828,EMP0055,Worker_0055,RFID000055,Cutting,WS-10,AFTERNOON,2,2026-10-02T14:23:26,OK,OK,36.15,76.2,97.7,0.353,37.83,MODERATE
d6f4fa3d-2c5c-4356-a05e-10a8c4012cb0,EMP0427,Worker_0427,RFID000427,Quality,WS-03,AFTERNOON,2,2026-10-02T14:23:49,OK,OK,36.34,74.8,98.6,0.222,35.18,MODERATE
31e106ca-6cb2-4b42-bc11-baf8db44b1cb,EMP0845,Worker_0845,RFID000845,Packaging,WS-02,AFTERNOON,2,2026-10-02T14:23:55,OK,OK,36.49,78.9,98.6,0.401,41.52,MODERATE
5bc098ae-f652-475f-8df8-3f693c7e66ac,EMP0081,Worker_0081,RFID000081,Assembly,WS-03,AFTERNOON,2,2026-10-02T14:23:58,HAPPY,SAD,36.16,81.7,97.0,0.149,8.27,LOW
b1799955-1adb-4429-bf6f-950f37ac945e,EMP0204,Worker_0204,RFID000204,Finishing,WS-03,AFTERNOON,2,2026-10-02T14:24:46,HAPPY,HAPPY,36.37,74.8,98.6,0.29,8.23,LOW
d7a3f0ba-b6b3-4245-a069-033b9ebf7ed7,EMP0264,Worker_0264,RFID000264,Finishing,WS-04,AFTERNOON,2,2026-10-02T14:24:52,SAD,HAPPY,36.65,79.5,99.0,0.616,77.66,HIGH
06942189-0b75-48d4-997a-af575a3e354e,EMP0049,Worker_0049,RFID000049,Quality,WS-07,AFTERNOON,2,2026-10-02T14:24:53,OK,HAPPY,36.7,67.6,97.4,0.421,46.57,MODERATE
59f3638f-2da2-415f-98a5-ee67e353712d,EMP0469,Worker_0469,RFID000469,Cutting,WS-01,AFTERNOON,2,2026-10-02T14:24:54,HAPPY,HAPPY,36.49,66.7,98.4,0.399,12.53,LOW
49ac3218-d20b-4ea2-89ed-8484568a6b5a,EMP0557,Worker_0557,RFID000557,Assembly,WS-05,AFTERNOON,2,2026-10-02T14:25:02,OK,OK,36.6,65.9,97.8,0.331,38.84,MODERATE
060d23df-622b-4a2b-b814-86a320d4b21c,EMP0331,Worker_0331,RFID000331,Cutting,WS-03,AFTERNOON,2,2026-10-02T14:25:36,OK,OK,36.39,73.2,97.3,0.177,37.87,MODERATE
c42a6b37-5f73-4c53-bb31-332bb6ad6788,EMP0622,Worker_0622,RFID000622,Stores,WS-08,AFTERNOON,2,2026-10-02T14:25:36,OK,HAPPY,36.51,76.6,98.2,0.326,38.64,MODERATE
041cba9f-9efa-4951-a637-0df8f7704fb3,EMP0198,Worker_0198,RFID000198,Stores,WS-10,AFTERNOON,2,2026-10-02T14:25:54,HAPPY,OK,36.37,81.8,97.4,0.288,7.08,LOW
22f76a66-0c88-411e-a9c3-4b5c0fe73b8c,EMP0700,Worker_0700,RFID000700,Packaging,WS-07,AFTERNOON,2,2026-10-02T14:26:16,HAPPY,HAPPY,36.34,65.6,99.3,0.339,12.67,LOW
ec5ef559-9075-428d-8b13-1b7cd1754f34,EMP0919,Worker_0919,RFID000919,Cutting,WS-05,AFTERNOON,2,2026-10-02T14:26:20,SAD,SAD,36.71,85.4,96.1,0.289,82.03,HIGH
9e4952da-98cb-411c-a648-a9b078ddf516,EMP0614,Worker_0614,RFID000614,Maintenance,WS-07,AFTERNOON,2,2026-10-02T14:26:37,HAPPY,HAPPY,36.61,74.1,98.3,0.327,11.83,LOW
cb516e1d-a3d7-4156-be58-ebb4399061cc,EMP0068,Worker_0068,RFID000068,Quality,WS-08,AFTERNOON,2,2026-10-02T14:26:40,OK,OK,36.52,70.8,98.5,0.245,37.02,MODERATE
485b6966-c1f9-4c80-9d2e-18673dabe3bc,EMP0298,Worker_0298,RFID000298,Cutting,WS-09,AFTERNOON,2,2026-10-02T14:26:59,HAPPY,HAPPY,36.51,73.8,97.5,0.125,9.02,LOW
587d6c73-b1f9-4931-bb83-b54803daf1c2,EMP0699,Worker_0699,RFID000699,Maintenance,WS-04,AFTERNOON,2,2026-10-02T14:27:31,SAD,HAPPY,36.88,81.4,97.9,0.365,69.58,HIGH
0b609564-a142-4223-95fe-caf6b173cb54,EMP0901,Worker_0901,RFID000901,Finishing,WS-06,AFTERNOON,2,2026-10-02T14:27:44,HAPPY,SAD,36.81,69.4,97.6,0.179,13.54,LOW
6151115a-77c3-4c69-a531-289f8d559946,EMP1000,Worker_1000,RFID001000,Cutting,WS-07,AFTERNOON,2,2026-10-02T14:27:57,OK,SAD,36.88,87.8,98.6,0.383,39.08,MODERATE
af1c63aa-c1c4-49ea-8765-5752c5a03724,EMP0753,Worker_0753,RFID000753,Quality,WS-10,AFTERNOON,2,2026-10-02T14:28:17,HAPPY,SAD,36.6,75.5,98.6,0.22,7.4,LOW
592dd0de-4792-4b84-a8ac-6b5c53dd01f0,EMP0876,Worker_0876,RFID000876,Finishing,WS-02,AFTERNOON,2,2026-10-02T14:28:18,HAPPY,SAD,36.77,77.5,98.5,0.181,8.4,LOW
6fbd2316-223f-412d-a711-3393202086d6,EMP0222,Worker_0222,RFID000222,Production,WS-03,AFTERNOON,2,2026-10-02T14:28:40,OK,OK,36.61,86.6,97.7,0.24,37.43,MODERATE
45bdd834-ad01-4eff-86f9-39a82b690b9d,EMP0657,Worker_0657,RFID000657,Finishing,WS-04,AFTERNOON,2,2026-10-02T14:28:40,OK,SAD,36.55,79.8,97.3,0.322,38.37,MODERATE
a650101b-1747-4bba-9bd0-ca89dad1d14a,EMP0979,Worker_0979,RFID000979,Cutting,WS-02,AFTERNOON,2,2026-10-02T14:28:46,HAPPY,HAPPY,36.9,83.0,97.6,0.238,6.29,LOW
475f8eed-9e80-437f-8faa-2223f778b43f,EMP0391,Worker_0391,RFID000391,Assembly,WS-05,AFTERNOON,2,2026-10-02T14:28:47,HAPPY,HAPPY,36.59,77.7,98.6,0.161,13.72,LOW
ed79a3d0-0848-45ed-99dd-2cfdc2735cb7,EMP0091,Worker_0091,RFID000091,Packaging,WS-05,AFTERNOON,2,2026-10-02T14:29:02,SAD,OK,36.78,93.2,98.0,0.36,75.26,HIGH
cd54f9c7-55fb-4fe8-b643-a07170e3a1cc,EMP0062,Worker_0062,RFID000062,Packaging,WS-05,AFTERNOON,2,2026-10-02T14:29:05,SAD,HAPPY,36.56,78.6,96.8,0.535,77.95,HIGH
a4ac3740-6365-41c1-9cbd-59a7bb284812,EMP0605,Worker_0605,RFID000605,Cutting,WS-10,AFTERNOON,2,2026-10-02T14:29:06,SAD,OK,36.71,90.5,97.0,0.674,89.19,HIGH
125f3a45-5f45-44ed-9c8c-5b11c1639993,EMP0581,Worker_0581,RFID000581,Packaging,WS-07,AFTERNOON,2,2026-10-02T14:29:10,HAPPY,SAD,36.71,79.3,99.2,0.215,6.75,LOW
88c63433-5d75-4a79-9456-a383d142e9ca,EMP0232,Worker_0232,RFID000232,Assembly,WS-03,AFTERNOON,2,2026-10-02T14:29:35,HAPPY,HAPPY,36.47,80.0,98.5,0.293,12.2,LOW
605a64b8-573e-4561-b077-71063b751b1a,EMP0577,Worker_0577,RFID000577,Assembly,WS-04,AFTERNOON,2,2026-10-02T14:29:37,OK,HAPPY,36.58,79.8,96.9,0.292,39.84,MODERATE
de53f710-cf93-4d05-8414-156e376cae7f,EMP0203,Worker_0203,RFID000203,Stores,WS-02,AFTERNOON,2,2026-10-02T14:30:08,HAPPY,HAPPY,36.6,75.4,97.9,0.11,12.12,LOW
590555db-3273-4ad7-8076-a2ba050c3b07,EMP0271,Worker_0271,RFID000271,Finishing,WS-03,AFTERNOON,2,2026-10-02T14:30:44,HAPPY,HAPPY,36.52,81.3,97.3,0.124,13.32,LOW
391664f1-94f3-4c6d-ba54-e90e85f43f63,EMP0278,Worker_0278,RFID000278,Finishing,WS-03,AFTERNOON,2,2026-10-02T14:30:50,OK,OK,36.94,79.6,97.6,0.282,38.04,MODERATE
fb709e2c-228b-423e-9e03-cef981616bd5,EMP0438,Worker_0438,RFID000438,Assembly,WS-06,AFTERNOON,2,2026-10-02T14:31:08,HAPPY,OK,36.38,71.1,97.3,0.121,13.21,LOW
a2b36a8b-fb98-4d3f-8972-26775cc8b0a9,EMP0588,Worker_0588,RFID000588,Cutting,WS-03,AFTERNOON,2,2026-10-02T14:31:39,OK,OK,36.62,72.4,99.3,0.189,33.18,LOW
08c5c1cd-839b-4d53-894f-dec4d2df33ad,EMP0111,Worker_0111,RFID000111,Cutting,WS-09,AFTERNOON,2,2026-10-02T14:32:05,HAPPY,OK,36.3,66.7,98.1,0.114,12.62,LOW
64c52fc0-9e29-4deb-9aab-8aa8c5c4dd62,EMP0394,Worker_0394,RFID000394,Maintenance,WS-03,AFTERNOON,2,2026-10-02T14:33:51,HAPPY,HAPPY,36.45,69.0,98.6,0.275,11.84,LOW
12ed13fa-94f8-4385-ac97-678ecf39e9cc,EMP0492,Worker_0492,RFID000492,Quality,WS-06,AFTERNOON,2,2026-10-02T14:33:51,HAPPY,HAPPY,36.52,82.2,97.4,0.109,9.24,LOW
b5689a9e-f4a8-4017-b517-1e6be753c157,EMP0354,Worker_0354,RFID000354,Maintenance,WS-10,AFTERNOON,2,2026-10-02T14:33:54,HAPPY,HAPPY,36.61,77.4,98.2,0.119,5.13,LOW
d0565ea1-d5bd-4b64-b77f-9801cfabe4e7,EMP0789,Worker_0789,RFID000789,Stores,WS-01,AFTERNOON,2,2026-10-02T14:34:34,HAPPY,HAPPY,36.75,81.4,97.5,0.169,13.42,LOW
6f29925b-0693-45fb-9333-34bc52f688fb,EMP0249,Worker_0249,RFID000249,Quality,WS-02,AFTERNOON,2,2026-10-02T14:35:05,OK,HAPPY,36.63,75.9,97.8,0.497,40.91,MODERATE
45c96f36-8850-4efe-b1d0-b15e0e0786ea,EMP0440,Worker_0440,RFID000440,Cutting,WS-06,AFTERNOON,2,2026-10-02T14:35:15,OK,OK,36.4,80.4,97.5,0.495,40.71,MODERATE
7f162e5a-ad95-4336-9130-d84c58d9b2d2,EMP0005,Worker_0005,RFID000005,Assembly,WS-06,AFTERNOON,2,2026-10-02T14:35:33,SAD,OK,36.65,95.9,98.7,0.516,87.6,HIGH
6c1b8892-ce0a-4ec9-8d50-640c954d94f2,EMP0217,Worker_0217,RFID000217,Cutting,WS-06,AFTERNOON,2,2026-10-02T14:35:50,HAPPY,OK,36.53,79.6,98.5,0.398,11.41,LOW
5fc14da7-b4ab-4550-93de-9c39eac4cc20,EMP0300,Worker_0300,RFID000300,Production,WS-02,AFTERNOON,2,2026-10-02T14:35:58,OK,HAPPY,36.71,71.0,98.0,0.263,36.23,MODERATE
12e2f8fa-6b1b-49c4-ac33-1d8d9411cc45,EMP0912,Worker_0912,RFID000912,Quality,WS-08,AFTERNOON,2,2026-10-02T14:36:18,OK,OK,36.53,69.6,98.1,0.37,42.26,MODERATE
a2aebeee-f2d0-44ee-b3e7-caa194d3aabf,EMP0058,Worker_0058,RFID000058,Packaging,WS-07,AFTERNOON,2,2026-10-02T14:36:26,OK,OK,36.27,79.3,99.4,0.258,40.99,MODERATE
31e39490-4997-432b-bb30-ee4ea93736f7,EMP0903,Worker_0903,RFID000903,Quality,WS-02,AFTERNOON,2,2026-10-02T14:36:41,OK,OK,36.51,76.4,97.2,0.394,37.83,MODERATE
150236f5-97fe-4240-8863-a86f0610011a,EMP0252,Worker_0252,RFID000252,Quality,WS-07,AFTERNOON,2,2026-10-02T14:36:48,SAD,OK,36.82,90.6,96.5,0.468,82.8,HIGH
c698f4d4-28f5-4443-9ff2-5e92033c2850,EMP0038,Worker_0038,RFID000038,Finishing,WS-06,AFTERNOON,2,2026-10-02T14:37:48,HAPPY,SAD,36.78,80.1,96.7,0.233,5.11,LOW
5faaa18c-ba3e-4236-80ed-56b9c66e02fa,EMP0840,Worker_0840,RFID000840,Finishing,WS-08,AFTERNOON,2,2026-10-02T14:37:51,SAD,SAD,36.76,79.0,96.7,0.551,88.86,HIGH
470c7efd-569e-42d7-84e2-9817590d27b5,EMP0013,Worker_0013,RFID000013,Cutting,WS-10,AFTERNOON,2,2026-10-02T14:37:54,HAPPY,OK,36.33,75.9,100,0.295,6.84,LOW
72360226-d994-4aec-941e-386b18d8fa0f,EMP0080,Worker_0080,RFID000080,Assembly,WS-10,AFTERNOON,2,2026-10-02T14:37:58,SAD,OK,36.62,89.7,96.6,0.395,75.95,HIGH
25ae6a1f-8995-4d6d-bdeb-9050330ab5c6,EMP0529,Worker_0529,RFID000529,Stores,WS-02,AFTERNOON,2,2026-10-02T14:38:09,OK,OK,36.38,85.1,97.5,0.408,43.43,MODERATE
883e8c8f-ded5-4b18-962d-baff8adab31f,EMP0069,Worker_0069,RFID000069,Finishing,WS-04,AFTERNOON,2,2026-10-02T14:38:26,HAPPY,HAPPY,36.24,77.2,97.8,0.225,10.08,LOW
538a0c83-e114-4395-8562-d94d43fb0a91,EMP0740,Worker_0740,RFID000740,Stores,WS-02,AFTERNOON,2,2026-10-02T14:38:29,OK,HAPPY,36.54,90.9,97.0,0.441,50.94,MODERATE
b1029c2b-1ccb-4e69-9965-1dfaeb02ffb5,EMP0453,Worker_0453,RFID000453,Quality,WS-02,AFTERNOON,2,2026-10-02T14:38:52,HAPPY,HAPPY,36.39,82.1,99.7,0.122,10.73,LOW
94d8c66f-c7c1-48b9-a906-5ba3046585f4,EMP0196,Worker_0196,RFID000196,Quality,WS-08,AFTERNOON,2,2026-10-02T14:39:30,OK,OK,36.39,77.4,98.8,0.414,37.66,MODERATE
3b1b4aa7-0ea2-4d66-86b7-7c53bcf3d55f,EMP0244,Worker_0244,RFID000244,Packaging,WS-03,AFTERNOON,2,2026-10-02T14:41:15,HAPPY,HAPPY,36.45,73.7,97.5,0.192,5.99,LOW
cb8ced89-a09b-48dd-be96-3431706837ff,EMP0166,Worker_0166,RFID000166,Production,WS-10,AFTERNOON,2,2026-10-02T14:41:50,HAPPY,HAPPY,36.85,75.8,97.6,0.124,5.37,LOW
d286265f-2d4e-492f-9f40-82eec4d307d5,EMP0944,Worker_0944,RFID000944,Finishing,WS-06,AFTERNOON,2,2026-10-02T14:42:08,OK,OK,36.76,85.7,98.2,0.178,45.71,MODERATE
d4386a44-3e05-4075-90bf-82fbb5f45208,EMP0455,Worker_0455,RFID000455,Quality,WS-10,AFTERNOON,2,2026-10-02T14:42:35,SAD,HAPPY,36.82,83.5,98.9,0.386,74.96,HIGH
a576bfd9-5d73-4ea2-acb4-9d84e8ef8975,EMP0416,Worker_0416,RFID000416,Packaging,WS-03,AFTERNOON,2,2026-10-02T14:42:51,OK,OK,36.45,77.1,98.0,0.399,33.47,LOW
317e64ee-dcc9-431e-8885-0a19e80ef70a,EMP0498,Worker_0498,RFID000498,Cutting,WS-02,AFTERNOON,2,2026-10-02T14:42:55,HAPPY,OK,36.52,77.2,97.9,0.292,11.81,LOW
5a6c2eaf-afbd-4d62-a61c-ec5252433344,EMP0122,Worker_0122,RFID000122,Cutting,WS-07,AFTERNOON,2,2026-10-02T14:43:11,HAPPY,HAPPY,36.53,84.1,98.2,0.169,14.62,LOW
0c0e2e8c-1027-4359-b140-de79078242b2,EMP0518,Worker_0518,RFID000518,Finishing,WS-06,AFTERNOON,2,2026-10-02T14:43:36,HAPPY,HAPPY,36.4,81.1,98.5,0.238,10.58,LOW
9b23afc5-2075-44a8-aff0-090001c52945,EMP0946,Worker_0946,RFID000946,Assembly,WS-03,AFTERNOON,2,2026-10-02T14:43:43,HAPPY,HAPPY,36.49,81.8,97.5,0.349,12.11,LOW
97884508-41bb-46cf-bef8-cdf87351d5f4,EMP0072,Worker_0072,RFID000072,Production,WS-10,AFTERNOON,2,2026-10-02T14:43:57,OK,OK,36.24,73.1,96.9,0.355,37.85,MODERATE
d07f4764-c257-4571-aba4-db4b2fb1b13b,EMP0152,Worker_0152,RFID000152,Quality,WS-02,AFTERNOON,2,2026-10-02T14:44:00,HAPPY,OK,36.36,72.2,96.5,0.318,12.64,LOW
298b81f9-4d62-463b-898b-3939328a4463,EMP0283,Worker_0283,RFID000283,Finishing,WS-05,AFTERNOON,2,2026-10-02T14:44:11,HAPPY,SAD,36.39,73.3,98.8,0.406,13.21,LOW
54fcaf34-9cd4-41c2-95ae-4ec036872a38,EMP0528,Worker_0528,RFID000528,Maintenance,WS-06,AFTERNOON,2,2026-10-02T14:44:27,OK,HAPPY,36.3,86.5,97.8,0.386,37.5,MODERATE
78f4c39a-4872-4cca-af76-9004cfd57172,EMP0790,Worker_0790,RFID000790,Maintenance,WS-08,AFTERNOON,2,2026-10-02T14:45:58,HAPPY,OK,36.68,80.1,98.7,0.254,12.12,LOW
905c8e31-0cae-414d-a636-5f14c4f3a835,EMP0968,Worker_0968,RFID000968,Quality,WS-02,AFTERNOON,2,2026-10-02T14:46:41,HAPPY,HAPPY,36.37,69.9,98.0,0.319,8.47,LOW
789d5fce-b280-4e86-b52c-43f34b502526,EMP0966,Worker_0966,RFID000966,Packaging,WS-03,AFTERNOON,2,2026-10-02T14:47:48,OK,OK,36.32,70.4,97.8,0.284,39.21,MODERATE
9e04ea8d-7942-4df8-a871-5eb8909963c0,EMP0989,Worker_0989,RFID000989,Cutting,WS-10,AFTERNOON,2,2026-10-02T14:48:07,SAD,SAD,36.43,96.1,98.7,0.432,89.1,HIGH
03f9e0f7-d7e8-4295-a01b-2136bdd3d1dd,EMP0258,Worker_0258,RFID000258,Production,WS-03,AFTERNOON,2,2026-10-02T14:48:28,OK,HAPPY,36.59,73.7,99.1,0.39,35.69,MODERATE
958639dc-61a8-45c1-8b4b-b50785bb8f1f,EMP0841,Worker_0841,RFID000841,Quality,WS-06,AFTERNOON,2,2026-10-02T14:48:32,OK,SAD,36.58,72.0,97.0,0.331,39.86,MODERATE
748ba67c-35d6-4abe-a396-ceac3b148f83,EMP0082,Worker_0082,RFID000082,Cutting,WS-07,AFTERNOON,2,2026-10-02T14:48:38,SAD,HAPPY,36.44,101.2,97.2,0.603,92.47,HIGH
3fffdfe5-124a-4839-a1df-dc9c3544c003,EMP0625,Worker_0625,RFID000625,Packaging,WS-10,AFTERNOON,2,2026-10-02T14:48:43,OK,OK,36.63,85.9,96.8,0.403,49.5,MODERATE
24ceebbf-8b37-4422-8524-b43c5397c0c8,EMP0880,Worker_0880,RFID000880,Finishing,WS-03,AFTERNOON,2,2026-10-02T14:48:44,HAPPY,SAD,36.2,74.4,98.2,0.234,13.18,LOW
e1f0f553-175a-43c1-ba5c-1bb63833ab0d,EMP0088,Worker_0088,RFID000088,Production,WS-08,AFTERNOON,2,2026-10-02T14:48:48,OK,OK,36.27,89.0,97.1,0.486,44.18,MODERATE
7cee8455-df2d-41fe-b72f-15df969c215a,EMP0940,Worker_0940,RFID000940,Stores,WS-05,AFTERNOON,2,2026-10-02T14:48:54,SAD,SAD,36.9,75.7,97.9,0.672,88.03,HIGH
82950cfe-ef6b-4713-aba0-8d7f81bcae8d,EMP0924,Worker_0924,RFID000924,Packaging,WS-06,AFTERNOON,2,2026-10-02T14:49:10,HAPPY,OK,36.69,78.4,97.8,0.286,9.74,LOW
32d3b367-278d-4f43-a40e-555d8e981875,EMP0682,Worker_0682,RFID000682,Assembly,WS-04,AFTERNOON,2,2026-10-02T14:49:27,HAPPY,HAPPY,36.45,74.5,97.5,0.16,13.3,LOW
d283b051-cd16-4a1d-aefb-4226faee9f7c,EMP0679,Worker_0679,RFID000679,Stores,WS-06,AFTERNOON,2,2026-10-02T14:49:48,OK,SAD,36.59,79.8,97.9,0.239,36.2,MODERATE
962662b8-f0ed-4612-866a-c9a71a78d45a,EMP0061,Worker_0061,RFID000061,Quality,WS-02,AFTERNOON,2,2026-10-02T14:49:53,SAD,SAD,36.82,87.6,97.1,0.311,86.69,HIGH
0b5bd635-6171-4070-9546-dfe1c6e58347,EMP0544,Worker_0544,RFID000544,Packaging,WS-01,AFTERNOON,2,2026-10-02T14:49:55,SAD,OK,36.42,90.1,98.6,0.601,89.27,HIGH
258684a2-05e2-41ba-9fd8-feeb3dffe9fa,EMP0803,Worker_0803,RFID000803,Quality,WS-09,AFTERNOON,2,2026-10-02T14:50:24,SAD,SAD,36.5,90.9,98.2,0.597,99.1,HIGH
6338ab4a-1e7f-4f93-a098-19bb12963133,EMP0044,Worker_0044,RFID000044,Maintenance,WS-01,AFTERNOON,2,2026-10-02T14:50:26,OK,OK,36.83,71.2,98.4,0.247,35.76,MODERATE
369237df-d005-46a5-b883-20f53a2c14df,EMP0461,Worker_0461,RFID000461,Maintenance,WS-06,AFTERNOON,2,2026-10-02T14:50:51,HAPPY,OK,36.6,71.8,97.8,0.113,13.06,LOW
96712292-4048-4334-b2f4-05e9e61aeb61,EMP0419,Worker_0419,RFID000419,Cutting,WS-08,AFTERNOON,2,2026-10-02T14:50:59,HAPPY,OK,36.6,61.8,97.3,0.109,8.41,LOW
ab043e2b-59d6-4832-89e4-b18ea701b912,EMP0291,Worker_0291,RFID000291,Production,WS-08,AFTERNOON,2,2026-10-02T14:51:00,HAPPY,OK,36.7,78.3,96.7,0.3,13.1,LOW
a654d78e-2649-465d-8fd5-b844b389eab0,EMP0459,Worker_0459,RFID000459,Maintenance,WS-07,AFTERNOON,2,2026-10-02T14:51:23,OK,HAPPY,36.76,83.1,98.0,0.318,37.15,MODERATE
3ccd4b47-df87-4d1c-b86d-8b5ba14ec883,EMP0797,Worker_0797,RFID000797,Production,WS-10,AFTERNOON,2,2026-10-02T14:51:25,HAPPY,HAPPY,36.8,77.9,99.7,0.179,8.53,LOW
719555cc-0458-406a-9890-6b095eca94d0,EMP0071,Worker_0071,RFID000071,Stores,WS-09,AFTERNOON,2,2026-10-02T14:51:30,HAPPY,HAPPY,36.23,75.5,98.6,0.23,14.23,LOW
336492bb-4de5-4ae8-9274-c9a5c4ca3c3d,EMP0379,Worker_0379,RFID000379,Cutting,WS-02,AFTERNOON,2,2026-10-02T14:51:33,SAD,HAPPY,36.48,95.5,97.0,0.478,82.39,HIGH
9d96ce20-15cd-43bb-b766-515d76d4daf2,EMP0319,Worker_0319,RFID000319,Maintenance,WS-01,AFTERNOON,2,2026-10-02T14:51:42,OK,HAPPY,36.6,84.7,97.4,0.341,39.32,MODERATE
8a1be94c-c971-4bb2-bbbb-884f6274665f,EMP0540,Worker_0540,RFID000540,Maintenance,WS-08,AFTERNOON,2,2026-10-02T14:51:50,OK,SAD,36.66,80.7,96.6,0.278,35.26,MODERATE
640d6ebe-a1b8-452b-a1b4-c6f942796af0,EMP0649,Worker_0649,RFID000649,Packaging,WS-08,AFTERNOON,2,2026-10-02T14:52:36,SAD,OK,37.04,86.2,98.6,0.475,87.72,HIGH
7ead7d90-fd8e-486f-80f4-3d06665270ac,EMP0134,Worker_0134,RFID000134,Cutting,WS-10,AFTERNOON,2,2026-10-02T14:52:37,SAD,SAD,36.5,80.9,98.1,0.225,81.96,HIGH
db19078f-cdc3-43f7-8b6d-d72ea335177d,EMP0495,Worker_0495,RFID000495,Production,WS-10,AFTERNOON,2,2026-10-02T14:52:51,HAPPY,HAPPY,36.53,79.6,98.8,0.088,8.1,LOW
be6255fd-9c0d-4455-be9f-2bcab290bcd2,EMP0935,Worker_0935,RFID000935,Quality,WS-04,AFTERNOON,2,2026-10-02T14:52:54,SAD,OK,36.9,80.7,97.4,0.518,78.04,HIGH
1c49441b-f1dd-4187-862c-c50f1252f946,EMP0927,Worker_0927,RFID000927,Finishing,WS-05,AFTERNOON,2,2026-10-02T14:53:13,SAD,HAPPY,36.48,92.9,97.2,0.611,86.84,HIGH
b984c705-8e93-493d-acd1-46a959a1ed07,EMP0665,Worker_0665,RFID000665,Production,WS-06,AFTERNOON,2,2026-10-02T14:53:17,HAPPY,OK,36.82,78.1,97.3,0.287,12.57,LOW
4874436a-811b-4cfd-879e-d133bb856549,EMP0462,Worker_0462,RFID000462,Assembly,WS-04,AFTERNOON,2,2026-10-02T14:53:21,SAD,HAPPY,36.98,78.6,98.4,0.495,72.81,HIGH
f882e0de-df7a-4edf-9b15-c6d4a6439f76,EMP0150,Worker_0150,RFID000150,Packaging,WS-02,AFTERNOON,2,2026-10-02T14:53:38,HAPPY,OK,36.52,80.9,98.0,0.334,14.71,LOW
fcfd71f9-fd48-40d0-9cb3-f0ffbe79beec,EMP0315,Worker_0315,RFID000315,Cutting,WS-02,AFTERNOON,2,2026-10-02T14:54:37,HAPPY,HAPPY,36.44,74.8,97.6,0.429,18.93,LOW
b0296081-96e5-4a40-b2b5-eece1b097cb0,EMP0799,Worker_0799,RFID000799,Quality,WS-02,AFTERNOON,2,2026-10-02T14:54:54,SAD,SAD,36.56,92.7,97.8,0.632,93.98,HIGH
7d444bad-d5a9-488b-980e-03d26b2c9053,EMP0890,Worker_0890,RFID000890,Assembly,WS-01,AFTERNOON,2,2026-10-02T14:55:00,SAD,OK,36.81,93.0,96.3,0.518,80.29,HIGH
d4887c11-c5c2-43e9-ad73-8258add90f15,EMP0105,Worker_0105,RFID000105,Production,WS-03,AFTERNOON,2,2026-10-02T14:55:26,HAPPY,OK,36.52,86.2,99.1,0.32,9.16,LOW
a5ff5305-3f93-484f-9220-ce0087dfe8d5,EMP0565,Worker_0565,RFID000565,Quality,WS-09,AFTERNOON,2,2026-10-02T14:55:30,OK,OK,36.61,76.1,98.5,0.413,44.65,MODERATE
c4337811-e541-441d-9c0d-e069b4ad4301,EMP0656,Worker_0656,RFID000656,Cutting,WS-06,AFTERNOON,2,2026-10-02T14:55:57,SAD,SAD,36.58,93.2,96.4,0.531,88.31,HIGH
4766419c-eb08-4ded-9644-19dd86e1691e,EMP0063,Worker_0063,RFID000063,Assembly,WS-08,AFTERNOON,2,2026-10-02T14:56:05,OK,SAD,36.69,78.4,96.4,0.342,37.5,MODERATE
e9834fcd-cb52-40d5-91bd-2f00692337e4,EMP0718,Worker_0718,RFID000718,Assembly,WS-02,AFTERNOON,2,2026-10-02T14:56:46,HAPPY,OK,36.44,73.1,97.4,0.328,14.36,LOW
2a126dcd-167d-4a5e-b5d3-f1ad813718df,EMP0242,Worker_0242,RFID000242,Finishing,WS-02,AFTERNOON,2,2026-10-02T14:57:07,HAPPY,HAPPY,36.31,69.6,97.4,0.221,8.55,LOW
c61044b2-e57e-4b3f-9e15-9ddc4fb1e7b1,EMP0634,Worker_0634,RFID000634,Stores,WS-06,AFTERNOON,2,2026-10-02T14:57:07,OK,HAPPY,36.55,85.6,98.8,0.464,41.18,MODERATE
2670468b-aa55-48f1-8ccb-da387b118e11,EMP0084,Worker_0084,RFID000084,Stores,WS-02,AFTERNOON,2,2026-10-02T14:57:40,HAPPY,OK,36.34,71.1,98.7,0.267,11.97,LOW
040e11bf-44ae-4340-8b32-02483de7a5b5,EMP0241,Worker_0241,RFID000241,Stores,WS-06,AFTERNOON,2,2026-10-02T14:57:56,OK,OK,36.29,87.2,97.2,0.34,42.42,MODERATE
4a5a5a95-8b67-482d-a9a0-55dd42a6421a,EMP0836,Worker_0836,RFID000836,Packaging,WS-02,AFTERNOON,2,2026-10-02T14:58:15,SAD,OK,36.75,80.9,97.9,0.522,78.95,HIGH
10ccfb2b-41ed-440c-9c96-ce0e7228b985,EMP0075,Worker_0075,RFID000075,Finishing,WS-03,AFTERNOON,2,2026-10-02T14:58:48,HAPPY,HAPPY,36.62,77.6,98.2,0.306,5.79,LOW
f28b3c34-ce7a-4c0d-9827-f4b456aac472,EMP0433,Worker_0433,RFID000433,Quality,WS-03,AFTERNOON,2,2026-10-02T14:59:46,OK,HAPPY,36.48,84.6,98.5,0.275,33.86,LOW
10b0abe6-7c99-438a-875e-117d1f179b76,EMP0351,Worker_0351,RFID000351,Maintenance,WS-02,AFTERNOON,2,2026-10-02T14:59:55,HAPPY,OK,36.7,70.8,98.6,0.23,11.63,LOW
7b01f654-7582-4e39-8df6-a013d840d4e4,EMP0043,Worker_0043,RFID000043,Maintenance,WS-09,AFTERNOON,2,2026-10-02T15:00:00,HAPPY,SAD,36.57,69.7,98.9,0.081,13.67,LOW
92a559a1-0ce7-4f2e-ab70-472c866c96a0,EMP0206,Worker_0206,RFID000206,Maintenance,WS-02,AFTERNOON,2,2026-10-02T15:00:13,HAPPY,HAPPY,36.37,64.9,98.2,0.303,9.6,LOW
2e8e8bd6-04fa-45b9-a6ce-55c54272c85f,EMP0567,Worker_0567,RFID000567,Finishing,WS-03,AFTERNOON,2,2026-10-02T15:01:25,OK,SAD,36.49,77.1,97.7,0.328,37.48,MODERATE
2f71b860-37e7-4026-9f04-a1dda6cade73,EMP0974,Worker_0974,RFID000974,Quality,WS-04,AFTERNOON,2,2026-10-02T15:01:29,OK,SAD,36.75,90.0,96.3,0.305,45.54,MODERATE
db8a83dc-db5d-4e40-86da-38c5fd270f27,EMP0763,Worker_0763,RFID000763,Finishing,WS-02,AFTERNOON,2,2026-10-02T15:01:31,OK,OK,36.43,81.7,97.9,0.494,38.63,MODERATE
14d6664f-f126-44f6-b1d2-55f18e6a2f3c,EMP0175,Worker_0175,RFID000175,Cutting,WS-01,AFTERNOON,2,2026-10-02T15:01:47,OK,OK,36.23,88.1,97.6,0.278,38.52,MODERATE
a0615ad3-17b0-4913-9799-6481084c96ed,EMP0772,Worker_0772,RFID000772,Cutting,WS-06,AFTERNOON,2,2026-10-02T15:01:52,HAPPY,OK,36.33,87.8,99.3,0.284,12.4,LOW
a11f188b-fa21-48f7-843d-bbcdfa9faf33,EMP0677,Worker_0677,RFID000677,Cutting,WS-10,AFTERNOON,2,2026-10-02T15:01:57,OK,OK,36.72,84.9,97.6,0.338,42.57,MODERATE
e6f1d37a-b9e1-4ac1-85fe-2d040e48083a,EMP0543,Worker_0543,RFID000543,Finishing,WS-09,AFTERNOON,2,2026-10-02T15:02:23,HAPPY,HAPPY,36.76,80.3,97.0,0.182,6.02,LOW
a84d8e66-110f-474d-a685-6afbc92e8ef9,EMP0094,Worker_0094,RFID000094,Maintenance,WS-02,AFTERNOON,2,2026-10-02T15:02:38,OK,HAPPY,36.22,82.4,97.4,0.307,35.61,MODERATE
d3fcdb10-8604-4214-90ec-845919652802,EMP0757,Worker_0757,RFID000757,Cutting,WS-03,AFTERNOON,2,2026-10-02T15:02:48,OK,OK,36.72,80.7,98.6,0.462,42.63,MODERATE
f6a41a56-e565-4081-84e9-a374ebc82fbb,EMP0017,Worker_0017,RFID000017,Maintenance,WS-09,AFTERNOON,2,2026-10-02T15:03:10,OK,OK,36.72,84.9,97.6,0.364,42.91,MODERATE
694bbae2-7cfc-46ea-83f6-927b6f87ee86,EMP0255,Worker_0255,RFID000255,Packaging,WS-01,AFTERNOON,2,2026-10-02T15:04:51,HAPPY,SAD,36.52,75.1,98.4,0.273,14.3,LOW
2d0d7e39-4cf0-40c5-9319-717729daa397,EMP0555,Worker_0555,RFID000555,Quality,WS-05,AFTERNOON,2,2026-10-02T15:05:11,OK,HAPPY,36.78,75.4,97.7,0.426,44.03,MODERATE
81f31c77-bd6f-43ca-9db8-c22ad7b24a4b,EMP0660,Worker_0660,RFID000660,Assembly,WS-09,AFTERNOON,2,2026-10-02T15:05:33,HAPPY,HAPPY,36.26,88.4,97.8,0.273,13.33,LOW
a06a65dd-6c9b-42db-9671-fd9f01de7beb,EMP0200,Worker_0200,RFID000200,Assembly,WS-09,AFTERNOON,2,2026-10-02T15:06:21,HAPPY,OK,36.28,80.2,99.0,0.259,14.4,LOW
65ba29b6-44f5-4871-8478-938ca71485fa,EMP0034,Worker_0034,RFID000034,Stores,WS-01,AFTERNOON,2,2026-10-02T15:06:22,OK,HAPPY,36.54,68.2,98.0,0.322,40.86,MODERATE
fd1ad206-06d5-46d0-9551-09e62ea6cf19,EMP0221,Worker_0221,RFID000221,Production,WS-02,AFTERNOON,2,2026-10-02T15:06:37,OK,OK,36.55,81.2,97.3,0.428,45.52,MODERATE
063f5f71-d4ac-4d71-8409-f7eadbc88fbe,EMP0475,Worker_0475,RFID000475,Maintenance,WS-05,AFTERNOON,2,2026-10-02T15:07:01,OK,HAPPY,36.87,78.1,97.6,0.254,42.52,MODERATE
bc5a9f4c-3195-4513-a27d-6fd5805b99bc,EMP0045,Worker_0045,RFID000045,Cutting,WS-09,AFTERNOON,2,2026-10-02T15:07:58,OK,OK,36.27,76.9,98.5,0.366,39.93,MODERATE
18d0ac8f-b408-4f23-835f-8a140f5c4ed7,EMP0194,Worker_0194,RFID000194,Assembly,WS-09,AFTERNOON,2,2026-10-02T15:08:13,OK,SAD,36.79,84.1,98.1,0.21,35.68,MODERATE
d9b39c0a-557b-4150-8415-1f4aaf1fe2f9,EMP0327,Worker_0327,RFID000327,Stores,WS-06,AFTERNOON,2,2026-10-02T15:08:30,HAPPY,HAPPY,36.21,66.0,97.5,0.172,6.94,LOW
075f372a-b2db-441d-8ab6-510ee44c750d,EMP0127,Worker_0127,RFID000127,Packaging,WS-05,AFTERNOON,2,2026-10-02T15:08:40,OK,HAPPY,36.75,85.6,98.5,0.245,41.34,MODERATE
ae935cc6-f01d-469b-bf6a-d5b40cf15a30,EMP0414,Worker_0414,RFID000414,Production,WS-05,AFTERNOON,2,2026-10-02T15:08:51,OK,HAPPY,36.95,77.0,96.3,0.381,34.7,LOW
1d089fa6-5e38-496a-a53d-01ae4a2f829e,EMP0216,Worker_0216,RFID000216,Stores,WS-05,AFTERNOON,2,2026-10-02T15:08:58,OK,HAPPY,36.48,71.7,98.5,0.468,43.05,MODERATE
17765d65-bc24-4876-a405-786b058db273,EMP0306,Worker_0306,RFID000306,Cutting,WS-05,AFTERNOON,2,2026-10-02T15:09:11,SAD,SAD,36.6,76.1,98.3,0.478,85.39,HIGH
0113ef99-823d-4ea8-aaa3-1245628cf62c,EMP0977,Worker_0977,RFID000977,Maintenance,WS-08,AFTERNOON,2,2026-10-02T15:09:29,OK,SAD,36.62,83.3,98.7,0.381,42.26,MODERATE
c8eaf9c6-729a-4208-a0aa-80e28cd8defc,EMP0409,Worker_0409,RFID000409,Maintenance,WS-06,AFTERNOON,2,2026-10-02T15:09:30,HAPPY,OK,36.45,90.1,98.4,0.21,13.54,LOW
346d1e3a-d48d-43bb-bd59-bba82a7c1a8e,EMP0366,Worker_0366,RFID000366,Assembly,WS-03,AFTERNOON,2,2026-10-02T15:09:42,HAPPY,HAPPY,36.55,82.7,98.4,0.431,18.38,LOW
62bc0663-1177-4cff-91aa-1793772a8c5b,EMP0636,Worker_0636,RFID000636,Maintenance,WS-06,AFTERNOON,2,2026-10-02T15:10:02,OK,HAPPY,36.39,81.0,96.4,0.296,37.43,MODERATE
b112b86d-372a-4f61-bbb1-94547f20f7f0,EMP0804,Worker_0804,RFID000804,Assembly,WS-01,AFTERNOON,2,2026-10-02T15:10:04,OK,OK,36.75,75.8,97.4,0.302,37.89,MODERATE
7f58469c-15ff-45a3-8c71-8027f0a52faf,EMP0482,Worker_0482,RFID000482,Stores,WS-05,AFTERNOON,2,2026-10-02T15:10:30,OK,OK,36.5,87.3,97.0,0.196,38.08,MODERATE
6698df24-e175-4446-a5c9-6d16f1008eba,EMP0012,Worker_0012,RFID000012,Cutting,WS-08,AFTERNOON,2,2026-10-02T15:10:39,OK,SAD,36.39,73.4,98.7,0.336,38.79,MODERATE
51f4ebda-67e8-40f6-8398-4968ab3fa7e7,EMP0923,Worker_0923,RFID000923,Assembly,WS-10,AFTERNOON,2,2026-10-02T15:11:34,OK,OK,36.36,71.3,97.7,0.422,37.82,MODERATE
eceb227c-ac9b-4c9b-b46f-da594cba10fd,EMP0704,Worker_0704,RFID000704,Production,WS-06,AFTERNOON,2,2026-10-02T15:11:47,SAD,OK,36.65,101.1,97.6,0.59,93.67,HIGH
a2c73920-d3f1-4441-a5d2-aa494eb090c3,EMP0457,Worker_0457,RFID000457,Cutting,WS-02,AFTERNOON,2,2026-10-02T15:12:03,SAD,SAD,36.52,78.3,98.1,0.489,86.12,HIGH
109ea560-a1f6-410c-989c-aa712125bc67,EMP0507,Worker_0507,RFID000507,Production,WS-03,AFTERNOON,2,2026-10-02T15:12:40,OK,OK,36.93,75.5,97.5,0.408,40.38,MODERATE
1361a3c4-6d4d-475c-88f6-83a105c607ab,EMP0474,Worker_0474,RFID000474,Maintenance,WS-05,AFTERNOON,2,2026-10-02T15:12:43,OK,OK,36.45,80.0,97.6,0.251,38.74,MODERATE
d68a1db7-0389-405c-a39f-8721ceb4c6de,EMP0963,Worker_0963,RFID000963,Finishing,WS-05,AFTERNOON,2,2026-10-02T15:12:46,OK,OK,36.71,83.4,97.6,0.415,40.15,MODERATE
85dd385b-f0b2-4e1d-8d0a-83051a481e6e,EMP0116,Worker_0116,RFID000116,Quality,WS-08,AFTERNOON,2,2026-10-02T15:13:06,HAPPY,HAPPY,36.44,80.8,98.4,0.173,14.32,LOW
e65784f5-cfbe-42e4-9dab-faf721d79d43,EMP0478,Worker_0478,RFID000478,Packaging,WS-06,AFTERNOON,2,2026-10-02T15:13:15,OK,HAPPY,36.41,75.2,97.9,0.414,39.8,MODERATE
c1c3103c-8e85-4e2e-b2ad-bb5fa6591f19,EMP0998,Worker_0998,RFID000998,Quality,WS-05,AFTERNOON,2,2026-10-02T15:13:29,HAPPY,OK,36.4,76.4,97.5,0.248,6.47,LOW
f22132c0-a29c-4cb4-9761-0b77f1180e10,EMP0898,Worker_0898,RFID000898,Assembly,WS-09,AFTERNOON,2,2026-10-02T15:13:34,HAPPY,HAPPY,36.49,70.5,98.3,0.214,8.8,LOW
e6b90954-8b3f-4970-8040-cd8193aa5084,EMP0385,Worker_0385,RFID000385,Packaging,WS-08,AFTERNOON,2,2026-10-02T15:14:01,HAPPY,OK,36.42,72.9,99.0,0.092,7.08,LOW
34aff0e6-4125-42d0-9c2a-858fa1a8b279,EMP0801,Worker_0801,RFID000801,Maintenance,WS-01,AFTERNOON,2,2026-10-02T15:14:06,HAPPY,SAD,36.47,74.6,97.3,0.336,10.21,LOW
b57c5535-23c9-43c0-ab97-58617fb5e471,EMP0050,Worker_0050,RFID000050,Packaging,WS-05,AFTERNOON,2,2026-10-02T15:14:32,OK,OK,36.65,71.7,97.4,0.125,41.35,MODERATE
d7228960-1d83-4931-8821-8fa261a86b3b,EMP0806,Worker_0806,RFID000806,Production,WS-09,AFTERNOON,2,2026-10-02T15:14:49,OK,HAPPY,36.6,87.3,97.8,0.372,37.13,MODERATE
6f06f85f-7caa-4c63-97cc-72d9e2cd08a1,EMP0907,Worker_0907,RFID000907,Production,WS-02,AFTERNOON,2,2026-10-02T15:14:49,OK,HAPPY,36.31,78.8,96.7,0.293,37.74,MODERATE
0eda59d7-fe4e-4968-8fb0-08fcef67f5e7,EMP0109,Worker_0109,RFID000109,Maintenance,WS-03,AFTERNOON,2,2026-10-02T15:14:54,HAPPY,HAPPY,36.44,79.6,99.3,0.311,13.15,LOW
7819632c-629f-4015-a25b-1b0115545e0f,EMP0951,Worker_0951,RFID000951,Quality,WS-07,AFTERNOON,2,2026-10-02T15:15:42,HAPPY,SAD,36.75,80.4,99.2,0.179,7.52,LOW
5895cdf7-5e26-40fa-8dba-ab363115eb87,EMP0999,Worker_0999,RFID000999,Stores,WS-10,AFTERNOON,2,2026-10-02T15:15:59,HAPPY,OK,36.59,79.4,97.7,0.337,8.94,LOW
c4f46d02-3a7a-4d35-9a6a-966406150b3a,EMP0165,Worker_0165,RFID000165,Packaging,WS-07,AFTERNOON,2,2026-10-02T15:16:02,SAD,HAPPY,36.75,99.1,97.3,0.36,82.53,HIGH
6b927b78-0ea2-4c06-be1f-532c84a33230,EMP0702,Worker_0702,RFID000702,Quality,WS-07,AFTERNOON,2,2026-10-02T15:16:51,OK,HAPPY,36.84,88.2,97.1,0.444,44.07,MODERATE
cebbdfed-30bd-4898-b37b-7704cd21ea22,EMP0751,Worker_0751,RFID000751,Maintenance,WS-10,AFTERNOON,2,2026-10-02T15:16:58,HAPPY,HAPPY,36.22,78.5,98.9,0.164,6.31,LOW
fef9fd38-5f75-4235-888d-70d4ed64c029,EMP0052,Worker_0052,RFID000052,Cutting,WS-06,AFTERNOON,2,2026-10-02T15:17:13,HAPPY,SAD,36.11,74.5,98.8,0.239,9.67,LOW
38f32f5a-5302-4cc0-8544-18d62d7f82ee,EMP0463,Worker_0463,RFID000463,Cutting,WS-10,AFTERNOON,2,2026-10-02T15:17:18,HAPPY,OK,36.29,77.2,98.0,0.406,10.88,LOW
4ffac9d4-eb47-4d2c-8644-0d1181a5a614,EMP0437,Worker_0437,RFID000437,Finishing,WS-03,AFTERNOON,2,2026-10-02T15:17:26,OK,SAD,36.36,74.6,97.8,0.108,39.33,MODERATE
cb593fc0-5b6d-47f0-aa94-0cde8fdd6204,EMP0819,Worker_0819,RFID000819,Packaging,WS-01,AFTERNOON,2,2026-10-02T15:17:35,HAPPY,OK,36.46,80.5,97.9,0.122,6.87,LOW
7b9c698c-dec0-4c22-acfd-d3bf1832823b,EMP0356,Worker_0356,RFID000356,Quality,WS-09,AFTERNOON,2,2026-10-02T15:17:37,OK,OK,36.49,73.6,97.1,0.388,36.33,MODERATE
b2fd3e7c-3670-475a-a95a-ad8c06125ed1,EMP0826,Worker_0826,RFID000826,Packaging,WS-08,AFTERNOON,2,2026-10-02T15:17:45,OK,HAPPY,36.51,78.5,97.5,0.259,34.86,LOW
9aa29d8a-815e-499b-b220-f2e75c347154,EMP0967,Worker_0967,RFID000967,Finishing,WS-01,AFTERNOON,2,2026-10-02T15:17:47,OK,OK,36.85,70.0,98.2,0.314,34.54,LOW
0a57b11f-e2a4-441b-b73b-50400bc77543,EMP0844,Worker_0844,RFID000844,Assembly,WS-07,AFTERNOON,2,2026-10-02T15:18:26,HAPPY,HAPPY,36.28,86.3,96.8,0.313,16.74,LOW
0bcbc574-a513-4f69-8360-e3f8c1135f8d,EMP0491,Worker_0491,RFID000491,Maintenance,WS-05,AFTERNOON,2,2026-10-02T15:18:34,SAD,SAD,36.47,85.1,97.8,0.528,92.63,HIGH
895665d1-2567-4628-9730-ea3f723e2c20,EMP0546,Worker_0546,RFID000546,Production,WS-05,AFTERNOON,2,2026-10-02T15:19:19,HAPPY,HAPPY,36.24,80.3,98.0,0.337,9.61,LOW
afda4d89-9eca-47b1-8e9d-4e41e0394280,EMP0684,Worker_0684,RFID000684,Quality,WS-08,AFTERNOON,2,2026-10-02T15:19:26,OK,OK,36.78,78.2,98.3,0.269,38.02,MODERATE
5f4a27a5-6b9e-408f-ae2c-16e073a7b7b0,EMP0262,Worker_0262,RFID000262,Maintenance,WS-05,AFTERNOON,2,2026-10-02T15:20:04,OK,OK,36.61,69.1,97.8,0.327,41.08,MODERATE
d3e2db4b-0611-456f-a593-07ea6dad9ea8,EMP0479,Worker_0479,RFID000479,Stores,WS-09,AFTERNOON,2,2026-10-02T15:20:41,SAD,OK,36.38,90.5,97.9,0.545,81.28,HIGH
d07487cb-76c0-4146-95ea-570464c74036,EMP0759,Worker_0759,RFID000759,Quality,WS-09,AFTERNOON,2,2026-10-02T15:20:47,SAD,HAPPY,36.82,75.4,97.9,0.536,72.84,HIGH
aa064ad8-5990-4640-abf6-a72668916c87,EMP0030,Worker_0030,RFID000030,Assembly,WS-01,AFTERNOON,2,2026-10-02T15:20:55,HAPPY,OK,36.45,75.2,97.2,0.142,12.72,LOW
2c99861d-d30e-42af-8eaf-54cd13dd688b,EMP0096,Worker_0096,RFID000096,Finishing,WS-02,AFTERNOON,2,2026-10-02T15:20:57,HAPPY,HAPPY,36.55,83.5,98.8,0.226,11.81,LOW
6c31612d-bc15-477b-818d-bd0b6f1523fa,EMP0374,Worker_0374,RFID000374,Finishing,WS-08,AFTERNOON,2,2026-10-02T15:21:01,HAPPY,HAPPY,36.59,69.2,97.7,0.304,11.21,LOW
c0015576-d4f3-4664-ada5-27edeb1d226a,EMP0851,Worker_0851,RFID000851,Assembly,WS-04,AFTERNOON,2,2026-10-02T15:21:35,HAPPY,HAPPY,36.54,78.6,98.1,0.459,18.56,LOW
3da07de4-8b60-409d-a429-284df8520303,EMP0623,Worker_0623,RFID000623,Production,WS-04,AFTERNOON,2,2026-10-02T15:21:43,HAPPY,OK,36.41,86.4,99.3,0.232,10.73,LOW
55fac476-eb9b-4810-a721-a0700e98c14d,EMP0405,Worker_0405,RFID000405,Production,WS-06,AFTERNOON,2,2026-10-02T15:21:56,HAPPY,HAPPY,36.55,75.5,99.5,0.314,8.75,LOW
6e1696de-6160-408c-8c77-b467ec851b31,EMP0730,Worker_0730,RFID000730,Assembly,WS-08,AFTERNOON,2,2026-10-02T15:22:10,OK,SAD,36.61,91.4,98.6,0.315,48.76,MODERATE
68654e2f-b007-41cd-8d94-b82be0021515,EMP0240,Worker_0240,RFID000240,Production,WS-03,AFTERNOON,2,2026-10-02T15:22:11,OK,HAPPY,36.6,77.0,97.5,0.369,37.35,MODERATE
9620a3b9-31c2-4a21-8ecd-77b2433aa963,EMP0360,Worker_0360,RFID000360,Finishing,WS-09,AFTERNOON,2,2026-10-02T15:22:16,OK,OK,36.57,81.6,97.3,0.368,41.01,MODERATE
7ddbe78d-d080-4b2b-b152-964696f5f15c,EMP0048,Worker_0048,RFID000048,Cutting,WS-10,AFTERNOON,2,2026-10-02T15:22:27,SAD,HAPPY,36.9,93.3,97.5,0.297,78.7,HIGH
53ac6be8-e037-46af-a26e-cca826e721db,EMP0525,Worker_0525,RFID000525,Stores,WS-09,AFTERNOON,2,2026-10-02T15:22:31,SAD,HAPPY,36.54,87.2,97.7,0.454,82.84,HIGH
4415fc28-a976-4dd5-aa5e-0ce703bfd724,EMP0582,Worker_0582,RFID000582,Maintenance,WS-03,AFTERNOON,2,2026-10-02T15:22:42,OK,SAD,36.45,83.1,98.6,0.28,41.53,MODERATE
a06156bd-39bc-43fb-bde5-5bef382a51fc,EMP0792,Worker_0792,RFID000792,Stores,WS-09,AFTERNOON,2,2026-10-02T15:22:45,OK,HAPPY,36.23,80.8,99.1,0.365,41.19,MODERATE
e1c892e4-82e5-4991-ac63-4f617d7485b4,EMP0817,Worker_0817,RFID000817,Assembly,WS-02,AFTERNOON,2,2026-10-02T15:22:53,OK,OK,36.74,81.3,97.2,0.422,39.41,MODERATE
df2d8cca-fa22-4bae-af69-899d7de1e84b,EMP0023,Worker_0023,RFID000023,Stores,WS-08,AFTERNOON,2,2026-10-02T15:22:54,HAPPY,OK,36.26,82.4,97.6,0.155,10.04,LOW
15b92678-39bb-4fdd-99c2-a5228e1ed764,EMP0449,Worker_0449,RFID000449,Cutting,WS-06,AFTERNOON,2,2026-10-02T15:23:22,SAD,OK,36.36,84.7,96.3,0.563,76.98,HIGH
df81a97f-b0ab-4311-ab6f-fbf2dfd47fc7,EMP0736,Worker_0736,RFID000736,Stores,WS-06,AFTERNOON,2,2026-10-02T15:23:25,SAD,HAPPY,36.76,84.3,98.0,0.696,84.01,HIGH
e24a350d-546e-4307-a8e2-d13d421123f3,EMP0812,Worker_0812,RFID000812,Assembly,WS-09,AFTERNOON,2,2026-10-02T15:23:58,OK,OK,36.55,77.5,98.0,0.344,37.67,MODERATE
7d7a2b1c-c78c-4081-a5fb-696ab11ebb30,EMP0336,Worker_0336,RFID000336,Maintenance,WS-08,AFTERNOON,2,2026-10-02T15:24:03,HAPPY,OK,36.62,79.0,98.3,0.202,6.97,LOW
0b5bb6eb-ba70-43b5-be77-575ddf135f51,EMP0765,Worker_0765,RFID000765,Production,WS-02,AFTERNOON,2,2026-10-02T15:24:09,OK,SAD,36.3,72.3,97.4,0.376,34.31,LOW
07473821-4f72-40a6-975d-faa8b009006a,EMP0137,Worker_0137,RFID000137,Maintenance,WS-03,AFTERNOON,2,2026-10-02T15:25:01,HAPPY,HAPPY,36.8,71.9,97.6,0.15,13.56,LOW
75c7c495-70ef-47a9-b89b-7bf445bfe847,EMP0397,Worker_0397,RFID000397,Maintenance,WS-02,AFTERNOON,2,2026-10-02T15:25:27,OK,OK,36.57,82.9,97.0,0.302,37.62,MODERATE
07f63e7b-0cd5-4502-836f-d3106b50eb4f,EMP0531,Worker_0531,RFID000531,Packaging,WS-05,AFTERNOON,2,2026-10-02T15:25:48,SAD,OK,36.46,91.9,97.3,0.252,84.84,HIGH
9d5ce80d-c001-4484-a803-5943643550c5,EMP0670,Worker_0670,RFID000670,Quality,WS-09,AFTERNOON,2,2026-10-02T15:25:55,OK,HAPPY,36.57,93.8,97.4,0.365,49.98,MODERATE
72b515e0-2870-431c-ab8f-c2aa9c76e4b6,EMP0868,Worker_0868,RFID000868,Production,WS-06,AFTERNOON,2,2026-10-02T15:26:06,HAPPY,OK,36.6,71.2,97.5,0.158,7.5,LOW
51db6ca2-c219-4bf6-955e-0e88ec542224,EMP0439,Worker_0439,RFID000439,Assembly,WS-01,AFTERNOON,2,2026-10-02T15:26:28,SAD,HAPPY,36.71,81.1,96.8,0.495,79.86,HIGH
232b1d14-0b76-470a-9322-b58d8920ef95,EMP0235,Worker_0235,RFID000235,Assembly,WS-05,AFTERNOON,2,2026-10-02T15:26:29,OK,HAPPY,36.87,74.2,97.7,0.275,38.6,MODERATE
052d1fa2-adb9-4322-8c57-6267d45827ef,EMP0201,Worker_0201,RFID000201,Quality,WS-07,AFTERNOON,2,2026-10-02T15:26:35,SAD,OK,36.9,77.5,97.2,0.544,73.36,HIGH
650c3884-e509-4df6-8b50-7aff289c60b4,EMP0943,Worker_0943,RFID000943,Maintenance,WS-05,AFTERNOON,2,2026-10-02T15:27:04,OK,HAPPY,36.8,76.3,96.4,0.227,41.54,MODERATE
3bcb0d2f-e092-47ba-a904-47020e56b8d3,EMP0040,Worker_0040,RFID000040,Packaging,WS-06,AFTERNOON,2,2026-10-02T15:27:12,OK,OK,36.48,78.7,97.7,0.28,40.63,MODERATE
ea3bf135-ee93-425a-af25-79cfbc2c0486,EMP0920,Worker_0920,RFID000920,Stores,WS-10,AFTERNOON,2,2026-10-02T15:27:39,OK,OK,36.49,72.1,98.5,0.314,34.25,LOW
08500386-aebf-449d-b016-700e0dfd5dc6,EMP0899,Worker_0899,RFID000899,Stores,WS-08,AFTERNOON,2,2026-10-02T15:27:40,HAPPY,OK,36.26,69.0,97.9,0.195,7.13,LOW
662dcb7b-8bd2-43c5-94a6-b82de7c7231f,EMP0002,Worker_0002,RFID000002,Assembly,WS-10,AFTERNOON,2,2026-10-02T15:27:49,HAPPY,HAPPY,36.11,74.5,96.9,0.247,12.55,LOW
5fb47ed5-c763-4cbe-b6ef-efc5f58983a9,EMP0451,Worker_0451,RFID000451,Packaging,WS-09,AFTERNOON,2,2026-10-02T15:28:00,OK,OK,36.47,69.5,98.4,0.484,41.89,MODERATE
20d6409d-1c5d-401a-8213-bcccba93f441,EMP0885,Worker_0885,RFID000885,Assembly,WS-04,AFTERNOON,2,2026-10-02T15:28:03,HAPPY,OK,36.32,71.8,98.0,0.386,13.2,LOW
a118a78a-a8f1-4962-a5b6-27080ceccabf,EMP0645,Worker_0645,RFID000645,Maintenance,WS-08,AFTERNOON,2,2026-10-02T15:28:16,HAPPY,HAPPY,36.4,83.9,99.2,0.164,6.09,LOW
3c664e4e-177c-444f-be9e-fcae14bff187,EMP0831,Worker_0831,RFID000831,Assembly,WS-04,AFTERNOON,2,2026-10-02T15:28:33,OK,OK,36.73,79.1,98.2,0.202,35.85,MODERATE
53f653d2-8747-42a2-b651-61610ec4b242,EMP0401,Worker_0401,RFID000401,Packaging,WS-09,AFTERNOON,2,2026-10-02T15:28:55,HAPPY,OK,36.78,86.4,97.8,0.21,9.03,LOW
1789d6a6-e04c-4c42-bed3-8157701fb6ca,EMP0662,Worker_0662,RFID000662,Quality,WS-03,AFTERNOON,2,2026-10-02T15:28:56,HAPPY,SAD,36.26,76.6,98.0,0.17,12.34,LOW
2d88b436-aaf7-4664-b8ee-9e21592013ad,EMP0961,Worker_0961,RFID000961,Production,WS-10,AFTERNOON,2,2026-10-02T15:29:01,HAPPY,HAPPY,36.43,60.1,97.9,0.2,13.14,LOW
275c522d-43a2-4b8c-a12a-8808bdf50802,EMP0389,Worker_0389,RFID000389,Cutting,WS-07,AFTERNOON,2,2026-10-02T15:29:29,HAPPY,SAD,36.42,63.3,97.4,0.159,10.54,LOW
e8808da2-5e7f-4eef-9298-123bdda41ef4,EMP0515,Worker_0515,RFID000515,Finishing,WS-08,AFTERNOON,2,2026-10-02T15:29:46,OK,HAPPY,36.82,68.0,98.1,0.124,41.42,MODERATE
703ea4bd-eeda-4db7-8382-d6c33ec1b025,EMP0237,Worker_0237,RFID000237,Stores,WS-10,AFTERNOON,2,2026-10-02T15:29:49,SAD,OK,36.92,75.0,96.9,0.707,78.13,HIGH
a220fe85-73a7-4e3b-885a-4ed20a771ef7,EMP0346,Worker_0346,RFID000346,Quality,WS-06,AFTERNOON,2,2026-10-02T15:30:01,HAPPY,HAPPY,36.52,70.6,97.2,0.261,14.61,LOW
8968dbee-76a6-4093-80cf-9e4951853806,EMP0685,Worker_0685,RFID000685,Packaging,WS-04,AFTERNOON,2,2026-10-02T15:30:04,HAPPY,HAPPY,36.62,68.0,97.4,0.32,6.28,LOW
35d3e1f4-e24f-4667-9bcd-c860bc611051,EMP0169,Worker_0169,RFID000169,Stores,WS-10,AFTERNOON,2,2026-10-02T15:30:13,HAPPY,HAPPY,36.69,68.4,97.0,0.284,6.47,LOW
16686d67-2f21-43df-9044-20b12b1b4748,EMP0666,Worker_0666,RFID000666,Maintenance,WS-09,AFTERNOON,2,2026-10-02T15:30:15,OK,SAD,36.34,65.1,97.7,0.457,40.31,MODERATE
690b3bd6-af77-4348-86fc-64293b0d1192,EMP0859,Worker_0859,RFID000859,Quality,WS-03,AFTERNOON,2,2026-10-02T15:30:17,OK,SAD,36.42,74.8,97.8,0.228,41.2,MODERATE
3ae36ab8-bd32-4729-89a1-bee399da6db8,EMP0226,Worker_0226,RFID000226,Maintenance,WS-08,AFTERNOON,2,2026-10-02T15:30:20,OK,SAD,36.65,73.2,97.9,0.423,43.05,MODERATE
b7052339-f7d8-48ef-bb0f-9aece0aecaa9,EMP0140,Worker_0140,RFID000140,Maintenance,WS-06,AFTERNOON,2,2026-10-02T15:30:27,HAPPY,HAPPY,36.32,81.3,97.5,0.322,5.71,LOW
7670f1af-9d2e-4ebc-a0a6-b01beb5f5682,EMP0913,Worker_0913,RFID000913,Finishing,WS-09,AFTERNOON,2,2026-10-02T15:30:43,OK,SAD,36.61,82.0,96.6,0.415,40.57,MODERATE
cca0e416-b53a-4659-aa28-06068a0e5294,EMP0808,Worker_0808,RFID000808,Stores,WS-06,AFTERNOON,2,2026-10-02T15:31:39,HAPPY,SAD,36.42,77.9,98.8,0.286,13.19,LOW
92712c51-3e36-4829-83e9-5fe802db806a,EMP0106,Worker_0106,RFID000106,Finishing,WS-05,AFTERNOON,2,2026-10-02T15:31:52,HAPPY,OK,36.66,77.6,98.4,0.243,9.34,LOW
0de5f6da-8f52-4867-abf6-56dafd43d431,EMP0186,Worker_0186,RFID000186,Production,WS-08,AFTERNOON,2,2026-10-02T15:32:03,OK,OK,36.87,74.1,97.6,0.329,37.81,MODERATE
60d046a0-de19-4d22-80f9-06fed73b7978,EMP0918,Worker_0918,RFID000918,Assembly,WS-06,AFTERNOON,2,2026-10-02T15:32:07,HAPPY,OK,36.31,69.4,96.7,0.263,7.85,LOW
4ff74b8a-2fc9-43de-b6c0-0126c803ffed,EMP0128,Worker_0128,RFID000128,Assembly,WS-08,AFTERNOON,2,2026-10-02T15:32:10,HAPPY,HAPPY,36.53,72.0,97.2,0.271,13.05,LOW
8270f2c2-e0df-443a-8287-018f7c90f033,EMP0558,Worker_0558,RFID000558,Quality,WS-03,AFTERNOON,2,2026-10-02T15:32:16,OK,HAPPY,36.63,83.1,97.0,0.253,33.72,LOW
685873aa-c4c5-4432-abea-31a966de6b5e,EMP0500,Worker_0500,RFID000500,Finishing,WS-04,AFTERNOON,2,2026-10-02T15:32:31,HAPPY,HAPPY,36.46,79.6,97.3,0.182,10.94,LOW
dbae90dc-bee2-4efa-9fc8-4990df373444,EMP0384,Worker_0384,RFID000384,Production,WS-05,AFTERNOON,2,2026-10-02T15:32:50,OK,HAPPY,36.47,76.3,97.5,0.224,34.96,LOW
971da331-130e-4c4a-9c83-4202936d0787,EMP0596,Worker_0596,RFID000596,Cutting,WS-02,AFTERNOON,2,2026-10-02T15:32:53,SAD,OK,36.37,82.0,97.3,0.279,76.95,HIGH
147ce97e-40c4-4832-9820-ae870bada528,EMP0004,Worker_0004,RFID000004,Quality,WS-07,AFTERNOON,2,2026-10-02T15:32:54,HAPPY,HAPPY,36.13,70.9,97.8,0.193,13.94,LOW
d4ea679f-eced-46eb-b28c-8eca19c54dc3,EMP0667,Worker_0667,RFID000667,Assembly,WS-02,AFTERNOON,2,2026-10-02T15:33:22,HAPPY,HAPPY,36.41,75.2,97.0,0.228,13.1,LOW
1a2f0828-2b26-4a6e-b752-654084dd29b8,EMP0587,Worker_0587,RFID000587,Finishing,WS-07,AFTERNOON,2,2026-10-02T15:34:22,HAPPY,OK,36.68,69.4,98.6,0.377,9.37,LOW
699c12db-3a84-4221-9775-96acfdb6f4df,EMP0727,Worker_0727,RFID000727,Quality,WS-08,AFTERNOON,2,2026-10-02T15:34:28,SAD,SAD,36.7,85.9,96.7,0.406,87.42,HIGH
9abdd9a2-f2e4-4567-967a-7eb0bf67df95,EMP0436,Worker_0436,RFID000436,Production,WS-03,AFTERNOON,2,2026-10-02T15:35:00,SAD,OK,36.9,91.0,98.7,0.334,78.46,HIGH
985fef4d-2dc7-4024-b117-3a734235ddc8,EMP0494,Worker_0494,RFID000494,Quality,WS-02,AFTERNOON,2,2026-10-02T15:35:25,SAD,HAPPY,36.85,87.6,95.7,0.636,87.19,HIGH
f4cb36d1-4ad4-4c6f-a30b-d793c1284ba1,EMP0454,Worker_0454,RFID000454,Packaging,WS-03,AFTERNOON,2,2026-10-02T15:36:02,OK,OK,36.42,68.7,98.9,0.258,38.78,MODERATE
a75ce1b5-6aba-467c-8317-f27a2a5f08de,EMP0070,Worker_0070,RFID000070,Assembly,WS-03,AFTERNOON,2,2026-10-02T15:36:11,OK,HAPPY,36.39,70.4,96.4,0.205,41.59,MODERATE
281737e0-82b1-4120-9ef3-231eb28a04d7,EMP0933,Worker_0933,RFID000933,Production,WS-08,AFTERNOON,2,2026-10-02T15:36:18,OK,SAD,36.26,81.2,98.0,0.333,35.38,MODERATE
f3ed7c45-c556-431e-b290-ef88a4595949,EMP0434,Worker_0434,RFID000434,Stores,WS-04,AFTERNOON,2,2026-10-02T15:36:30,HAPPY,HAPPY,36.56,80.7,98.2,0.259,9.8,LOW
5d50837f-a70d-4a22-a193-7fe6f8fd26f2,EMP0025,Worker_0025,RFID000025,Stores,WS-02,AFTERNOON,2,2026-10-02T15:36:47,SAD,SAD,36.49,84.0,96.9,0.607,87.33,HIGH
d749ea54-50b4-4420-ab3f-118eaf26ce4b,EMP0713,Worker_0713,RFID000713,Cutting,WS-01,AFTERNOON,2,2026-10-02T15:37:11,HAPPY,OK,36.59,72.0,98.2,0.134,5.91,LOW
99b257d3-940c-4970-8341-cf685a950060,EMP0969,Worker_0969,RFID000969,Maintenance,WS-10,AFTERNOON,2,2026-10-02T15:37:14,OK,OK,36.63,88.1,97.7,0.458,50.26,MODERATE
5d43662c-38a8-429a-b30c-fa2f2dae3428,EMP0982,Worker_0982,RFID000982,Finishing,WS-05,AFTERNOON,2,2026-10-02T15:37:22,OK,HAPPY,36.31,76.4,98.9,0.335,39.25,MODERATE
9b19320a-6200-4e30-b09d-fe008a012f03,EMP0756,Worker_0756,RFID000756,Finishing,WS-08,AFTERNOON,2,2026-10-02T15:37:51,OK,OK,36.43,76.3,99.0,0.343,34.77,LOW
9f2278ba-7e88-40a6-9457-e034803a835d,EMP0768,Worker_0768,RFID000768,Stores,WS-02,AFTERNOON,2,2026-10-02T15:37:55,SAD,OK,36.97,90.8,98.0,0.429,83.3,HIGH
1462ba0d-2005-4c7d-8bcc-c42e90a7f6c0,EMP0825,Worker_0825,RFID000825,Packaging,WS-04,AFTERNOON,2,2026-10-02T15:37:56,OK,HAPPY,36.57,73.9,97.3,0.413,41.47,MODERATE
d05ff328-bf27-4af2-92ae-af2aaeb96160,EMP0236,Worker_0236,RFID000236,Assembly,WS-09,AFTERNOON,2,2026-10-02T15:37:57,HAPPY,SAD,36.52,72.3,97.8,0.088,7.96,LOW
f2e0dd3e-9af7-4b9f-bf93-0792a0dd110b,EMP0444,Worker_0444,RFID000444,Quality,WS-10,AFTERNOON,2,2026-10-02T15:37:57,HAPPY,OK,36.43,81.6,97.7,0.206,10.37,LOW
7eecea63-3da7-4bee-ae1f-2e0a70e1e9a5,EMP0647,Worker_0647,RFID000647,Maintenance,WS-07,AFTERNOON,2,2026-10-02T15:38:14,HAPPY,OK,36.29,83.6,98.8,0.121,7.75,LOW
71d67e63-a472-4da7-8a1c-5b460613377a,EMP0402,Worker_0402,RFID000402,Maintenance,WS-06,AFTERNOON,2,2026-10-02T15:38:16,HAPPY,SAD,36.43,71.5,98.1,0.192,5.82,LOW
9283ffbd-bc70-467e-a71f-3451414b59c6,EMP0375,Worker_0375,RFID000375,Maintenance,WS-03,AFTERNOON,2,2026-10-02T15:38:17,SAD,SAD,36.91,103.0,96.3,0.402,97.23,HIGH
67aead85-7ebe-4c09-9d5d-dd5850ae2eb0,EMP0046,Worker_0046,RFID000046,Stores,WS-10,AFTERNOON,2,2026-10-02T15:38:18,SAD,OK,36.7,93.4,96.5,0.537,79.87,HIGH
d9f6bacd-444f-40e2-99a7-0bdf1c270220,EMP0816,Worker_0816,RFID000816,Production,WS-05,AFTERNOON,2,2026-10-02T15:38:25,OK,OK,36.22,81.9,97.3,0.348,40.45,MODERATE
98a521e8-c445-4716-98fa-f15e5168523d,EMP0988,Worker_0988,RFID000988,Cutting,WS-09,AFTERNOON,2,2026-10-02T15:38:40,OK,OK,36.48,73.1,97.1,0.389,37.78,MODERATE
b4dfbf64-5863-41b4-adbc-1b734b0bb7c0,EMP0978,Worker_0978,RFID000978,Stores,WS-02,AFTERNOON,2,2026-10-02T15:38:44,OK,SAD,36.7,87.5,98.0,0.399,45.74,MODERATE
5fe5c3bb-98a9-47af-9846-4cb5f77986b1,EMP0650,Worker_0650,RFID000650,Assembly,WS-05,AFTERNOON,2,2026-10-02T15:38:46,OK,OK,36.37,81.1,97.6,0.205,37.74,MODERATE
a5806169-e207-4a3e-bacd-9d4aa7afab49,EMP0447,Worker_0447,RFID000447,Assembly,WS-01,AFTERNOON,2,2026-10-02T15:39:16,HAPPY,SAD,36.58,71.0,99.2,0.235,7.55,LOW
34b85e2a-dc3c-4e19-9382-1b2209817625,EMP0644,Worker_0644,RFID000644,Quality,WS-08,AFTERNOON,2,2026-10-02T15:39:46,HAPPY,OK,36.29,82.4,96.9,0.196,12.34,LOW
7a8dc1df-261c-42d3-a9b2-fdce3d7b6c31,EMP0640,Worker_0640,RFID000640,Cutting,WS-07,AFTERNOON,2,2026-10-02T15:40:14,OK,HAPPY,36.29,76.2,98.3,0.355,39.8,MODERATE
1ed9a531-2e1f-4b87-bc1b-77b867811abb,EMP0129,Worker_0129,RFID000129,Stores,WS-06,AFTERNOON,2,2026-10-02T15:40:54,OK,HAPPY,36.51,80.3,97.7,0.451,42.86,MODERATE
dd5ed846-76ba-498f-851b-dc498e07641f,EMP0297,Worker_0297,RFID000297,Packaging,WS-05,AFTERNOON,2,2026-10-02T15:41:01,HAPPY,OK,36.25,79.6,98.3,0.123,10.43,LOW
c32f9671-f5f1-4de2-bd51-f14078dd9797,EMP0251,Worker_0251,RFID000251,Finishing,WS-09,AFTERNOON,2,2026-10-02T15:41:32,OK,SAD,36.56,78.6,98.2,0.304,41.3,MODERATE
04aad667-a9b2-4539-a126-3c200eb19170,EMP0855,Worker_0855,RFID000855,Stores,WS-07,AFTERNOON,2,2026-10-02T15:41:43,HAPPY,HAPPY,36.65,77.9,98.8,0.257,9.06,LOW
bc04b5a8-637e-4430-b22d-e9a4f9393251,EMP0211,Worker_0211,RFID000211,Stores,WS-04,AFTERNOON,2,2026-10-02T15:41:57,SAD,HAPPY,36.78,83.9,99.3,0.571,83.48,HIGH
a187189f-1172-4cb6-aa76-cdd110efcf0f,EMP0386,Worker_0386,RFID000386,Production,WS-06,AFTERNOON,2,2026-10-02T15:41:58,HAPPY,HAPPY,36.37,82.0,99.1,0.239,9.15,LOW
50a93c36-6848-4f57-928e-8a2e982a7428,EMP0995,Worker_0995,RFID000995,Finishing,WS-10,AFTERNOON,2,2026-10-02T15:42:12,OK,OK,36.47,83.4,97.4,0.252,35.56,MODERATE
685c6728-78bb-4958-82d2-6f412ce81de8,EMP0344,Worker_0344,RFID000344,Packaging,WS-08,AFTERNOON,2,2026-10-02T15:42:24,HAPPY,HAPPY,36.51,74.7,98.6,0.255,13.06,LOW
9776b634-3de2-42e1-9aeb-1edd2a25ad3a,EMP0641,Worker_0641,RFID000641,Maintenance,WS-05,AFTERNOON,2,2026-10-02T15:42:41,HAPPY,OK,36.6,75.0,97.7,0.128,5.93,LOW
1868ab8d-30a4-49fc-848b-e4a4441d0b2e,EMP0411,Worker_0411,RFID000411,Finishing,WS-08,AFTERNOON,2,2026-10-02T15:42:49,OK,OK,36.48,75.1,98.2,0.382,42.74,MODERATE
1ca7a196-703a-4147-9961-f1ce036c9056,EMP0065,Worker_0065,RFID000065,Cutting,WS-04,AFTERNOON,2,2026-10-02T15:42:50,HAPPY,HAPPY,36.82,64.0,97.9,0.172,14.27,LOW
77bfd0ea-0575-47a9-9d9c-3237b6c89cc9,EMP0866,Worker_0866,RFID000866,Packaging,WS-10,AFTERNOON,2,2026-10-02T15:43:49,HAPPY,HAPPY,36.72,74.5,98.9,0.207,8.53,LOW
f58703c3-d973-4a43-9fbf-ccbf5084a756,EMP0983,Worker_0983,RFID000983,Maintenance,WS-10,AFTERNOON,2,2026-10-02T15:44:16,OK,HAPPY,36.42,76.5,97.6,0.201,40.7,MODERATE
f9042b9c-243e-4d27-aea1-68b7cc6329c3,EMP0962,Worker_0962,RFID000962,Assembly,WS-06,AFTERNOON,2,2026-10-02T15:44:24,HAPPY,HAPPY,36.36,80.5,97.4,0.211,12.59,LOW
2c2fdbbd-6cad-4965-ba98-122d5a03ebf9,EMP0600,Worker_0600,RFID000600,Production,WS-03,AFTERNOON,2,2026-10-02T15:44:49,OK,OK,36.33,70.2,97.3,0.353,42.83,MODERATE
89fe49e3-0c3e-4cf4-b143-0b24ed1e5f5a,EMP0024,Worker_0024,RFID000024,Packaging,WS-10,AFTERNOON,2,2026-10-02T15:44:50,HAPPY,HAPPY,36.2,70.8,98.6,0.145,10.37,LOW
17b2f8a9-cfe4-489f-8ab4-3c742204001f,EMP0721,Worker_0721,RFID000721,Finishing,WS-05,AFTERNOON,2,2026-10-02T15:45:11,SAD,SAD,36.49,91.3,97.6,0.447,95.87,HIGH
a8551936-6ae9-4079-8ad7-747871e80eba,EMP0099,Worker_0099,RFID000099,Cutting,WS-10,AFTERNOON,2,2026-10-02T15:46:26,HAPPY,HAPPY,36.62,71.1,99.6,0.215,9.32,LOW
6b7ae957-6678-4dfe-83ee-88849934aa11,EMP0743,Worker_0743,RFID000743,Maintenance,WS-04,AFTERNOON,2,2026-10-02T15:46:39,OK,OK,36.35,76.0,97.6,0.217,37.0,MODERATE
24df1d97-b0d6-4066-92e0-77e99e2eb282,EMP0738,Worker_0738,RFID000738,Stores,WS-08,AFTERNOON,2,2026-10-02T15:46:53,HAPPY,HAPPY,36.39,77.9,98.9,0.362,6.45,LOW
0c9a2900-4839-4f98-9ccd-ab2535a6733d,EMP0882,Worker_0882,RFID000882,Assembly,WS-10,AFTERNOON,2,2026-10-02T15:47:07,HAPPY,HAPPY,36.49,75.1,98.5,0.352,5.99,LOW
72309005-56df-4b89-ac22-86f979dc3bf4,EMP0698,Worker_0698,RFID000698,Production,WS-05,AFTERNOON,2,2026-10-02T15:47:17,SAD,HAPPY,36.95,87.9,98.3,0.298,79.62,HIGH
54edc173-7c47-4af4-8a10-499afeab9e98,EMP0035,Worker_0035,RFID000035,Assembly,WS-03,AFTERNOON,2,2026-10-02T15:47:33,SAD,OK,36.5,81.6,98.2,0.411,76.08,HIGH
af9534d3-d7ff-450c-9fde-04f9d480d80c,EMP0834,Worker_0834,RFID000834,Production,WS-05,AFTERNOON,2,2026-10-02T15:47:37,HAPPY,HAPPY,36.76,62.0,98.4,0.141,11.19,LOW
5dabf297-8578-4a96-9f73-5ddfbc71771c,EMP0181,Worker_0181,RFID000181,Finishing,WS-08,AFTERNOON,2,2026-10-02T15:47:57,SAD,HAPPY,36.8,90.1,97.7,0.644,84.93,HIGH
0f3b0dbd-03e1-4121-a991-3a482b5f5af6,EMP0173,Worker_0173,RFID000173,Quality,WS-05,AFTERNOON,2,2026-10-02T15:47:59,HAPPY,HAPPY,36.22,72.1,98.2,0.181,10.52,LOW
a713d9ca-b3bf-4581-a84e-94d968784345,EMP0578,Worker_0578,RFID000578,Quality,WS-07,AFTERNOON,2,2026-10-02T15:48:15,SAD,OK,36.35,83.3,98.3,0.444,73.23,HIGH
b387df2f-b0f5-418c-b9b9-35011905479c,EMP0583,Worker_0583,RFID000583,Cutting,WS-03,AFTERNOON,2,2026-10-02T15:48:22,SAD,OK,36.47,88.4,98.5,0.512,84.22,HIGH
5ad3ee92-7c68-4933-bfee-7cec1829a81c,EMP0734,Worker_0734,RFID000734,Cutting,WS-07,AFTERNOON,2,2026-10-02T15:48:37,HAPPY,OK,36.39,69.4,98.4,0.193,6.43,LOW
755ee3f2-00e1-43c7-b1e4-7f3960d9c8d5,EMP0741,Worker_0741,RFID000741,Quality,WS-10,AFTERNOON,2,2026-10-02T15:48:37,OK,OK,36.35,82.1,96.9,0.358,42.12,MODERATE
b377e11d-0f9b-4d69-acf1-a90472621fa6,EMP0737,Worker_0737,RFID000737,Stores,WS-08,AFTERNOON,2,2026-10-02T15:48:59,HAPPY,HAPPY,36.65,88.5,97.9,0.294,12.57,LOW
3d894873-7da7-44bb-b7ad-a132e7b87b45,EMP0009,Worker_0009,RFID000009,Assembly,WS-10,AFTERNOON,2,2026-10-02T15:49:00,HAPPY,OK,36.44,75.8,97.5,0.16,6.59,LOW
9d4c15ca-7dda-43dd-8e32-a6ad6e54b5ff,EMP0057,Worker_0057,RFID000057,Assembly,WS-05,AFTERNOON,2,2026-10-02T15:49:05,OK,OK,36.56,79.0,97.3,0.346,37.71,MODERATE
be7c8bef-92a9-44bd-a87d-f9ebe2083dfb,EMP0282,Worker_0282,RFID000282,Assembly,WS-09,AFTERNOON,2,2026-10-02T15:49:17,HAPPY,HAPPY,36.24,76.2,97.1,0.226,12.8,LOW
b581018d-9fdb-4dbf-82e0-b592cc1c0b53,EMP0545,Worker_0545,RFID000545,Maintenance,WS-01,AFTERNOON,2,2026-10-02T15:49:17,OK,SAD,36.77,88.1,97.1,0.394,45.12,MODERATE
78a49785-eaaf-4b30-97b6-998a60d8b034,EMP0183,Worker_0183,RFID000183,Production,WS-06,AFTERNOON,2,2026-10-02T15:49:18,OK,OK,36.43,79.5,97.7,0.171,35.33,MODERATE
75d10a97-ba12-4c94-ab2f-506c9630c438,EMP0552,Worker_0552,RFID000552,Assembly,WS-10,AFTERNOON,2,2026-10-02T15:50:03,SAD,HAPPY,36.85,79.8,97.8,0.615,79.54,HIGH
7c59148e-cb8a-4368-ab58-f649509acb69,EMP0548,Worker_0548,RFID000548,Packaging,WS-09,AFTERNOON,2,2026-10-02T15:50:07,OK,OK,36.65,89.6,98.5,0.217,44.44,MODERATE
d121ac03-afd1-4db4-a2cc-28ffd70d7423,EMP0608,Worker_0608,RFID000608,Maintenance,WS-02,AFTERNOON,2,2026-10-02T15:50:17,HAPPY,OK,36.57,74.8,97.0,0.332,6.7,LOW
5ffdf766-28c8-40a6-9d09-217d99603fb4,EMP0655,Worker_0655,RFID000655,Stores,WS-09,AFTERNOON,2,2026-10-02T15:50:18,HAPPY,HAPPY,36.68,83.5,98.7,0.208,12.05,LOW
d88398b8-72a9-426f-adba-cb3d47f92eb8,EMP0214,Worker_0214,RFID000214,Production,WS-04,AFTERNOON,2,2026-10-02T15:50:30,OK,OK,36.34,80.8,96.9,0.317,33.16,LOW
4122f5dd-eab9-4923-9724-a8a1238611fd,EMP0793,Worker_0793,RFID000793,Cutting,WS-10,AFTERNOON,2,2026-10-02T15:50:37,HAPPY,OK,36.72,83.2,97.3,0.121,8.02,LOW
190f1cd7-41cb-46f2-bb0b-11f06a1f8e9f,EMP0504,Worker_0504,RFID000504,Production,WS-01,AFTERNOON,2,2026-10-02T15:51:07,OK,OK,36.64,93.5,96.5,0.243,45.59,MODERATE
0e5d744a-c79a-40dc-8469-b13c4ecc1e34,EMP0760,Worker_0760,RFID000760,Maintenance,WS-09,AFTERNOON,2,2026-10-02T15:51:22,HAPPY,OK,36.53,79.3,97.1,0.159,12.71,LOW
cd828c0c-2fe0-4006-8de8-de78edaa60e2,EMP0406,Worker_0406,RFID000406,Packaging,WS-07,AFTERNOON,2,2026-10-02T15:51:33,SAD,SAD,36.36,75.3,98.4,0.627,89.32,HIGH
24f8b6da-5b77-4359-9ecd-3649a23a376a,EMP0990,Worker_0990,RFID000990,Cutting,WS-05,AFTERNOON,2,2026-10-02T15:51:39,SAD,SAD,36.48,77.2,96.9,0.551,92.19,HIGH
359dad38-8c3b-468f-8b0f-6700d072b589,EMP0889,Worker_0889,RFID000889,Packaging,WS-05,AFTERNOON,2,2026-10-02T15:52:09,OK,SAD,36.2,76.1,97.2,0.356,35.61,MODERATE
2a4d1e7f-bedf-4aff-9ffe-dce4213a8ffa,EMP0219,Worker_0219,RFID000219,Assembly,WS-06,AFTERNOON,2,2026-10-02T15:52:22,SAD,SAD,36.6,90.1,98.0,0.591,92.65,HIGH
93a6ebf2-1d7d-4506-835d-88f53cbaa00b,EMP0809,Worker_0809,RFID000809,Stores,WS-02,AFTERNOON,2,2026-10-02T15:52:29,HAPPY,HAPPY,36.81,89.6,97.3,0.192,18.22,LOW
57de09ce-3c58-4f6b-9a7f-a83e76fdbd75,EMP0824,Worker_0824,RFID000824,Finishing,WS-10,AFTERNOON,2,2026-10-02T15:52:52,OK,HAPPY,36.62,77.9,98.2,0.259,35.99,MODERATE
c5ddc56d-4b12-48c0-9b95-6e809fa0e059,EMP0205,Worker_0205,RFID000205,Packaging,WS-03,AFTERNOON,2,2026-10-02T15:53:09,SAD,HAPPY,36.87,84.5,97.5,0.463,72.39,HIGH
cdd9455b-3f57-489c-bb07-4575c9890d22,EMP0815,Worker_0815,RFID000815,Production,WS-08,AFTERNOON,2,2026-10-02T15:53:13,OK,HAPPY,36.64,90.4,96.6,0.329,47.58,MODERATE
eab93f97-bab2-4b12-90c1-ff0d1f25cc9c,EMP0353,Worker_0353,RFID000353,Cutting,WS-10,AFTERNOON,2,2026-10-02T15:53:22,HAPPY,HAPPY,36.42,68.1,97.8,0.15,10.74,LOW
1d064c87-e4c2-4a37-8b75-e70875c945f1,EMP0322,Worker_0322,RFID000322,Stores,WS-07,AFTERNOON,2,2026-10-02T15:53:30,OK,HAPPY,36.36,86.2,98.3,0.35,42.26,MODERATE
779fdf47-d6a0-4e23-95d9-a54fb84a668d,EMP0400,Worker_0400,RFID000400,Stores,WS-05,AFTERNOON,2,2026-10-02T15:53:30,HAPPY,HAPPY,36.64,85.3,96.7,0.238,12.08,LOW
06c6594a-86a9-4733-a120-79ad103ba981,EMP0359,Worker_0359,RFID000359,Packaging,WS-05,AFTERNOON,2,2026-10-02T15:53:31,SAD,SAD,36.53,87.4,97.1,0.645,90.33,HIGH
bf703251-b065-4577-a678-65d3b38298b3,EMP0059,Worker_0059,RFID000059,Cutting,WS-09,AFTERNOON,2,2026-10-02T15:54:01,OK,OK,36.51,84.4,96.7,0.366,33.78,LOW
492f4b8d-cc93-49a7-9ce9-934c5adad12f,EMP0424,Worker_0424,RFID000424,Packaging,WS-01,AFTERNOON,2,2026-10-02T15:54:33,SAD,HAPPY,36.81,91.2,96.8,0.506,83.6,HIGH
3543e438-9fb1-4b8e-a828-9eaa28ea98a5,EMP0223,Worker_0223,RFID000223,Stores,WS-06,AFTERNOON,2,2026-10-02T15:54:41,OK,SAD,36.62,80.7,98.1,0.407,42.12,MODERATE
568ad5be-88f1-47d4-a3be-178f87b57e89,EMP0292,Worker_0292,RFID000292,Packaging,WS-09,AFTERNOON,2,2026-10-02T15:54:52,HAPPY,SAD,36.83,70.2,97.8,0.187,6.8,LOW
ecf922fc-d6ee-4761-a54f-448869641daa,EMP0709,Worker_0709,RFID000709,Maintenance,WS-07,AFTERNOON,2,2026-10-02T15:54:57,OK,OK,36.8,74.3,96.9,0.263,33.16,LOW
7feefd02-05c2-4872-b1b1-c11bb84a208e,EMP0032,Worker_0032,RFID000032,Production,WS-07,AFTERNOON,2,2026-10-02T15:55:08,HAPPY,SAD,36.82,68.5,98.4,0.156,12.36,LOW
ec237ced-5afb-4e4a-9ffe-eae3f748967c,EMP0101,Worker_0101,RFID000101,Packaging,WS-04,AFTERNOON,2,2026-10-02T15:55:14,HAPPY,HAPPY,36.22,72.1,97.3,0.256,6.63,LOW
76477983-0e51-4c72-863d-e9ea1740cf6a,EMP0303,Worker_0303,RFID000303,Maintenance,WS-07,AFTERNOON,2,2026-10-02T15:55:25,HAPPY,HAPPY,36.5,73.8,98.4,0.148,5.44,LOW
5e8f23e1-63c0-4a09-a1f9-f846a0280ee7,EMP0465,Worker_0465,RFID000465,Production,WS-03,AFTERNOON,2,2026-10-02T15:55:31,HAPPY,HAPPY,36.62,69.1,98.2,0.312,13.99,LOW
3194b515-2ea5-49a7-892f-5b593a1ddbf8,EMP0230,Worker_0230,RFID000230,Production,WS-06,AFTERNOON,2,2026-10-02T15:55:48,OK,OK,36.36,76.9,98.1,0.417,38.29,MODERATE
f586d222-0607-4ede-b186-43d9eaaf38fd,EMP0802,Worker_0802,RFID000802,Finishing,WS-02,AFTERNOON,2,2026-10-02T15:55:51,HAPPY,OK,36.77,78.0,98.9,0.149,5.19,LOW
41aebaea-5695-482d-8361-57b69f40a423,EMP0895,Worker_0895,RFID000895,Quality,WS-09,AFTERNOON,2,2026-10-02T15:55:52,OK,SAD,36.62,64.2,98.5,0.47,42.31,MODERATE
41a6ebc6-739f-4ce9-816a-d8dd0cfa85b8,EMP0589,Worker_0589,RFID000589,Cutting,WS-05,AFTERNOON,2,2026-10-02T15:56:05,HAPPY,HAPPY,36.62,67.2,98.4,0.235,9.18,LOW
7b640a19-faa5-4103-9fc6-cd7a45a2d48f,EMP0067,Worker_0067,RFID000067,Finishing,WS-10,AFTERNOON,2,2026-10-02T15:56:49,OK,OK,36.91,82.2,98.0,0.429,46.37,MODERATE
c452d312-c59b-4639-84aa-833173d73794,EMP0606,Worker_0606,RFID000606,Production,WS-08,AFTERNOON,2,2026-10-02T15:56:53,OK,SAD,36.35,72.6,98.2,0.455,39.35,MODERATE
f23d0102-2a35-43bc-b36e-9efec7435b66,EMP0524,Worker_0524,RFID000524,Quality,WS-10,AFTERNOON,2,2026-10-02T15:57:01,OK,OK,36.69,79.7,97.5,0.398,39.92,MODERATE
19a09c89-5457-487e-81a5-ea362508f5f3,EMP0678,Worker_0678,RFID000678,Assembly,WS-10,AFTERNOON,2,2026-10-02T15:57:04,OK,OK,36.27,86.1,99.6,0.207,45.94,MODERATE
5bd7d96c-3d5a-4229-8f9a-ecb6f0d267a8,EMP0174,Worker_0174,RFID000174,Packaging,WS-09,AFTERNOON,2,2026-10-02T15:57:06,OK,HAPPY,36.62,82.0,97.3,0.255,41.11,MODERATE
294be26a-ecd4-4152-bf9b-fa03f8f5022a,EMP0481,Worker_0481,RFID000481,Stores,WS-02,AFTERNOON,2,2026-10-02T15:57:34,OK,OK,36.47,77.1,98.4,0.328,36.41,MODERATE
1aaca2c2-a904-4d55-be08-a51b49d27ea1,EMP0085,Worker_0085,RFID000085,Stores,WS-08,AFTERNOON,2,2026-10-02T15:58:00,SAD,OK,36.62,93.2,97.4,0.524,85.09,HIGH
6098f6fc-57a4-4cd6-98d5-260eff108067,EMP0551,Worker_0551,RFID000551,Cutting,WS-07,AFTERNOON,2,2026-10-02T15:58:05,OK,SAD,36.49,73.4,96.8,0.236,38.73,MODERATE
0dcb6ef6-273f-437c-8cfe-78ff5eacb118,EMP0408,Worker_0408,RFID000408,Quality,WS-07,AFTERNOON,2,2026-10-02T15:58:10,HAPPY,OK,36.4,70.7,98.3,0.379,5.63,LOW
64b77ddb-8fb1-497b-a7e8-c7dbff2d2102,EMP0911,Worker_0911,RFID000911,Finishing,WS-08,AFTERNOON,2,2026-10-02T15:58:20,SAD,OK,36.28,72.3,97.1,0.42,72.44,HIGH
42b5aaaf-f557-4691-b215-9fcb4448ca80,EMP0266,Worker_0266,RFID000266,Stores,WS-08,AFTERNOON,2,2026-10-02T15:58:26,SAD,SAD,36.9,75.4,96.4,0.397,75.5,HIGH
5ddc84e6-cd7c-4bd7-9a19-f28855583f54,EMP0747,Worker_0747,RFID000747,Production,WS-10,AFTERNOON,2,2026-10-02T15:58:32,OK,OK,36.4,87.0,98.0,0.218,42.19,MODERATE
ef641586-b5a7-4fd4-99a4-4810400f8ea1,EMP0295,Worker_0295,RFID000295,Cutting,WS-09,AFTERNOON,2,2026-10-02T15:58:45,SAD,SAD,36.82,96.4,98.6,0.658,98.13,HIGH
448c02bb-5b28-4617-8c83-b51f4e02a75f,EMP0750,Worker_0750,RFID000750,Production,WS-10,AFTERNOON,2,2026-10-02T15:58:49,HAPPY,HAPPY,36.25,74.5,98.1,0.246,10.75,LOW
e093c357-7529-4506-9dd9-b8262a36f816,EMP0184,Worker_0184,RFID000184,Assembly,WS-02,AFTERNOON,2,2026-10-02T15:59:23,OK,HAPPY,36.59,83.3,98.3,0.362,38.88,MODERATE
baf77525-556e-4b25-b47b-90af7ab236c6,EMP0676,Worker_0676,RFID000676,Quality,WS-03,AFTERNOON,2,2026-10-02T15:59:24,HAPPY,OK,36.87,69.8,97.6,0.253,10.7,LOW
9c4e8cb3-7488-4f7c-adc4-e433bef94f82,EMP0848,Worker_0848,RFID000848,Finishing,WS-10,AFTERNOON,2,2026-10-02T15:59:46,HAPPY,HAPPY,36.48,78.6,99.1,0.344,7.21,LOW
89004389-069c-4257-8456-26fb12dc2da3,EMP0176,Worker_0176,RFID000176,Cutting,WS-05,AFTERNOON,2,2026-10-02T15:59:47,OK,OK,36.35,74.6,97.0,0.365,36.78,MODERATE
fdfb183b-a5dc-4c98-a54b-3eb417128b63,EMP0621,Worker_0621,RFID000621,Production,WS-03,AFTERNOON,2,2026-10-02T15:59:50,OK,OK,36.42,81.8,98.7,0.315,34.78,LOW
3fcc8a31-5ad3-4583-a623-ea4a7425ff4d,EMP0312,Worker_0312,RFID000312,Production,WS-09,AFTERNOON,2,2026-10-02T16:00:59,OK,HAPPY,36.26,76.2,98.2,0.253,35.44,MODERATE
f60e4b03-2f45-4910-8446-ab63278285b1,EMP0694,Worker_0694,RFID000694,Production,WS-05,AFTERNOON,2,2026-10-02T16:01:00,OK,HAPPY,36.6,83.2,97.0,0.225,35.48,MODERATE
2303519a-6ab9-40f5-8269-f17f5a25b604,EMP0250,Worker_0250,RFID000250,Packaging,WS-10,AFTERNOON,2,2026-10-02T16:01:24,HAPPY,HAPPY,36.46,71.0,96.9,0.111,6.38,LOW
0dea62a3-8d9c-4371-b2b4-16bfd71895f6,EMP0380,Worker_0380,RFID000380,Quality,WS-03,AFTERNOON,2,2026-10-02T16:01:43,HAPPY,HAPPY,36.57,66.4,98.7,0.173,11.4,LOW
0764f493-4790-4cc9-b554-10452ff054f1,EMP0827,Worker_0827,RFID000827,Finishing,WS-08,AFTERNOON,2,2026-10-02T16:01:46,HAPPY,OK,36.53,71.5,96.9,0.221,6.6,LOW
18f1b87f-d2b8-467b-bfb6-108b81543cb0,EMP0151,Worker_0151,RFID000151,Quality,WS-10,AFTERNOON,2,2026-10-02T16:01:47,OK,SAD,36.73,71.4,96.9,0.194,42.82,MODERATE
7255b741-ac99-42a0-a71f-bb31a7bf9cae,EMP0708,Worker_0708,RFID000708,Finishing,WS-08,AFTERNOON,2,2026-10-02T16:01:50,HAPPY,OK,36.3,71.5,97.5,0.284,13.04,LOW
e8b18cc3-de59-449c-be75-00485e9d574f,EMP0456,Worker_0456,RFID000456,Cutting,WS-09,AFTERNOON,2,2026-10-02T16:02:31,HAPPY,SAD,36.36,72.8,98.6,0.381,5.07,LOW
4b2a3bac-5056-41e8-b4d8-3be2ead5e1ab,EMP0131,Worker_0131,RFID000131,Packaging,WS-08,AFTERNOON,2,2026-10-02T16:02:37,SAD,OK,36.5,92.9,97.3,0.566,86.97,HIGH
8257b262-d3b8-463d-a168-7421fe4d7b04,EMP0320,Worker_0320,RFID000320,Quality,WS-06,AFTERNOON,2,2026-10-02T16:02:51,SAD,SAD,36.4,76.4,96.9,0.434,85.84,HIGH
8966a42a-26a7-47f5-bc02-ed1592ae7a60,EMP0910,Worker_0910,RFID000910,Production,WS-01,AFTERNOON,2,2026-10-02T16:02:54,OK,SAD,36.95,84.4,97.2,0.315,36.02,MODERATE
4c3ec96b-7cea-49ac-b8c9-7067aa396b06,EMP0695,Worker_0695,RFID000695,Assembly,WS-06,AFTERNOON,2,2026-10-02T16:03:01,SAD,SAD,36.79,85.6,96.5,0.453,84.98,HIGH
b4550cb5-d272-43e2-90a7-b3cddff94704,EMP0334,Worker_0334,RFID000334,Stores,WS-08,AFTERNOON,2,2026-10-02T16:03:15,HAPPY,HAPPY,36.64,68.1,98.4,0.432,14.36,LOW
d200074e-20ff-441f-84b7-28f30ac0c7f4,EMP0522,Worker_0522,RFID000522,Finishing,WS-08,AFTERNOON,2,2026-10-02T16:03:51,SAD,OK,36.91,89.0,96.3,0.459,78.06,HIGH
fd1b401d-1bb1-4dea-90fc-c5ac927957df,EMP0124,Worker_0124,RFID000124,Finishing,WS-01,AFTERNOON,2,2026-10-02T16:03:58,HAPPY,OK,36.45,79.1,98.4,0.081,7.84,LOW
5f239835-7e07-4851-a172-8b1cf8ef81ed,EMP0547,Worker_0547,RFID000547,Production,WS-02,AFTERNOON,2,2026-10-02T16:04:19,HAPPY,HAPPY,36.54,66.8,97.2,0.284,6.22,LOW
54149bc4-95d1-469f-b41b-4c07ea2f8c71,EMP0527,Worker_0527,RFID000527,Maintenance,WS-09,AFTERNOON,2,2026-10-02T16:04:20,HAPPY,HAPPY,36.55,78.1,98.5,0.291,8.06,LOW
fbd2c840-0a71-49ac-9236-1951bbd4a910,EMP0487,Worker_0487,RFID000487,Quality,WS-08,AFTERNOON,2,2026-10-02T16:04:42,HAPPY,HAPPY,36.58,77.7,97.1,0.207,10.4,LOW
2e1d863b-d987-4651-892c-0eebc2ec1692,EMP0516,Worker_0516,RFID000516,Production,WS-09,AFTERNOON,2,2026-10-02T16:04:55,OK,SAD,36.79,75.9,99.2,0.38,35.84,MODERATE
f538c7b4-496a-4c50-ab39-ca37bf403dfc,EMP0631,Worker_0631,RFID000631,Assembly,WS-02,AFTERNOON,2,2026-10-02T16:05:09,OK,HAPPY,36.86,72.0,97.4,0.131,42.89,MODERATE
c382632c-6c1f-43e5-b49d-dff3300b1865,EMP0886,Worker_0886,RFID000886,Assembly,WS-07,AFTERNOON,2,2026-10-02T16:05:28,OK,HAPPY,36.34,75.4,99.4,0.464,39.37,MODERATE
727f74bb-9354-47e4-bfda-d30d7b464b3e,EMP0762,Worker_0762,RFID000762,Stores,WS-09,AFTERNOON,2,2026-10-02T16:05:32,OK,SAD,36.24,82.6,98.1,0.336,41.36,MODERATE
a35c5bc9-bd88-48b3-b580-b21b09b9b6e8,EMP0090,Worker_0090,RFID000090,Packaging,WS-08,AFTERNOON,2,2026-10-02T16:05:48,HAPPY,HAPPY,36.34,82.2,99.1,0.137,9.84,LOW
f8a41758-ac55-4645-9629-2b7fad7ce55f,EMP0674,Worker_0674,RFID000674,Maintenance,WS-01,AFTERNOON,2,2026-10-02T16:05:55,OK,SAD,36.3,76.5,98.4,0.201,39.74,MODERATE
340bb7be-5a55-4768-9982-be80a6228773,EMP0445,Worker_0445,RFID000445,Maintenance,WS-05,AFTERNOON,2,2026-10-02T16:06:21,SAD,SAD,36.21,80.7,97.8,0.38,84.49,HIGH
05e491b6-aff0-46d4-b893-d5f9c691fdb9,EMP0281,Worker_0281,RFID000281,Quality,WS-03,AFTERNOON,2,2026-10-02T16:06:24,OK,OK,36.57,79.0,96.8,0.235,35.35,MODERATE
08cb09c1-1707-45b7-a46f-122797f69dba,EMP0980,Worker_0980,RFID000980,Production,WS-09,AFTERNOON,2,2026-10-02T16:06:29,OK,HAPPY,36.49,77.7,96.9,0.321,34.63,LOW
a809a715-d54b-41e9-9ef5-a8f4f65abcaa,EMP0560,Worker_0560,RFID000560,Finishing,WS-06,AFTERNOON,2,2026-10-02T16:06:36,HAPPY,HAPPY,36.54,72.1,98.3,0.251,8.57,LOW
3c1a09d9-4c6e-4c6e-b464-e9eca8d91c3c,EMP0843,Worker_0843,RFID000843,Cutting,WS-03,AFTERNOON,2,2026-10-02T16:06:43,HAPPY,HAPPY,36.44,84.4,98.1,0.292,10.72,LOW
7c2a8918-f55b-407d-82de-7bd93e8de621,EMP0956,Worker_0956,RFID000956,Maintenance,WS-04,AFTERNOON,2,2026-10-02T16:06:44,HAPPY,OK,36.24,79.6,97.7,0.233,9.09,LOW
84ca7632-e2da-4594-882e-cadbd90ac806,EMP0595,Worker_0595,RFID000595,Production,WS-03,AFTERNOON,2,2026-10-02T16:06:46,HAPPY,HAPPY,36.55,72.3,97.9,0.226,14.35,LOW
99b29fd5-5c7b-49a6-9a31-6faf27c4c300,EMP0029,Worker_0029,RFID000029,Quality,WS-05,AFTERNOON,2,2026-10-02T16:06:57,SAD,OK,36.9,95.8,97.3,0.601,89.33,HIGH
5d48b7f9-feb8-4741-ad08-88fd1093a4a5,EMP0383,Worker_0383,RFID000383,Maintenance,WS-02,AFTERNOON,2,2026-10-02T16:07:19,SAD,OK,36.95,79.2,97.0,0.489,78.56,HIGH
ba63e8a4-453a-4c5b-a621-e377582ca018,EMP0270,Worker_0270,RFID000270,Maintenance,WS-01,AFTERNOON,2,2026-10-02T16:07:31,OK,OK,36.44,73.3,96.5,0.457,43.06,MODERATE
7d56c297-57e2-4aef-a807-5bc0292b71b2,EMP0590,Worker_0590,RFID000590,Production,WS-07,AFTERNOON,2,2026-10-02T16:08:08,HAPPY,OK,36.5,76.7,98.5,0.126,6.97,LOW
0ccbbed5-6fda-4a68-b046-4a563e71ba34,EMP0609,Worker_0609,RFID000609,Stores,WS-06,AFTERNOON,2,2026-10-02T16:08:24,SAD,SAD,36.65,81.6,96.5,0.676,91.34,HIGH
ca5f9970-e96e-44ae-8805-069e536f598c,EMP0199,Worker_0199,RFID000199,Quality,WS-04,AFTERNOON,2,2026-10-02T16:08:48,SAD,HAPPY,36.34,96.4,97.3,0.455,84.92,HIGH
2874b82b-fd24-4746-964a-630fb513071e,EMP0145,Worker_0145,RFID000145,Quality,WS-07,AFTERNOON,2,2026-10-02T16:08:53,SAD,HAPPY,36.67,85.0,98.5,0.544,74.54,HIGH
dba82989-2ed5-4c46-86c4-4699c0001abb,EMP0138,Worker_0138,RFID000138,Stores,WS-03,AFTERNOON,2,2026-10-02T16:09:12,HAPPY,HAPPY,36.31,69.3,98.9,0.22,14.01,LOW
a52a8cbe-d508-43f1-aaf5-ac08b7c26257,EMP0341,Worker_0341,RFID000341,Cutting,WS-09,AFTERNOON,2,2026-10-02T16:09:39,OK,SAD,36.92,74.4,98.2,0.372,40.55,MODERATE
2c6d745f-b386-4ab6-bfce-5145825f47a4,EMP0349,Worker_0349,RFID000349,Cutting,WS-08,AFTERNOON,2,2026-10-02T16:10:08,HAPPY,OK,36.26,66.8,97.8,0.222,13.48,LOW
1391f9eb-0d2c-44ce-b6c5-f3104ac86620,EMP0158,Worker_0158,RFID000158,Maintenance,WS-08,AFTERNOON,2,2026-10-02T16:10:25,OK,OK,36.37,82.1,98.3,0.176,34.51,LOW
8f384c3f-a47f-4c4f-beea-3a9d68947d0a,EMP0818,Worker_0818,RFID000818,Cutting,WS-06,AFTERNOON,2,2026-10-02T16:10:38,SAD,SAD,36.8,81.6,97.4,0.524,81.37,HIGH
01fa344b-0377-48c2-a7ea-a8f27a80c674,EMP0187,Worker_0187,RFID000187,Quality,WS-01,AFTERNOON,2,2026-10-02T16:10:40,OK,OK,36.47,72.6,97.0,0.321,34.29,LOW
3e93ee2c-bb39-4ed6-b052-05c05be3dc2d,EMP0314,Worker_0314,RFID000314,Assembly,WS-09,AFTERNOON,2,2026-10-02T16:10:46,HAPPY,HAPPY,36.26,67.9,98.0,0.377,12.38,LOW
5b771e3f-cac0-4f96-a44d-19901a73df80,EMP0468,Worker_0468,RFID000468,Stores,WS-06,AFTERNOON,2,2026-10-02T16:11:06,HAPPY,HAPPY,36.84,68.8,98.4,0.259,7.26,LOW
9c7682fb-4a89-4df2-9be0-f52ef77336e4,EMP0079,Worker_0079,RFID000079,Production,WS-01,AFTERNOON,2,2026-10-02T16:11:10,OK,SAD,36.32,86.9,97.0,0.228,40.45,MODERATE
ff654c22-084f-416f-bef0-a474b20f16ac,EMP0018,Worker_0018,RFID000018,Packaging,WS-03,AFTERNOON,2,2026-10-02T16:11:34,OK,SAD,36.51,76.0,98.9,0.376,41.3,MODERATE
05f585c4-8d0f-43e5-a9a1-e29945a2c5c4,EMP0654,Worker_0654,RFID000654,Production,WS-01,AFTERNOON,2,2026-10-02T16:11:44,OK,OK,36.46,73.2,98.4,0.225,41.41,MODERATE
8b1225d9-4a23-44f9-9468-6412fc63f7c1,EMP0710,Worker_0710,RFID000710,Finishing,WS-10,AFTERNOON,2,2026-10-02T16:11:51,OK,OK,36.36,82.1,97.3,0.319,40.49,MODERATE
5fae348d-357e-4b9b-b944-3fcefc8d6532,EMP0512,Worker_0512,RFID000512,Production,WS-01,AFTERNOON,2,2026-10-02T16:11:52,OK,SAD,36.34,78.3,98.6,0.448,39.66,MODERATE
25df0b5a-00dd-4d13-bafb-d40547890645,EMP0906,Worker_0906,RFID000906,Finishing,WS-02,AFTERNOON,2,2026-10-02T16:11:56,HAPPY,OK,36.46,69.1,97.5,0.339,5.17,LOW
398f6a13-84ed-4ec9-abaa-9723ef7ba24b,EMP0993,Worker_0993,RFID000993,Quality,WS-08,AFTERNOON,2,2026-10-02T16:11:57,HAPPY,HAPPY,36.43,82.5,99.2,0.246,11.9,LOW
f1a35b1b-73b0-44a4-8384-85c63eaa6cff,EMP0263,Worker_0263,RFID000263,Quality,WS-05,AFTERNOON,2,2026-10-02T16:12:00,SAD,HAPPY,37.07,91.1,97.0,0.442,91.18,HIGH
97227c12-708f-4ad8-81b5-36fdec2b4284,EMP0279,Worker_0279,RFID000279,Packaging,WS-04,AFTERNOON,2,2026-10-02T16:12:00,HAPPY,HAPPY,36.41,77.0,99.2,0.258,9.89,LOW
f6ac57ef-d8ad-4178-aeeb-ea40a5cf2332,EMP0914,Worker_0914,RFID000914,Cutting,WS-05,AFTERNOON,2,2026-10-02T16:12:21,OK,HAPPY,36.85,83.2,98.0,0.242,36.83,MODERATE
ed69aa28-dd2c-49f9-a595-e05ba9bf9f86,EMP0739,Worker_0739,RFID000739,Stores,WS-09,AFTERNOON,2,2026-10-02T16:12:41,SAD,SAD,36.49,90.7,97.1,0.579,97.72,HIGH
42f31020-6ae1-49df-b943-5724a687dd84,EMP0746,Worker_0746,RFID000746,Quality,WS-04,AFTERNOON,2,2026-10-02T16:13:24,HAPPY,HAPPY,36.43,75.4,98.8,0.255,12.3,LOW
f1233946-6456-4607-894a-ad9c784aab55,EMP0343,Worker_0343,RFID000343,Cutting,WS-06,AFTERNOON,2,2026-10-02T16:13:29,OK,OK,36.53,90.1,96.9,0.155,48.61,MODERATE
0ca2c079-533e-4254-b424-07df3db74f2c,EMP0536,Worker_0536,RFID000536,Stores,WS-10,AFTERNOON,2,2026-10-02T16:13:37,HAPPY,HAPPY,36.62,70.3,98.6,0.434,13.77,LOW
bb891ac8-52ce-41ad-8c0a-0ecf4636eb59,EMP0813,Worker_0813,RFID000813,Production,WS-01,AFTERNOON,2,2026-10-02T16:13:40,OK,HAPPY,36.44,77.3,97.9,0.282,39.87,MODERATE
8294718c-6a00-467b-9bd5-04c7588224eb,EMP0377,Worker_0377,RFID000377,Assembly,WS-01,AFTERNOON,2,2026-10-02T16:13:59,HAPPY,SAD,36.27,68.8,97.8,0.255,9.57,LOW
edf78950-4bfc-4225-a5e6-38da628ee28b,EMP0170,Worker_0170,RFID000170,Assembly,WS-05,AFTERNOON,2,2026-10-02T16:14:06,SAD,OK,36.6,93.4,98.3,0.319,81.43,HIGH
f0a9d2f9-318b-4e07-b5bb-4de62bec2193,EMP0981,Worker_0981,RFID000981,Finishing,WS-09,AFTERNOON,2,2026-10-02T16:14:32,HAPPY,SAD,36.5,77.4,98.2,0.227,11.5,LOW
730585d1-aa75-436f-a1d7-eeb5bc96e7c5,EMP0952,Worker_0952,RFID000952,Packaging,WS-02,AFTERNOON,2,2026-10-02T16:14:33,OK,SAD,36.22,82.8,98.4,0.221,35.79,MODERATE
d67d1c66-6b41-44d3-a245-d7abf2c41b08,EMP0325,Worker_0325,RFID000325,Cutting,WS-07,AFTERNOON,2,2026-10-02T16:14:43,SAD,HAPPY,36.64,84.6,97.9,0.626,79.44,HIGH
66a61017-299d-4774-abe2-d388fecba7e1,EMP0586,Worker_0586,RFID000586,Cutting,WS-09,AFTERNOON,2,2026-10-02T16:14:58,OK,SAD,36.87,75.2,97.7,0.339,42.82,MODERATE
a509e9c9-3e63-46c6-b807-d423370c0ba0,EMP0959,Worker_0959,RFID000959,Assembly,WS-09,AFTERNOON,2,2026-10-02T16:15:08,OK,SAD,36.4,70.1,97.8,0.427,44.55,MODERATE
e59917c0-6b01-4aab-ae65-a3f625579b5a,EMP0102,Worker_0102,RFID000102,Cutting,WS-08,AFTERNOON,2,2026-10-02T16:15:11,HAPPY,HAPPY,36.35,78.1,97.7,0.244,14.05,LOW
a0ad24e7-f997-4071-acf2-d52d827327d0,EMP0860,Worker_0860,RFID000860,Quality,WS-04,AFTERNOON,2,2026-10-02T16:15:28,OK,OK,36.25,81.6,97.1,0.27,38.26,MODERATE
8da82f6c-f470-405c-b549-1ece461e8d6c,EMP0338,Worker_0338,RFID000338,Production,WS-08,AFTERNOON,2,2026-10-02T16:15:47,HAPPY,HAPPY,36.32,82.7,98.9,0.311,7.57,LOW
06fdbbed-03ce-4006-af02-24fbfb8b40f6,EMP0309,Worker_0309,RFID000309,Production,WS-09,AFTERNOON,2,2026-10-02T16:16:03,OK,OK,36.75,69.9,98.5,0.347,39.55,MODERATE
fdef2601-c491-4fb5-836f-8058870536d9,EMP0554,Worker_0554,RFID000554,Finishing,WS-03,AFTERNOON,2,2026-10-02T16:16:16,OK,SAD,36.36,82.9,98.0,0.387,42.99,MODERATE
8d5c0faf-53b5-4add-8375-0fc4f2371207,EMP0499,Worker_0499,RFID000499,Packaging,WS-05,AFTERNOON,2,2026-10-02T16:16:17,HAPPY,HAPPY,36.84,79.8,98.8,0.194,7.02,LOW
03030c34-f57c-44cc-9936-c1fabf3d46d3,EMP0432,Worker_0432,RFID000432,Stores,WS-02,AFTERNOON,2,2026-10-02T16:16:21,HAPPY,HAPPY,36.77,66.4,97.8,0.148,10.99,LOW
b606ba7d-8584-4597-a723-3e2eadf958d3,EMP0593,Worker_0593,RFID000593,Maintenance,WS-10,AFTERNOON,2,2026-10-02T16:16:37,HAPPY,SAD,36.63,76.7,99.0,0.377,6.43,LOW
bf488fbd-32d4-4289-aa65-2b09efa4716e,EMP0429,Worker_0429,RFID000429,Finishing,WS-09,AFTERNOON,2,2026-10-02T16:17:20,HAPPY,OK,36.51,73.1,97.6,0.235,5.81,LOW
5baf22c5-c202-44bd-8bab-9b6b70ccbcdb,EMP0553,Worker_0553,RFID000553,Maintenance,WS-10,AFTERNOON,2,2026-10-02T16:17:20,SAD,SAD,36.72,77.2,97.4,0.617,92.58,HIGH
f191a8a3-2073-4923-962e-ab5e95413b6a,EMP0754,Worker_0754,RFID000754,Stores,WS-04,AFTERNOON,2,2026-10-02T16:17:25,SAD,OK,36.95,84.2,97.7,0.542,72.12,HIGH
a79f6554-85fb-4346-9a85-fd64b03323d9,EMP0014,Worker_0014,RFID000014,Production,WS-02,AFTERNOON,2,2026-10-02T16:17:31,HAPPY,HAPPY,36.17,70.1,98.8,0.251,14.24,LOW
bbe6cdca-bb56-4bda-aa47-b28dd67d271e,EMP0690,Worker_0690,RFID000690,Assembly,WS-05,AFTERNOON,2,2026-10-02T16:18:02,OK,HAPPY,36.26,76.8,97.2,0.35,36.68,MODERATE
aeb7c120-03be-4938-941b-514e44ffa37a,EMP0744,Worker_0744,RFID000744,Assembly,WS-08,AFTERNOON,2,2026-10-02T16:18:13,SAD,OK,36.93,83.6,98.4,0.423,78.44,HIGH
f2b3e890-80dc-41c2-a7b1-fd7d73b4849a,EMP0078,Worker_0078,RFID000078,Assembly,WS-08,AFTERNOON,2,2026-10-02T16:18:37,HAPPY,SAD,36.51,65.2,99.4,0.168,6.86,LOW
6b811d16-b09e-4b52-a224-d33c2252d305,EMP0926,Worker_0926,RFID000926,Production,WS-09,AFTERNOON,2,2026-10-02T16:19:03,SAD,OK,36.74,95.9,96.7,0.639,84.52,HIGH
1e464a46-c3f9-48d4-8742-d1b5959ec30a,EMP0811,Worker_0811,RFID000811,Finishing,WS-04,AFTERNOON,2,2026-10-02T16:19:14,HAPPY,OK,36.18,74.5,98.6,0.248,11.65,LOW
0920fbd8-909c-4735-be99-effd244f5a1c,EMP0894,Worker_0894,RFID000894,Assembly,WS-02,AFTERNOON,2,2026-10-02T16:19:27,OK,OK,36.57,83.1,98.6,0.376,34.49,LOW
81b7f97a-4608-4f45-af72-6ca68097f424,EMP0942,Worker_0942,RFID000942,Assembly,WS-09,AFTERNOON,2,2026-10-02T16:19:35,OK,OK,36.93,84.7,97.8,0.375,33.46,LOW
93c64c2c-d9e6-4ede-9bfc-c94510041c9b,EMP0970,Worker_0970,RFID000970,Quality,WS-07,AFTERNOON,2,2026-10-02T16:20:02,OK,OK,36.42,83.8,97.9,0.321,35.95,MODERATE
260dd7f0-96fe-473a-9a68-b83c3b12ae09,EMP0615,Worker_0615,RFID000615,Production,WS-09,AFTERNOON,2,2026-10-02T16:20:12,HAPPY,HAPPY,36.74,71.5,98.5,0.244,14.69,LOW
12e5d427-ae55-43f5-9685-8e57cc23fd5f,EMP0490,Worker_0490,RFID000490,Stores,WS-05,AFTERNOON,2,2026-10-02T16:20:49,HAPPY,OK,36.4,69.8,98.8,0.15,13.86,LOW
523152fc-3724-413b-b3d5-10a3fec39726,EMP0430,Worker_0430,RFID000430,Finishing,WS-01,AFTERNOON,2,2026-10-02T16:20:57,OK,HAPPY,36.64,71.2,98.3,0.333,42.67,MODERATE
358a7480-fab1-4090-94cb-de9ce6ed122a,EMP0026,Worker_0026,RFID000026,Finishing,WS-04,AFTERNOON,2,2026-10-02T16:20:58,OK,HAPPY,36.68,79.7,97.0,0.183,35.78,MODERATE
33268dc5-8a66-4e82-9580-fed509b30661,EMP0382,Worker_0382,RFID000382,Quality,WS-02,AFTERNOON,2,2026-10-02T16:21:19,OK,HAPPY,36.5,87.5,98.6,0.225,40.31,MODERATE
dc1c6344-2a55-450f-ad0f-a1e81f476356,EMP0350,Worker_0350,RFID000350,Production,WS-10,AFTERNOON,2,2026-10-02T16:21:43,HAPPY,HAPPY,36.49,80.4,97.8,0.105,5.57,LOW
7be9172e-1f8a-45c0-9936-dc10fc8bfc88,EMP0591,Worker_0591,RFID000591,Maintenance,WS-05,AFTERNOON,2,2026-10-02T16:21:51,HAPPY,OK,36.41,81.3,97.6,0.242,6.24,LOW
bdb25f7c-3758-40fc-aa00-61d3dd9e4138,EMP0563,Worker_0563,RFID000563,Cutting,WS-05,AFTERNOON,2,2026-10-02T16:22:13,SAD,SAD,36.53,101.5,98.7,0.607,100,HIGH
69cb9832-3986-470e-af4d-3f269704c82f,EMP0141,Worker_0141,RFID000141,Cutting,WS-09,AFTERNOON,2,2026-10-02T16:22:16,HAPPY,OK,36.66,72.3,97.3,0.249,13.48,LOW
cab77cba-472c-4769-9090-61003173166a,EMP0272,Worker_0272,RFID000272,Finishing,WS-05,AFTERNOON,2,2026-10-02T16:22:37,OK,SAD,36.06,82.7,97.2,0.296,35.07,MODERATE
0f1288b5-8031-474e-b97d-af44c7969f24,EMP0310,Worker_0310,RFID000310,Cutting,WS-03,AFTERNOON,2,2026-10-02T16:22:59,HAPPY,SAD,36.23,81.8,98.8,0.08,10.47,LOW
57f4991d-9164-49e4-9e84-2d90543c8dbc,EMP0850,Worker_0850,RFID000850,Assembly,WS-08,AFTERNOON,2,2026-10-02T16:23:12,SAD,OK,36.99,100.2,97.2,0.482,89.39,HIGH
0ed45ac2-0714-49f3-960a-42f7acc54379,EMP0745,Worker_0745,RFID000745,Finishing,WS-09,AFTERNOON,2,2026-10-02T16:23:27,OK,HAPPY,36.47,78.2,98.7,0.244,40.36,MODERATE
113fcd3d-e640-4f56-8722-c464c3f4d1d4,EMP0611,Worker_0611,RFID000611,Packaging,WS-10,AFTERNOON,2,2026-10-02T16:23:32,OK,SAD,36.77,82.5,96.7,0.239,42.96,MODERATE
30426c42-37b8-4eb6-a411-17d48da9ea98,EMP0149,Worker_0149,RFID000149,Packaging,WS-10,AFTERNOON,2,2026-10-02T16:23:39,SAD,HAPPY,36.29,101.6,97.4,0.697,96.01,HIGH
bcb48184-b672-4ab3-9c3d-5160319c61d0,EMP0873,Worker_0873,RFID000873,Maintenance,WS-07,AFTERNOON,2,2026-10-02T16:23:39,HAPPY,OK,36.46,60.8,98.5,0.294,14.04,LOW
e9ee9b94-c2c1-49f9-9b84-e07c58195c17,EMP0794,Worker_0794,RFID000794,Cutting,WS-08,AFTERNOON,2,2026-10-02T16:23:47,OK,HAPPY,36.72,84.6,98.9,0.335,33.54,LOW
e299974e-d08b-4500-b476-218fa40a2b84,EMP0370,Worker_0370,RFID000370,Stores,WS-10,AFTERNOON,2,2026-10-02T16:24:45,OK,HAPPY,36.74,73.3,97.7,0.364,33.93,LOW
d7db4754-d62d-4571-9c64-45a210cf27b9,EMP0485,Worker_0485,RFID000485,Finishing,WS-03,AFTERNOON,2,2026-10-02T16:24:46,OK,SAD,36.78,79.8,97.9,0.362,33.34,LOW
c9fbb6d3-f7b8-4e75-beba-4856dc400f28,EMP0450,Worker_0450,RFID000450,Production,WS-03,AFTERNOON,2,2026-10-02T16:25:02,OK,HAPPY,36.75,83.9,96.9,0.347,40.87,MODERATE
9d2876b7-90b8-4d16-9431-14678b9c1248,EMP0112,Worker_0112,RFID000112,Production,WS-09,AFTERNOON,2,2026-10-02T16:25:10,OK,OK,36.29,78.7,98.9,0.352,37.08,MODERATE
64393cf5-7550-4247-bf8c-289de0706b56,EMP0323,Worker_0323,RFID000323,Stores,WS-01,AFTERNOON,2,2026-10-02T16:25:10,OK,OK,36.52,69.4,97.3,0.34,36.36,MODERATE
6aac8df3-0089-4ee8-ab5e-7c3135328bcc,EMP0858,Worker_0858,RFID000858,Quality,WS-10,AFTERNOON,2,2026-10-02T16:25:15,OK,OK,36.61,87.2,97.1,0.43,45.05,MODERATE
2d4b001b-f986-4e65-a98d-b8f7656b0b5c,EMP0118,Worker_0118,RFID000118,Quality,WS-02,AFTERNOON,2,2026-10-02T16:25:35,HAPPY,HAPPY,36.56,69.2,98.4,0.386,7.65,LOW
ef504741-4c79-4023-93f6-2c69bfb36d1d,EMP0398,Worker_0398,RFID000398,Production,WS-04,AFTERNOON,2,2026-10-02T16:25:42,SAD,SAD,36.72,77.6,96.9,0.521,84.86,HIGH
161ceee4-050d-4519-b5b0-4c73928cc077,EMP0607,Worker_0607,RFID000607,Packaging,WS-06,AFTERNOON,2,2026-10-02T16:25:44,OK,SAD,36.33,77.2,98.5,0.297,42.43,MODERATE
76a57df8-8c7c-4158-9925-9ab3cb898167,EMP0569,Worker_0569,RFID000569,Quality,WS-09,AFTERNOON,2,2026-10-02T16:25:47,OK,SAD,36.38,78.6,97.6,0.381,33.48,LOW
5f8a14c6-7094-4bd7-9184-e9b8157fd3d4,EMP0097,Worker_0097,RFID000097,Production,WS-05,AFTERNOON,2,2026-10-02T16:25:49,OK,HAPPY,36.46,83.6,98.5,0.367,40.44,MODERATE
59a2ebb7-69ed-4131-a249-4bb66c7714c2,EMP0510,Worker_0510,RFID000510,Packaging,WS-06,AFTERNOON,2,2026-10-02T16:26:08,HAPPY,HAPPY,36.7,71.9,98.4,0.236,12.82,LOW
1fd70456-1257-4965-b978-1e260f009e08,EMP0225,Worker_0225,RFID000225,Packaging,WS-02,AFTERNOON,2,2026-10-02T16:26:10,OK,HAPPY,36.44,69.4,97.7,0.456,37.13,MODERATE
89f6294e-db42-48ae-b5d8-397562a0dd6d,EMP0403,Worker_0403,RFID000403,Packaging,WS-08,AFTERNOON,2,2026-10-02T16:26:19,SAD,OK,36.92,82.7,98.3,0.466,76.14,HIGH
6b9c4109-e369-47fa-989f-50560b4ee19c,EMP0177,Worker_0177,RFID000177,Stores,WS-02,AFTERNOON,2,2026-10-02T16:26:27,HAPPY,HAPPY,36.13,79.5,98.4,0.313,6.28,LOW
585dc7c8-ea13-4e35-a55d-dcd6406b1f9d,EMP0863,Worker_0863,RFID000863,Maintenance,WS-08,AFTERNOON,2,2026-10-02T16:26:42,SAD,SAD,36.96,103.2,98.1,0.786,100,HIGH
1a9eeeb1-58f7-428f-a3fe-c0bb3e5bf350,EMP0871,Worker_0871,RFID000871,Quality,WS-10,AFTERNOON,2,2026-10-02T16:26:45,HAPPY,HAPPY,36.31,77.9,98.3,0.409,18.2,LOW
ae5a0449-dcda-443a-a8d1-42a7ad9c4f49,EMP0777,Worker_0777,RFID000777,Stores,WS-01,AFTERNOON,2,2026-10-02T16:27:00,HAPPY,HAPPY,36.43,79.3,98.9,0.157,11.5,LOW
34363969-6dd2-4f80-ab53-ee41b15b1c53,EMP0805,Worker_0805,RFID000805,Quality,WS-01,AFTERNOON,2,2026-10-02T16:27:33,OK,OK,36.57,87.8,95.7,0.384,39.73,MODERATE
c1c65d04-0266-4f24-af33-b72f6e8a5f7d,EMP0372,Worker_0372,RFID000372,Stores,WS-05,AFTERNOON,2,2026-10-02T16:27:43,OK,HAPPY,36.53,72.5,98.1,0.372,36.71,MODERATE
2cdcbedf-0e51-4e4c-8c7c-8b46f0affd92,EMP0117,Worker_0117,RFID000117,Finishing,WS-04,AFTERNOON,2,2026-10-02T16:27:47,SAD,OK,36.38,83.7,97.0,0.512,73.64,HIGH
806aeefd-2b20-4f5a-8528-c49e83cd13a6,EMP0191,Worker_0191,RFID000191,Cutting,WS-03,AFTERNOON,2,2026-10-02T16:27:57,OK,OK,36.76,83.3,97.7,0.292,34.84,LOW
081c4610-c704-4252-88fb-bde979ad3cee,EMP0373,Worker_0373,RFID000373,Production,WS-01,AFTERNOON,2,2026-10-02T16:27:57,SAD,OK,37.02,80.2,97.6,0.434,83.45,HIGH
6637f2d3-e270-4fee-8c86-500a000ce3b8,EMP0561,Worker_0561,RFID000561,Packaging,WS-06,AFTERNOON,2,2026-10-02T16:28:17,HAPPY,HAPPY,36.28,74.9,98.7,0.291,14.86,LOW
8b64adfd-90ea-4c0e-9a83-a3b0003d6a12,EMP0786,Worker_0786,RFID000786,Quality,WS-08,AFTERNOON,2,2026-10-02T16:28:18,OK,HAPPY,36.33,76.2,98.5,0.337,37.94,MODERATE
229e447a-7755-4dab-8161-ea563206385e,EMP0019,Worker_0019,RFID000019,Stores,WS-08,AFTERNOON,2,2026-10-02T16:28:25,OK,OK,36.83,71.9,98.1,0.381,36.74,MODERATE
9ba7fe53-2820-4edc-bf0c-08d86d039d05,EMP0207,Worker_0207,RFID000207,Finishing,WS-10,AFTERNOON,2,2026-10-02T16:28:43,HAPPY,OK,36.55,78.2,98.4,0.325,10.71,LOW
a8df9795-cfa6-4fd1-97d6-27133e69ff60,EMP0637,Worker_0637,RFID000637,Quality,WS-05,AFTERNOON,2,2026-10-02T16:28:44,OK,OK,36.61,76.0,98.2,0.198,37.69,MODERATE
18e7c66d-686e-4fad-a915-b80ca2f0d15f,EMP0598,Worker_0598,RFID000598,Quality,WS-08,AFTERNOON,2,2026-10-02T16:28:45,HAPPY,HAPPY,36.16,66.7,99.2,0.379,8.59,LOW
5953bbde-d21e-43e2-a599-1932b0f359d2,EMP0458,Worker_0458,RFID000458,Assembly,WS-10,AFTERNOON,2,2026-10-02T16:28:49,HAPPY,HAPPY,36.53,84.5,99.2,0.293,9.56,LOW
c2d3b965-280a-471f-b022-08d3a2705214,EMP0566,Worker_0566,RFID000566,Production,WS-10,AFTERNOON,2,2026-10-02T16:28:59,HAPPY,SAD,36.74,73.7,97.9,0.165,8.89,LOW
44868948-112d-44ac-bdd4-82f931f80340,EMP0954,Worker_0954,RFID000954,Cutting,WS-08,AFTERNOON,2,2026-10-02T16:29:29,OK,HAPPY,36.49,80.5,98.3,0.322,34.06,LOW
af52c99b-a10e-4019-a0ea-06a041d1b95b,EMP0973,Worker_0973,RFID000973,Production,WS-06,AFTERNOON,2,2026-10-02T16:29:37,SAD,OK,36.72,101.7,98.4,0.498,94.86,HIGH
c77e2040-b5c3-461e-ae6b-13a51d05ebbc,EMP0810,Worker_0810,RFID000810,Cutting,WS-04,AFTERNOON,2,2026-10-02T16:29:39,HAPPY,HAPPY,36.36,72.1,97.3,0.204,9.58,LOW
3c5a453c-4d59-477a-9fdb-67ce4ca44c73,EMP0893,Worker_0893,RFID000893,Maintenance,WS-10,AFTERNOON,2,2026-10-02T16:29:52,HAPPY,OK,36.26,68.7,98.1,0.307,8.36,LOW
9b01520a-7962-4d4c-9cbc-ce451f831cbd,EMP0921,Worker_0921,RFID000921,Stores,WS-03,AFTERNOON,2,2026-10-02T16:29:56,SAD,OK,36.67,94.2,97.4,0.422,86.96,HIGH
afbcb8ad-4d6d-42f1-9669-287d65cdfdc1,EMP0534,Worker_0534,RFID000534,Production,WS-07,AFTERNOON,2,2026-10-02T16:29:57,HAPPY,OK,36.6,71.2,99.6,0.21,12.63,LOW
33206f1e-df0c-474a-ace0-d117ceee18b2,EMP0329,Worker_0329,RFID000329,Stores,WS-09,AFTERNOON,2,2026-10-02T16:30:07,HAPPY,HAPPY,36.44,69.3,97.6,0.264,8.4,LOW
ea0749e3-594b-47e2-ac6c-cfdaeb932b39,EMP0036,Worker_0036,RFID000036,Packaging,WS-10,AFTERNOON,2,2026-10-02T16:30:08,SAD,SAD,36.91,86.0,97.6,0.575,93.55,HIGH
ce100155-c976-46c5-9eec-0359aaae8641,EMP0572,Worker_0572,RFID000572,Production,WS-01,AFTERNOON,2,2026-10-02T16:30:08,SAD,OK,36.36,86.4,97.0,0.442,81.28,HIGH
b14a2be7-96ae-40ad-92ca-61df8e67e347,EMP0728,Worker_0728,RFID000728,Cutting,WS-02,AFTERNOON,2,2026-10-02T16:30:25,HAPPY,SAD,36.64,77.8,97.2,0.237,14.19,LOW
bd682eee-0e1b-4af6-96a3-84858e77cf22,EMP0301,Worker_0301,RFID000301,Stores,WS-05,AFTERNOON,2,2026-10-02T16:30:29,HAPPY,OK,36.27,84.4,99.5,0.329,8.17,LOW
a0e956ed-2cb1-41c1-8393-9b986bb6b42a,EMP0426,Worker_0426,RFID000426,Production,WS-04,AFTERNOON,2,2026-10-02T16:31:00,OK,OK,36.71,81.0,97.3,0.508,38.49,MODERATE
5fbf87cb-057b-45b4-8717-baa93c572db9,EMP0077,Worker_0077,RFID000077,Stores,WS-06,AFTERNOON,2,2026-10-02T16:31:15,HAPPY,OK,36.41,80.6,98.6,0.4,12.75,LOW
ee46182c-af7d-412d-97cf-11234ad50399,EMP0992,Worker_0992,RFID000992,Packaging,WS-02,AFTERNOON,2,2026-10-02T16:31:41,OK,HAPPY,36.5,78.4,98.1,0.171,33.43,LOW
113e7498-aa06-4900-916f-d02ca3877e35,EMP0265,Worker_0265,RFID000265,Packaging,WS-04,AFTERNOON,2,2026-10-02T16:31:46,HAPPY,SAD,36.61,64.1,96.9,0.193,6.33,LOW
612f33f8-8d43-481f-b0a3-7eb5d11271a6,EMP0671,Worker_0671,RFID000671,Stores,WS-06,AFTERNOON,2,2026-10-02T16:31:47,HAPPY,HAPPY,36.59,69.1,97.7,0.23,9.38,LOW
cc7a7da8-001f-45c4-b5ee-80e2495c8b96,EMP0865,Worker_0865,RFID000865,Maintenance,WS-01,AFTERNOON,2,2026-10-02T16:31:58,OK,HAPPY,36.79,77.3,96.9,0.186,42.13,MODERATE
ac532efa-1f13-4320-ba47-87f6c1bbf20b,EMP0783,Worker_0783,RFID000783,Maintenance,WS-01,AFTERNOON,2,2026-10-02T16:32:14,OK,OK,36.63,78.9,98.7,0.428,37.45,MODERATE
6de0ee6b-dedf-40f7-944e-3248b7720390,EMP0749,Worker_0749,RFID000749,Maintenance,WS-09,AFTERNOON,2,2026-10-02T16:32:22,HAPPY,HAPPY,36.34,72.6,96.7,0.126,14.18,LOW
6e609a45-c7a5-434d-9853-aecdcce4ada7,EMP0136,Worker_0136,RFID000136,Finishing,WS-05,AFTERNOON,2,2026-10-02T16:33:03,HAPPY,HAPPY,36.39,78.1,99.4,0.144,14.72,LOW
d9cb9c81-8533-45c2-975a-3541214023c8,EMP0857,Worker_0857,RFID000857,Finishing,WS-06,AFTERNOON,2,2026-10-02T16:33:10,SAD,HAPPY,36.82,92.5,96.9,0.41,86.73,HIGH
080fb07b-4983-4415-9f9e-986b7c1ad2c4,EMP0229,Worker_0229,RFID000229,Quality,WS-06,AFTERNOON,2,2026-10-02T16:33:15,SAD,SAD,36.48,80.0,96.8,0.497,79.77,HIGH
bd51ace9-cdd3-4b70-9438-4043ea6120f7,EMP0361,Worker_0361,RFID000361,Production,WS-08,AFTERNOON,2,2026-10-02T16:33:42,SAD,OK,37.1,86.4,96.7,0.549,80.78,HIGH
f2c10604-5129-4b7a-9f12-60d31a3c24e2,EMP0087,Worker_0087,RFID000087,Assembly,WS-05,AFTERNOON,2,2026-10-02T16:34:08,HAPPY,HAPPY,36.3,80.9,97.5,0.309,14.78,LOW
28c0697d-a1ae-4a95-a7fe-3485fca50489,EMP0493,Worker_0493,RFID000493,Cutting,WS-01,AFTERNOON,2,2026-10-02T16:34:25,HAPPY,HAPPY,36.52,74.1,98.0,0.283,11.21,LOW
faf2d828-6671-4d61-8913-da2656f9d3a5,EMP0153,Worker_0153,RFID000153,Stores,WS-01,AFTERNOON,2,2026-10-02T16:34:32,OK,OK,36.37,73.6,98.9,0.29,42.28,MODERATE
dd99f8d7-6e2d-4e69-b2a3-4648f5a6c8ea,EMP0633,Worker_0633,RFID000633,Packaging,WS-05,AFTERNOON,2,2026-10-02T16:34:32,HAPPY,HAPPY,36.35,69.3,98.4,0.11,6.44,LOW
2c1958f4-43a0-4da0-a9d8-3e1839306fac,EMP0098,Worker_0098,RFID000098,Production,WS-03,AFTERNOON,2,2026-10-02T16:34:34,HAPPY,HAPPY,36.62,66.7,97.4,0.286,12.22,LOW
c73cb1fc-6c43-47a7-bb19-afb695ad1509,EMP0003,Worker_0003,RFID000003,Packaging,WS-09,AFTERNOON,2,2026-10-02T16:34:41,OK,HAPPY,36.48,79.6,97.4,0.441,45.21,MODERATE
487ea4e8-e8ca-4e73-84e1-463c58562820,EMP0664,Worker_0664,RFID000664,Assembly,WS-01,AFTERNOON,2,2026-10-02T16:34:44,HAPPY,HAPPY,36.27,81.4,97.6,0.363,9.49,LOW
e2bc3d9a-213e-44a6-8401-f06b28811ef1,EMP0659,Worker_0659,RFID000659,Cutting,WS-03,AFTERNOON,2,2026-10-02T16:34:48,SAD,HAPPY,36.65,94.3,96.8,0.638,88.33,HIGH
3def2a7c-2611-423a-8bde-1097d3e46412,EMP0435,Worker_0435,RFID000435,Quality,WS-01,AFTERNOON,2,2026-10-02T16:35:03,OK,OK,36.78,81.8,97.4,0.385,35.04,MODERATE
8766e8b0-7e01-41a2-9016-26886a66c7c2,EMP0917,Worker_0917,RFID000917,Packaging,WS-04,AFTERNOON,2,2026-10-02T16:35:10,SAD,SAD,36.51,81.4,96.2,0.549,81.83,HIGH
b3034076-e772-4af9-94c8-3449c1988d7e,EMP0711,Worker_0711,RFID000711,Production,WS-10,AFTERNOON,2,2026-10-02T16:36:21,OK,OK,36.48,92.3,97.9,0.363,46.0,MODERATE
d7d52cdd-10a3-4aba-ac3c-5697efd8b06d,EMP0483,Worker_0483,RFID000483,Assembly,WS-08,AFTERNOON,2,2026-10-02T16:36:30,OK,HAPPY,36.64,86.4,98.2,0.273,43.83,MODERATE
2483a77b-53c4-46b4-a568-9fb20976d80f,EMP0381,Worker_0381,RFID000381,Packaging,WS-03,AFTERNOON,2,2026-10-02T16:36:33,SAD,HAPPY,36.75,99.0,97.2,0.453,88.48,HIGH
4e5ad7e2-1f2c-4f54-a443-505f044ea349,EMP0717,Worker_0717,RFID000717,Packaging,WS-08,AFTERNOON,2,2026-10-02T16:36:35,HAPPY,HAPPY,36.39,66.4,98.4,0.289,10.18,LOW
0001eb8e-b8f5-4d04-b55b-c4375e2f361a,EMP0476,Worker_0476,RFID000476,Packaging,WS-01,AFTERNOON,2,2026-10-02T16:36:37,HAPPY,OK,36.72,75.8,98.3,0.259,8.45,LOW
d23ca53b-db34-4b50-929a-c37c19ba7308,EMP0168,Worker_0168,RFID000168,Production,WS-02,AFTERNOON,2,2026-10-02T16:36:51,OK,HAPPY,36.39,92.1,98.2,0.276,42.35,MODERATE
bb62b559-c5b9-4d86-9ebc-53f13c3778e1,EMP0888,Worker_0888,RFID000888,Quality,WS-05,AFTERNOON,2,2026-10-02T16:37:13,HAPPY,OK,36.57,68.2,97.4,0.389,11.29,LOW
ce2914f3-7cc9-415d-90e8-48d2206aa00b,EMP0854,Worker_0854,RFID000854,Production,WS-05,AFTERNOON,2,2026-10-02T16:37:14,HAPPY,HAPPY,36.15,75.4,98.7,0.361,14.56,LOW
3de12615-9d01-474f-a01a-951e6d949888,EMP0881,Worker_0881,RFID000881,Production,WS-05,AFTERNOON,2,2026-10-02T16:37:18,SAD,OK,36.62,85.6,96.0,0.313,80.29,HIGH
450b8482-7013-4a44-8103-84ba72f1c019,EMP0156,Worker_0156,RFID000156,Cutting,WS-02,AFTERNOON,2,2026-10-02T16:37:20,HAPPY,OK,36.68,67.7,97.5,0.091,11.24,LOW
cea103c1-8f97-406b-bec5-cc4b2b9b0e3a,EMP0220,Worker_0220,RFID000220,Stores,WS-08,AFTERNOON,2,2026-10-02T16:37:34,HAPPY,HAPPY,36.85,67.0,98.0,0.348,5.58,LOW
fca91985-3b31-45b8-a450-28669115b4ac,EMP0185,Worker_0185,RFID000185,Production,WS-08,AFTERNOON,2,2026-10-02T16:37:52,HAPPY,OK,36.53,83.9,97.2,0.229,6.94,LOW
4880b17e-519d-45ae-8a44-e458c67d289f,EMP0064,Worker_0064,RFID000064,Packaging,WS-03,AFTERNOON,2,2026-10-02T16:38:11,HAPPY,HAPPY,36.1,70.3,98.9,0.344,10.13,LOW
ee7c0b12-4dd8-479c-96c5-0da718372f3d,EMP0210,Worker_0210,RFID000210,Finishing,WS-01,AFTERNOON,2,2026-10-02T16:38:13,SAD,HAPPY,36.81,90.8,97.4,0.33,75.25,HIGH
be16dc80-46ea-4f44-b52b-88d7c78bd25f,EMP0575,Worker_0575,RFID000575,Stores,WS-08,AFTERNOON,2,2026-10-02T16:38:15,HAPPY,OK,36.73,81.7,97.4,0.322,10.77,LOW
776ace3b-1cb2-44cf-a70c-c64032a06a74,EMP0317,Worker_0317,RFID000317,Quality,WS-02,AFTERNOON,2,2026-10-02T16:38:16,OK,OK,36.5,81.8,99.1,0.388,42.06,MODERATE
fe3d245c-21a4-469a-b096-9774db1c7843,EMP0847,Worker_0847,RFID000847,Assembly,WS-09,AFTERNOON,2,2026-10-02T16:38:30,HAPPY,HAPPY,36.26,79.5,98.8,0.212,9.16,LOW
d48d3ab0-016a-48db-924e-6972f3d71dc8,EMP0773,Worker_0773,RFID000773,Assembly,WS-01,AFTERNOON,2,2026-10-02T16:38:35,HAPPY,OK,36.85,69.4,98.1,0.4,11.65,LOW
9559f402-6c50-4307-be9b-a907e32113eb,EMP0313,Worker_0313,RFID000313,Production,WS-09,AFTERNOON,2,2026-10-02T16:38:44,HAPPY,HAPPY,36.7,88.2,98.9,0.381,11.69,LOW
a58e2fdd-f3b6-41fb-8cac-5de6c426bb87,EMP0275,Worker_0275,RFID000275,Packaging,WS-08,AFTERNOON,2,2026-10-02T16:38:55,OK,HAPPY,36.85,88.3,97.6,0.458,45.3,MODERATE
6526e56c-608f-4b65-a62e-32906be1ca56,EMP0179,Worker_0179,RFID000179,Packaging,WS-06,AFTERNOON,2,2026-10-02T16:39:04,HAPPY,OK,36.78,72.4,98.2,0.125,8.04,LOW
a0d11c8a-1d65-4b91-a6f2-460b9d7ae39f,EMP0592,Worker_0592,RFID000592,Packaging,WS-07,AFTERNOON,2,2026-10-02T16:39:24,OK,OK,36.62,76.6,96.9,0.297,34.0,LOW
c6aa2ccf-e85f-4000-b614-3c8f8192f417,EMP0256,Worker_0256,RFID000256,Quality,WS-04,AFTERNOON,2,2026-10-02T16:39:30,HAPPY,OK,36.63,68.7,96.9,0.054,5.22,LOW
5e8b21bc-a430-4c5a-b320-c85a17e0b1ce,EMP0047,Worker_0047,RFID000047,Production,WS-06,AFTERNOON,2,2026-10-02T16:39:39,HAPPY,OK,36.27,69.3,97.3,0.341,6.68,LOW
3d5a8c43-4e95-43ea-9291-5b9f44241a5d,EMP0121,Worker_0121,RFID000121,Packaging,WS-04,AFTERNOON,2,2026-10-02T16:39:55,HAPPY,OK,36.41,76.7,99.4,0.067,5.47,LOW
bec38f90-a60f-4c63-b635-8533ab64fc13,EMP0652,Worker_0652,RFID000652,Packaging,WS-01,AFTERNOON,2,2026-10-02T16:39:58,HAPPY,HAPPY,36.65,81.1,98.0,0.289,12.58,LOW
457c5c1d-bd12-4ddd-aac9-f97e41f100df,EMP0257,Worker_0257,RFID000257,Quality,WS-07,AFTERNOON,2,2026-10-02T16:40:08,SAD,OK,36.68,96.9,98.3,0.614,92.66,HIGH
50fae7a9-5d20-4974-99bd-2e6d0a46b7b5,EMP0311,Worker_0311,RFID000311,Stores,WS-01,AFTERNOON,2,2026-10-02T16:40:10,SAD,SAD,36.91,85.7,97.5,0.542,86.65,HIGH
cc267e43-b305-4eac-b3fe-28d0e4a2a3bf,EMP0066,Worker_0066,RFID000066,Assembly,WS-08,AFTERNOON,2,2026-10-02T16:40:24,HAPPY,HAPPY,36.31,70.8,98.4,0.29,11.5,LOW
345ae34f-7657-41bb-a8e5-efdc63401f29,EMP0822,Worker_0822,RFID000822,Maintenance,WS-07,AFTERNOON,2,2026-10-02T16:40:37,HAPPY,HAPPY,36.41,73.1,98.4,0.12,9.32,LOW
490c2228-4c62-49f8-a7e6-c4e30a6bbaa0,EMP0742,Worker_0742,RFID000742,Stores,WS-01,AFTERNOON,2,2026-10-02T16:40:42,OK,OK,36.28,78.9,98.1,0.262,35.47,MODERATE
2b0debb0-7946-432e-84d0-8154ac72e945,EMP0930,Worker_0930,RFID000930,Maintenance,WS-03,AFTERNOON,2,2026-10-02T16:41:12,OK,OK,36.63,68.8,98.0,0.223,39.51,MODERATE
c318c8f0-7545-4183-9788-ba45d202cd23,EMP0332,Worker_0332,RFID000332,Cutting,WS-05,AFTERNOON,2,2026-10-02T16:41:18,OK,OK,36.39,79.6,98.3,0.243,33.06,LOW
7158b826-982b-4bb4-afb9-166f1b8624f2,EMP0441,Worker_0441,RFID000441,Packaging,WS-03,AFTERNOON,2,2026-10-02T16:41:32,OK,OK,36.74,71.5,96.2,0.164,39.97,MODERATE
9d73f4e0-3e5b-4969-8842-2cab6c76bed1,EMP0965,Worker_0965,RFID000965,Quality,WS-09,AFTERNOON,2,2026-10-02T16:41:37,OK,OK,36.68,83.1,97.8,0.189,39.54,MODERATE
0cbe8f01-4b1f-4154-8fad-1b5ee83ff062,EMP0123,Worker_0123,RFID000123,Quality,WS-09,AFTERNOON,2,2026-10-02T16:42:04,HAPPY,HAPPY,36.33,84.2,97.6,0.304,6.27,LOW
cb0ece0e-65c5-43c8-a138-dbb0d59e77a7,EMP0502,Worker_0502,RFID000502,Assembly,WS-05,AFTERNOON,2,2026-10-02T16:42:08,HAPPY,HAPPY,36.36,70.2,99.3,0.166,6.49,LOW
03cd1b73-99ee-4eab-babc-e04a8f433d07,EMP0056,Worker_0056,RFID000056,Packaging,WS-06,AFTERNOON,2,2026-10-02T16:42:13,OK,OK,36.91,80.3,98.3,0.337,42.11,MODERATE
53f8fc8e-f91b-465a-a2a3-57acbbf17496,EMP0162,Worker_0162,RFID000162,Production,WS-10,AFTERNOON,2,2026-10-02T16:42:19,OK,OK,36.64,78.7,98.6,0.191,41.65,MODERATE
1091bd3e-c6f0-4195-b616-f4c887f50dc3,EMP0095,Worker_0095,RFID000095,Quality,WS-05,AFTERNOON,2,2026-10-02T16:42:23,OK,HAPPY,36.21,75.5,97.4,0.491,37.13,MODERATE
c68e77da-33b9-4e9c-b152-075af939830f,EMP0467,Worker_0467,RFID000467,Production,WS-04,AFTERNOON,2,2026-10-02T16:42:42,HAPPY,HAPPY,36.63,70.8,97.3,0.281,5.66,LOW
4c55b2f5-7a53-41be-b407-b7af7e728d40,EMP0209,Worker_0209,RFID000209,Stores,WS-02,AFTERNOON,2,2026-10-02T16:42:51,HAPPY,HAPPY,36.39,83.1,98.6,0.115,13.65,LOW
74e01da8-ff4e-4446-84de-3137f9cdb6f0,EMP0471,Worker_0471,RFID000471,Finishing,WS-03,AFTERNOON,2,2026-10-02T16:43:03,HAPPY,OK,36.52,75.7,97.0,0.144,7.77,LOW
bd41c397-88e8-407e-a718-b9097bf1d5d3,EMP0159,Worker_0159,RFID000159,Packaging,WS-07,AFTERNOON,2,2026-10-02T16:43:06,OK,HAPPY,36.47,85.8,97.2,0.313,42.67,MODERATE
199147bc-7a22-4689-96a2-6228271fdda7,EMP0514,Worker_0514,RFID000514,Cutting,WS-07,AFTERNOON,2,2026-10-02T16:43:26,HAPPY,HAPPY,36.22,75.6,98.2,0.363,6.64,LOW
0a533b26-7328-4919-9b56-9c61b17a3cdf,EMP0139,Worker_0139,RFID000139,Stores,WS-09,AFTERNOON,2,2026-10-02T16:43:32,OK,OK,36.41,79.1,96.9,0.473,46.66,MODERATE
184ab911-afb9-4156-ad9c-27ff6ad2a12b,EMP0060,Worker_0060,RFID000060,Stores,WS-08,AFTERNOON,2,2026-10-02T16:43:46,OK,HAPPY,36.84,79.3,97.4,0.356,37.75,MODERATE
1caeb8d8-94f9-4465-90dd-e01e8668c837,EMP0632,Worker_0632,RFID000632,Assembly,WS-02,AFTERNOON,2,2026-10-02T16:43:46,HAPPY,HAPPY,36.19,71.2,97.9,0.29,8.35,LOW
a9ededdf-5488-48d7-b30e-1b2f0ef1d4bd,EMP0321,Worker_0321,RFID000321,Assembly,WS-05,AFTERNOON,2,2026-10-02T16:44:02,OK,HAPPY,36.45,73.4,99.1,0.278,41.46,MODERATE
6f725f5a-f8f1-4698-ab50-26d8815a73ac,EMP0378,Worker_0378,RFID000378,Production,WS-06,AFTERNOON,2,2026-10-02T16:44:06,OK,HAPPY,36.94,90.7,97.0,0.214,41.81,MODERATE
a86391d8-e692-485d-a50b-c0480e8b37e5,EMP0630,Worker_0630,RFID000630,Quality,WS-04,AFTERNOON,2,2026-10-02T16:44:16,HAPPY,HAPPY,36.62,75.4,98.3,0.096,13.68,LOW
f55625da-2a32-4b1d-ae03-6a9320b2e779,EMP0580,Worker_0580,RFID000580,Production,WS-05,AFTERNOON,2,2026-10-02T16:44:56,OK,OK,36.41,87.4,97.9,0.242,40.9,MODERATE
07248344-2b80-4abf-8293-28e7c84e71d6,EMP0947,Worker_0947,RFID000947,Stores,WS-08,AFTERNOON,2,2026-10-02T16:45:35,OK,HAPPY,36.73,85.3,97.9,0.232,44.9,MODERATE
310074fd-77c3-42c0-b706-f1e9b340d101,EMP0020,Worker_0020,RFID000020,Production,WS-04,AFTERNOON,2,2026-10-02T16:46:00,HAPPY,HAPPY,36.53,80.0,97.8,0.268,5.1,LOW
9f1670bf-473e-49a0-9f74-cddef64a7443,EMP0878,Worker_0878,RFID000878,Finishing,WS-10,AFTERNOON,2,2026-10-02T16:46:20,HAPPY,HAPPY,36.35,80.1,99.3,0.41,12.19,LOW
1dcdfb6c-d4a0-4083-ace6-b7e1ff578481,EMP0719,Worker_0719,RFID000719,Quality,WS-07,AFTERNOON,2,2026-10-02T16:46:36,SAD,SAD,36.32,83.1,97.0,0.45,84.05,HIGH
bcc0f1cc-9489-4c8f-8c6e-512afe0d164b,EMP0748,Worker_0748,RFID000748,Maintenance,WS-01,AFTERNOON,2,2026-10-02T16:46:46,HAPPY,OK,36.28,79.3,98.3,0.175,11.91,LOW
96546743-6635-4437-9ac5-9e52d7d6a0ac,EMP0333,Worker_0333,RFID000333,Packaging,WS-08,AFTERNOON,2,2026-10-02T16:47:51,OK,OK,36.25,69.1,99.2,0.265,37.0,MODERATE
4496348d-5a01-45a2-a58a-562d55f2c3e5,EMP0814,Worker_0814,RFID000814,Finishing,WS-09,AFTERNOON,2,2026-10-02T16:48:04,OK,HAPPY,36.74,66.4,99.1,0.114,41.31,MODERATE
a32440d1-53e6-434f-84f0-b62f0fffbaf3,EMP0342,Worker_0342,RFID000342,Assembly,WS-02,AFTERNOON,2,2026-10-02T16:48:09,HAPPY,HAPPY,36.59,74.6,97.1,0.283,8.72,LOW
9c6f7fc3-100d-4504-a56b-5605885a6ceb,EMP0053,Worker_0053,RFID000053,Stores,WS-01,AFTERNOON,2,2026-10-02T16:48:14,OK,HAPPY,36.79,74.8,97.3,0.362,38.71,MODERATE
348fa7e2-aca5-44fa-b08c-ff7e53595b60,EMP0146,Worker_0146,RFID000146,Quality,WS-07,AFTERNOON,2,2026-10-02T16:48:44,SAD,OK,36.73,99.9,97.5,0.486,84.84,HIGH
acdb8e5d-899b-421a-8e30-5410c34b2d75,EMP0508,Worker_0508,RFID000508,Cutting,WS-06,AFTERNOON,2,2026-10-02T16:48:45,OK,OK,36.78,81.7,98.5,0.291,38.34,MODERATE
3ba071af-3706-402a-b450-92126f139ae5,EMP0929,Worker_0929,RFID000929,Cutting,WS-07,AFTERNOON,2,2026-10-02T16:48:46,OK,OK,36.64,71.0,97.2,0.335,38.77,MODERATE
f84f700f-d235-4658-91d1-1b180eca2b34,EMP0559,Worker_0559,RFID000559,Production,WS-09,AFTERNOON,2,2026-10-02T16:48:55,HAPPY,OK,36.48,75.6,97.3,0.104,13.85,LOW
870599cd-760e-4304-904a-1bdfb2d23e49,EMP0197,Worker_0197,RFID000197,Finishing,WS-04,AFTERNOON,2,2026-10-02T16:48:57,HAPPY,SAD,36.45,75.1,98.8,0.299,8.69,LOW
28be6376-13ba-42d4-8086-e0c72ed3d51b,EMP0976,Worker_0976,RFID000976,Packaging,WS-03,AFTERNOON,2,2026-10-02T16:49:03,HAPPY,HAPPY,36.35,72.2,98.3,0.345,10.31,LOW
bf5f5d6e-d019-43f3-992f-4edc94a198eb,EMP0345,Worker_0345,RFID000345,Production,WS-08,AFTERNOON,2,2026-10-02T16:49:06,HAPPY,OK,36.28,62.3,98.9,0.105,14.23,LOW
db66c63c-5222-434f-a5e6-c74f8f7ebda4,EMP0950,Worker_0950,RFID000950,Maintenance,WS-03,AFTERNOON,2,2026-10-02T16:49:19,HAPPY,HAPPY,36.77,77.6,98.9,0.197,12.67,LOW
27266723-68a1-4da5-9507-bd4b6774e20c,EMP0562,Worker_0562,RFID000562,Stores,WS-06,AFTERNOON,2,2026-10-02T16:49:43,HAPPY,OK,36.27,84.7,98.2,0.222,8.85,LOW
8e0caa8d-c458-4947-b7a2-3b346c68deab,EMP0076,Worker_0076,RFID000076,Assembly,WS-07,AFTERNOON,2,2026-10-02T16:50:23,HAPPY,SAD,36.29,69.7,97.2,0.2,13.74,LOW
e644d882-41bd-4e10-9919-3eeacf7a3aa9,EMP0891,Worker_0891,RFID000891,Production,WS-08,AFTERNOON,2,2026-10-02T16:50:47,HAPPY,OK,36.34,73.3,97.7,0.314,13.38,LOW
53fcf6a0-33b5-4452-9979-72cd6ca54207,EMP0421,Worker_0421,RFID000421,Cutting,WS-09,AFTERNOON,2,2026-10-02T16:51:08,OK,OK,36.45,76.2,98.4,0.262,41.3,MODERATE
dbbd2dbb-55db-4427-9019-303d6a4d7a30,EMP0928,Worker_0928,RFID000928,Production,WS-09,AFTERNOON,2,2026-10-02T16:51:08,HAPPY,HAPPY,36.5,73.3,97.9,0.321,14.98,LOW
97c90a84-21a5-4266-99cb-0ba5720617d1,EMP0833,Worker_0833,RFID000833,Quality,WS-08,AFTERNOON,2,2026-10-02T16:51:16,OK,HAPPY,36.51,85.4,99.7,0.217,42.51,MODERATE
fd8bd9d1-4300-4a2c-89ee-16b2723f4c5e,EMP0460,Worker_0460,RFID000460,Cutting,WS-01,AFTERNOON,2,2026-10-02T16:51:37,OK,OK,36.82,74.3,99.0,0.242,39.72,MODERATE
10a20118-b8e1-409e-82e9-bd64d990f7b3,EMP0277,Worker_0277,RFID000277,Maintenance,WS-02,AFTERNOON,2,2026-10-02T16:52:12,HAPPY,HAPPY,36.81,83.0,98.3,0.098,12.15,LOW
c240f7ee-265d-4000-9e28-b0a0fcab4221,EMP0390,Worker_0390,RFID000390,Packaging,WS-03,AFTERNOON,2,2026-10-02T16:52:31,OK,HAPPY,36.52,81.9,97.6,0.371,38.87,MODERATE
a57e505e-9b9c-4cbd-bec4-495f2368915e,EMP0629,Worker_0629,RFID000629,Finishing,WS-06,AFTERNOON,2,2026-10-02T16:52:44,OK,OK,36.75,85.8,97.7,0.252,39.18,MODERATE
a768ee32-9eea-4aaa-9f8b-c3f7b796fb00,EMP0503,Worker_0503,RFID000503,Quality,WS-01,AFTERNOON,2,2026-10-02T16:53:00,HAPPY,HAPPY,36.41,81.6,97.6,0.217,14.09,LOW
5b1fa5f7-70ec-4f3a-8754-9c394e1a5acf,EMP0188,Worker_0188,RFID000188,Stores,WS-05,AFTERNOON,2,2026-10-02T16:53:03,OK,HAPPY,36.81,82.1,98.2,0.161,35.63,MODERATE
eb6cea3b-c776-4d69-8299-36cc839228a9,EMP0113,Worker_0113,RFID000113,Finishing,WS-01,AFTERNOON,2,2026-10-02T16:53:08,OK,OK,36.62,67.9,98.7,0.346,41.0,MODERATE
0db2eb92-c272-4a87-be81-bae96b372377,EMP0415,Worker_0415,RFID000415,Packaging,WS-02,AFTERNOON,2,2026-10-02T16:53:39,OK,HAPPY,36.63,77.0,97.1,0.204,38.69,MODERATE
c01bd9f8-b1df-4cca-b2d2-52568e3d5571,EMP0594,Worker_0594,RFID000594,Packaging,WS-08,AFTERNOON,2,2026-10-02T16:53:44,HAPPY,OK,36.69,81.4,97.4,0.188,14.78,LOW
a3229aa6-0939-4efe-a5f5-c22d57b9e9ec,EMP0287,Worker_0287,RFID000287,Quality,WS-06,AFTERNOON,2,2026-10-02T16:54:18,OK,OK,36.9,68.5,97.8,0.142,34.46,LOW
39ae9fa7-3cf1-4244-a1e3-b955136ecfdf,EMP0807,Worker_0807,RFID000807,Assembly,WS-09,AFTERNOON,2,2026-10-02T16:54:25,OK,HAPPY,36.58,68.1,97.9,0.373,34.99,LOW
e4a41ba1-a52c-4031-a868-68f1e577e40f,EMP0001,Worker_0001,RFID000001,Assembly,WS-01,AFTERNOON,2,2026-10-02T16:54:40,OK,OK,36.4,82.9,96.8,0.177,36.7,MODERATE
af2816b0-adcf-4a94-876e-c50ca406be63,EMP0160,Worker_0160,RFID000160,Assembly,WS-06,AFTERNOON,2,2026-10-02T16:54:41,HAPPY,SAD,36.62,78.5,98.0,0.05,10.96,LOW
d61f93fc-27fd-4c87-804e-da32545caa40,EMP0573,Worker_0573,RFID000573,Maintenance,WS-10,AFTERNOON,2,2026-10-02T16:54:57,SAD,OK,36.29,91.6,98.4,0.373,79.11,HIGH
710d5890-ab48-4b15-9357-344040cf8936,EMP0092,Worker_0092,RFID000092,Stores,WS-06,AFTERNOON,2,2026-10-02T16:55:08,HAPPY,OK,36.42,74.6,97.9,0.087,9.71,LOW
51cca9b4-0ff0-4d12-ab24-f8172810fef4,EMP0780,Worker_0780,RFID000780,Assembly,WS-09,AFTERNOON,2,2026-10-02T16:56:04,HAPPY,OK,36.38,79.4,96.9,0.256,5.88,LOW
98ffb33d-d43c-4133-8f2d-b7ab22f72fcc,EMP0486,Worker_0486,RFID000486,Quality,WS-06,AFTERNOON,2,2026-10-02T16:56:28,HAPPY,HAPPY,36.06,78.8,97.4,0.355,10.89,LOW
ac298bfb-83b7-4f95-89d3-a4b7f396b751,EMP0776,Worker_0776,RFID000776,Production,WS-10,AFTERNOON,2,2026-10-02T16:56:33,SAD,HAPPY,36.72,85.3,98.1,0.513,78.87,HIGH
d3f9655c-3d67-488d-b5a0-2e63c8274acc,EMP0985,Worker_0985,RFID000985,Production,WS-02,AFTERNOON,2,2026-10-02T16:56:36,HAPPY,HAPPY,36.55,78.8,98.7,0.395,8.56,LOW
fe258a94-3d0b-4683-9c8d-7977cde0c900,EMP0015,Worker_0015,RFID000015,Finishing,WS-09,AFTERNOON,2,2026-10-02T16:56:49,HAPPY,HAPPY,36.48,65.2,98.8,0.327,10.78,LOW
869fb476-f1b6-4b2a-827b-b4f2c9e93117,EMP0167,Worker_0167,RFID000167,Maintenance,WS-06,AFTERNOON,2,2026-10-02T16:56:55,HAPPY,OK,36.25,71.3,97.5,0.29,7.63,LOW
3896cfc7-f1f0-4534-9a78-c1eee3a71b26,EMP0007,Worker_0007,RFID000007,Assembly,WS-01,AFTERNOON,2,2026-10-02T16:57:42,SAD,SAD,36.97,90.4,98.4,0.741,94.35,HIGH
412cc72a-5acb-47b0-b9d6-232c4b57b62a,EMP0669,Worker_0669,RFID000669,Finishing,WS-07,AFTERNOON,2,2026-10-02T16:57:58,OK,HAPPY,36.26,84.2,97.4,0.252,40.84,MODERATE
81335186-7e88-47aa-a001-6289b5fa7fbf,EMP0477,Worker_0477,RFID000477,Production,WS-08,AFTERNOON,2,2026-10-02T16:58:03,HAPPY,OK,36.43,83.2,97.4,0.23,11.35,LOW
2b8016b5-f859-4096-8565-64d86b3b47aa,EMP0443,Worker_0443,RFID000443,Assembly,WS-06,AFTERNOON,2,2026-10-02T16:58:17,OK,SAD,36.58,80.8,97.5,0.214,36.79,MODERATE
0419f35a-1574-474b-8af1-24ba3e374ded,EMP0180,Worker_0180,RFID000180,Maintenance,WS-04,AFTERNOON,2,2026-10-02T16:58:23,OK,HAPPY,36.44,76.8,98.3,0.164,38.85,MODERATE
23cf4da5-f7bc-4df5-bb0a-314d26149c06,EMP0417,Worker_0417,RFID000417,Maintenance,WS-02,AFTERNOON,2,2026-10-02T16:58:54,HAPPY,HAPPY,36.14,68.9,98.8,0.285,6.86,LOW
8e2e894b-322b-484e-a857-ae016dedcaca,EMP0296,Worker_0296,RFID000296,Stores,WS-07,AFTERNOON,2,2026-10-02T16:59:12,HAPPY,HAPPY,36.26,72.2,97.6,0.272,14.99,LOW
2e22405e-d749-42cf-97dd-42e625e356e2,EMP0110,Worker_0110,RFID000110,Cutting,WS-06,AFTERNOON,2,2026-10-02T16:59:18,HAPPY,OK,36.34,69.9,96.7,0.235,14.26,LOW
cc6813f0-c3af-4a39-a933-73dd3af214bd,EMP0846,Worker_0846,RFID000846,Stores,WS-01,AFTERNOON,2,2026-10-02T16:59:31,HAPPY,HAPPY,36.36,65.2,98.0,0.277,13.11,LOW
ab5818e9-d9b7-4d2e-b9c9-cdcb5d201a29,EMP0949,Worker_0949,RFID000949,Quality,WS-10,AFTERNOON,2,2026-10-02T16:59:32,HAPPY,HAPPY,36.61,73.2,98.6,0.279,10.79,LOW
bac5b674-c238-4e29-b45a-3a090656102a,EMP0772,Worker_0772,RFID000772,Cutting,WS-06,AFTERNOON,3,2026-10-03T13:00:01,HAPPY,HAPPY,36.33,80.4,99.8,0.309,9.88,LOW
b1ef30fb-6873-48a3-8091-8e40524a8aa2,EMP0885,Worker_0885,RFID000885,Assembly,WS-04,AFTERNOON,3,2026-10-03T13:00:04,OK,HAPPY,36.35,72.5,96.4,0.445,43.51,MODERATE
c60f01a4-e2f5-4ebd-86ab-a676f06cca68,EMP0124,Worker_0124,RFID000124,Finishing,WS-01,AFTERNOON,3,2026-10-03T13:01:16,HAPPY,HAPPY,36.36,73.9,98.5,0.216,13.91,LOW
3c66885d-58dc-450a-8add-d905a864f251,EMP0317,Worker_0317,RFID000317,Quality,WS-02,AFTERNOON,3,2026-10-03T13:01:40,OK,OK,36.56,76.9,98.2,0.3,38.26,MODERATE
41b7428f-9301-4320-95d1-641e250b8b89,EMP0345,Worker_0345,RFID000345,Production,WS-08,AFTERNOON,3,2026-10-03T13:01:43,OK,HAPPY,36.57,75.5,99.1,0.176,42.89,MODERATE
3bfe0e75-601c-4ce3-8594-9da85e4a6962,EMP0268,Worker_0268,RFID000268,Assembly,WS-10,AFTERNOON,3,2026-10-03T13:01:50,OK,HAPPY,36.77,70.1,98.5,0.247,36.4,MODERATE
f92d3cd9-1683-416a-a304-44a3aaa7e76d,EMP0115,Worker_0115,RFID000115,Cutting,WS-02,AFTERNOON,3,2026-10-03T13:02:37,OK,HAPPY,36.71,77.1,97.6,0.391,42.54,MODERATE
e938febf-47b6-470c-bc0d-0c6143befbf3,EMP0721,Worker_0721,RFID000721,Finishing,WS-05,AFTERNOON,3,2026-10-03T13:02:41,OK,SAD,36.29,82.3,96.6,0.228,35.35,MODERATE
d0b81188-6e9d-472a-966f-d18b5216e389,EMP0742,Worker_0742,RFID000742,Stores,WS-01,AFTERNOON,3,2026-10-03T13:02:45,OK,OK,36.29,67.9,98.9,0.286,39.78,MODERATE
d3fb15b2-3320-4948-b4bb-6c0070fdb788,EMP0836,Worker_0836,RFID000836,Packaging,WS-02,AFTERNOON,3,2026-10-03T13:02:49,SAD,SAD,36.66,85.7,98.1,0.485,87.52,HIGH
7ab7706b-82e2-4301-a9e2-868b8f4a577a,EMP0320,Worker_0320,RFID000320,Quality,WS-06,AFTERNOON,3,2026-10-03T13:02:55,OK,SAD,36.43,69.2,97.3,0.369,39.82,MODERATE
c4d96e54-3602-4c9e-b9c1-f486bcb7be5c,EMP0410,Worker_0410,RFID000410,Packaging,WS-02,AFTERNOON,3,2026-10-03T13:03:00,HAPPY,HAPPY,36.24,77.1,98.7,0.094,14.68,LOW
58fe1836-fca0-44d2-bc7c-83b9c2c1a660,EMP0431,Worker_0431,RFID000431,Stores,WS-01,AFTERNOON,3,2026-10-03T13:03:30,OK,OK,36.59,64.6,99.2,0.412,41.2,MODERATE
94eccb5c-9152-44e4-b52a-4bce963a76cb,EMP0840,Worker_0840,RFID000840,Finishing,WS-08,AFTERNOON,3,2026-10-03T13:03:52,OK,SAD,36.66,72.2,97.8,0.306,37.46,MODERATE
140cfea3-7eeb-4993-b91b-c86359495fa9,EMP0691,Worker_0691,RFID000691,Maintenance,WS-09,AFTERNOON,3,2026-10-03T13:03:53,HAPPY,HAPPY,36.61,76.8,97.1,0.326,6.48,LOW
7feb59ea-0ca9-4a2e-995d-d898870e27d1,EMP0889,Worker_0889,RFID000889,Packaging,WS-05,AFTERNOON,3,2026-10-03T13:03:53,OK,OK,36.33,71.9,97.3,0.377,36.4,MODERATE
ae1df052-0bf2-402a-b4b1-5edd0ec11912,EMP0568,Worker_0568,RFID000568,Finishing,WS-09,AFTERNOON,3,2026-10-03T13:04:05,SAD,SAD,36.5,92.1,98.2,0.34,92.37,HIGH
e8d36166-9021-46f2-ba44-49eda0fd61e8,EMP0581,Worker_0581,RFID000581,Packaging,WS-07,AFTERNOON,3,2026-10-03T13:04:51,OK,HAPPY,36.65,79.9,99.0,0.216,39.19,MODERATE
b9ec29bf-86f0-4d00-9e12-881da6d60eee,EMP0672,Worker_0672,RFID000672,Packaging,WS-07,AFTERNOON,3,2026-10-03T13:04:55,OK,HAPPY,36.79,85.3,97.7,0.519,43.12,MODERATE
6823a1f3-d1cf-4efc-9646-b71aa6c2b163,EMP0209,Worker_0209,RFID000209,Stores,WS-02,AFTERNOON,3,2026-10-03T13:05:05,OK,HAPPY,36.56,85.9,98.6,0.284,41.63,MODERATE
2291fb28-caff-4129-9a0e-721fa7beffe3,EMP0592,Worker_0592,RFID000592,Packaging,WS-07,AFTERNOON,3,2026-10-03T13:05:45,OK,OK,36.5,81.4,97.5,0.363,42.85,MODERATE
282b895d-e4db-44f4-80a0-9d15a2a50946,EMP0058,Worker_0058,RFID000058,Packaging,WS-07,AFTERNOON,3,2026-10-03T13:05:49,HAPPY,OK,36.29,80.4,98.6,0.153,10.8,LOW
42d3c4a3-d6e7-4286-bce9-28582803aa9b,EMP0865,Worker_0865,RFID000865,Maintenance,WS-01,AFTERNOON,3,2026-10-03T13:06:23,OK,OK,36.97,78.5,98.1,0.218,40.52,MODERATE
ca322709-ce41-40cb-a1a0-ed027569ddcb,EMP0343,Worker_0343,RFID000343,Cutting,WS-06,AFTERNOON,3,2026-10-03T13:06:25,OK,OK,36.53,85.5,95.8,0.211,46.38,MODERATE
db14b150-392d-4f8d-b33f-fa496dd3e303,EMP0078,Worker_0078,RFID000078,Assembly,WS-08,AFTERNOON,3,2026-10-03T13:06:30,HAPPY,HAPPY,36.5,57.6,99.5,0.181,13.84,LOW
84703b7b-b547-4496-848d-41bb62bb6128,EMP0378,Worker_0378,RFID000378,Production,WS-06,AFTERNOON,3,2026-10-03T13:06:42,OK,OK,36.8,83.0,97.5,0.234,35.54,MODERATE
3af3e107-91b5-49fe-ab9c-5123fcc9110d,EMP0117,Worker_0117,RFID000117,Finishing,WS-04,AFTERNOON,3,2026-10-03T13:06:57,OK,SAD,36.28,71.2,97.9,0.345,34.89,LOW
f39bf3e4-985e-4fec-a1f1-dc72fc6ec3dd,EMP0920,Worker_0920,RFID000920,Stores,WS-10,AFTERNOON,3,2026-10-03T13:07:06,HAPPY,OK,36.47,70.0,98.5,0.205,7.1,LOW
8f416b90-ec2e-4127-9395-585f34a4328b,EMP0872,Worker_0872,RFID000872,Stores,WS-02,AFTERNOON,3,2026-10-03T13:07:23,HAPPY,HAPPY,36.54,83.5,97.5,0.083,8.08,LOW
23620f26-8964-4441-9f33-e274cbb9a18f,EMP0425,Worker_0425,RFID000425,Packaging,WS-03,AFTERNOON,3,2026-10-03T13:08:23,SAD,HAPPY,36.83,82.8,96.9,0.642,84.78,HIGH
8b9feb26-d134-4d64-83f2-afde021b326e,EMP0135,Worker_0135,RFID000135,Cutting,WS-05,AFTERNOON,3,2026-10-03T13:08:30,OK,OK,36.75,76.1,97.8,0.414,41.25,MODERATE
de9e4ac5-8d91-45b8-b710-8f9d07a27a42,EMP0715,Worker_0715,RFID000715,Quality,WS-08,AFTERNOON,3,2026-10-03T13:08:42,SAD,SAD,36.65,98.1,97.0,0.392,85.52,HIGH
a8842906-22c1-4eee-9fa3-35deda651d40,EMP0904,Worker_0904,RFID000904,Packaging,WS-07,AFTERNOON,3,2026-10-03T13:09:46,HAPPY,OK,36.35,73.4,98.5,0.264,5.52,LOW
eea19258-9dda-4302-b151-d8e8df55664b,EMP0391,Worker_0391,RFID000391,Assembly,WS-05,AFTERNOON,3,2026-10-03T13:10:13,OK,HAPPY,36.65,80.4,98.3,0.302,41.05,MODERATE
e94e7203-61f4-4e91-a36f-c900e6e6fcef,EMP0823,Worker_0823,RFID000823,Maintenance,WS-09,AFTERNOON,3,2026-10-03T13:10:46,SAD,SAD,36.46,81.8,97.3,0.601,89.88,HIGH
a9f09fb2-ad6c-4d78-92e9-65f4d9e9f944,EMP0803,Worker_0803,RFID000803,Quality,WS-09,AFTERNOON,3,2026-10-03T13:10:53,OK,SAD,36.2,85.2,98.1,0.492,49.58,MODERATE
f112bb7f-4e4d-4ef6-81a1-dc7aa37d8861,EMP0060,Worker_0060,RFID000060,Stores,WS-08,AFTERNOON,3,2026-10-03T13:11:15,OK,OK,36.61,77.1,97.8,0.407,43.63,MODERATE
8c48bc07-38a4-48b0-9b82-4508440553ec,EMP0065,Worker_0065,RFID000065,Cutting,WS-04,AFTERNOON,3,2026-10-03T13:11:53,HAPPY,HAPPY,36.63,70.3,98.1,0.078,6.39,LOW
c567e92d-e8f6-4644-85ea-00516b0e356e,EMP0340,Worker_0340,RFID000340,Cutting,WS-02,AFTERNOON,3,2026-10-03T13:12:26,OK,OK,36.72,75.2,98.1,0.317,41.77,MODERATE
2e677c39-429c-4e49-9d20-0f4874ebace8,EMP0748,Worker_0748,RFID000748,Maintenance,WS-01,AFTERNOON,3,2026-10-03T13:12:34,OK,HAPPY,36.53,80.7,98.7,0.263,41.85,MODERATE
e2275dd4-be5d-438e-99d3-51db2a348148,EMP0285,Worker_0285,RFID000285,Finishing,WS-01,AFTERNOON,3,2026-10-03T13:13:08,OK,OK,36.35,71.9,96.7,0.29,38.0,MODERATE
66f83f07-de18-4362-b602-83a7ca3a7f63,EMP0118,Worker_0118,RFID000118,Quality,WS-02,AFTERNOON,3,2026-10-03T13:13:23,SAD,HAPPY,36.89,82.1,97.5,0.553,77.39,HIGH
049c9a56-04a8-4419-bfde-a18abb1c5097,EMP0973,Worker_0973,RFID000973,Production,WS-06,AFTERNOON,3,2026-10-03T13:13:45,HAPPY,SAD,36.52,79.0,98.4,0.108,11.61,LOW
16531cc8-e7ef-4290-9b73-d886d1b7e351,EMP0933,Worker_0933,RFID000933,Production,WS-08,AFTERNOON,3,2026-10-03T13:13:51,HAPPY,OK,36.31,79.5,98.6,0.13,7.78,LOW
a134dd5a-791c-478c-84a7-30e201131848,EMP0659,Worker_0659,RFID000659,Cutting,WS-03,AFTERNOON,3,2026-10-03T13:14:20,SAD,SAD,36.58,92.8,97.3,0.629,99.2,HIGH
35988b11-8084-4401-823b-3594206f8e0c,EMP0458,Worker_0458,RFID000458,Assembly,WS-10,AFTERNOON,3,2026-10-03T13:14:28,OK,HAPPY,36.62,80.2,98.6,0.405,37.63,MODERATE
d658015c-1763-4986-9b95-4fdbeeb35e92,EMP0401,Worker_0401,RFID000401,Packaging,WS-09,AFTERNOON,3,2026-10-03T13:14:31,HAPPY,HAPPY,36.78,82.1,97.7,0.233,6.37,LOW
35cf25c4-4e63-4743-93b3-a6dfd632d42c,EMP0855,Worker_0855,RFID000855,Stores,WS-07,AFTERNOON,3,2026-10-03T13:14:49,HAPPY,HAPPY,36.46,75.2,98.8,0.264,14.92,LOW
290ed4fe-2330-4152-bfa1-1d2787e981e1,EMP0362,Worker_0362,RFID000362,Maintenance,WS-01,AFTERNOON,3,2026-10-03T13:15:41,OK,SAD,36.52,74.3,98.4,0.322,37.23,MODERATE
49385d48-dbcb-4c87-8287-8f071b5c46ab,EMP0444,Worker_0444,RFID000444,Quality,WS-10,AFTERNOON,3,2026-10-03T13:16:04,HAPPY,HAPPY,36.4,82.1,97.5,0.147,14.26,LOW
e781e0cf-4d9b-42d4-a9e2-f42cdcc1dc0c,EMP0017,Worker_0017,RFID000017,Maintenance,WS-09,AFTERNOON,3,2026-10-03T13:16:15,HAPPY,OK,36.42,83.1,97.3,0.319,13.69,LOW
1d598ab3-3ae9-4274-9003-3de05976dc4e,EMP0557,Worker_0557,RFID000557,Assembly,WS-05,AFTERNOON,3,2026-10-03T13:16:39,OK,OK,36.77,75.8,98.3,0.245,36.66,MODERATE
eb7544b8-901f-45eb-80cd-c473684432f4,EMP0771,Worker_0771,RFID000771,Cutting,WS-07,AFTERNOON,3,2026-10-03T13:17:00,HAPPY,HAPPY,36.45,70.3,98.3,0.222,11.91,LOW
39a7865c-b837-4dcb-b45f-9901a149e22f,EMP0550,Worker_0550,RFID000550,Maintenance,WS-09,AFTERNOON,3,2026-10-03T13:17:01,SAD,HAPPY,36.73,72.1,98.3,0.495,77.41,HIGH
538c172f-adb9-4d97-85c2-7d71b6755a10,EMP0459,Worker_0459,RFID000459,Maintenance,WS-07,AFTERNOON,3,2026-10-03T13:18:09,SAD,OK,36.69,92.4,97.7,0.431,83.26,HIGH
601fecf6-5b6d-4fb1-bf29-8b368bd0ccc1,EMP0859,Worker_0859,RFID000859,Quality,WS-03,AFTERNOON,3,2026-10-03T13:18:37,OK,OK,36.42,78.1,97.1,0.257,38.33,MODERATE
aee729fe-1401-49e9-820e-a0e349d57dfb,EMP0958,Worker_0958,RFID000958,Stores,WS-07,AFTERNOON,3,2026-10-03T13:18:45,OK,OK,36.69,87.3,98.3,0.369,41.18,MODERATE
48ae7c28-2eb3-44eb-a0e1-00f52e857d7f,EMP0158,Worker_0158,RFID000158,Maintenance,WS-08,AFTERNOON,3,2026-10-03T13:19:00,SAD,OK,36.7,86.0,98.5,0.443,75.56,HIGH
c3c3d7fb-aa86-45e9-9989-26ceb05f9ab0,EMP0640,Worker_0640,RFID000640,Cutting,WS-07,AFTERNOON,3,2026-10-03T13:19:13,HAPPY,OK,36.23,65.6,98.6,0.297,10.24,LOW
fa5532a7-81b1-46b6-bfc5-467ecd50fe02,EMP0624,Worker_0624,RFID000624,Stores,WS-06,AFTERNOON,3,2026-10-03T13:19:21,HAPPY,HAPPY,36.71,73.6,97.1,0.177,7.55,LOW
5c43949d-be73-41ef-9f1c-2a8a1d5f42f4,EMP0334,Worker_0334,RFID000334,Stores,WS-08,AFTERNOON,3,2026-10-03T13:19:27,OK,HAPPY,36.82,73.1,98.1,0.454,37.86,MODERATE
09ce3be1-a33d-4b7a-ab92-68c9577317b7,EMP0553,Worker_0553,RFID000553,Maintenance,WS-10,AFTERNOON,3,2026-10-03T13:19:27,OK,SAD,36.83,68.5,97.8,0.337,34.56,LOW
f0233f6d-0f05-4567-9218-c1744342336e,EMP0535,Worker_0535,RFID000535,Production,WS-05,AFTERNOON,3,2026-10-03T13:19:55,HAPPY,HAPPY,36.7,66.9,98.7,0.309,14.71,LOW
0c862ad2-aae9-4cde-b931-e3c1103944a7,EMP0828,Worker_0828,RFID000828,Cutting,WS-05,AFTERNOON,3,2026-10-03T13:20:04,SAD,SAD,36.92,84.1,97.8,0.349,75.2,HIGH
5eb40731-95be-450d-a122-71fb8441f627,EMP0543,Worker_0543,RFID000543,Finishing,WS-09,AFTERNOON,3,2026-10-03T13:20:13,SAD,HAPPY,37.05,94.0,96.3,0.677,87.62,HIGH
81c1a6c5-3e5a-4d50-89ae-d6384a5b335d,EMP0063,Worker_0063,RFID000063,Assembly,WS-08,AFTERNOON,3,2026-10-03T13:20:18,HAPPY,OK,36.41,73.5,97.7,0.344,10.33,LOW
4028c879-1942-4b68-b333-d361431e97f8,EMP0907,Worker_0907,RFID000907,Production,WS-02,AFTERNOON,3,2026-10-03T13:20:26,SAD,OK,36.27,84.5,96.7,0.431,77.37,HIGH
5d5b3734-0cb9-40c7-aa6d-d50ca67fe8ee,EMP0380,Worker_0380,RFID000380,Quality,WS-03,AFTERNOON,3,2026-10-03T13:20:46,SAD,HAPPY,36.7,76.7,97.3,0.485,76.05,HIGH
c727ef53-a5c6-4e37-9a80-ac06a2bde59f,EMP0710,Worker_0710,RFID000710,Finishing,WS-10,AFTERNOON,3,2026-10-03T13:20:46,OK,OK,36.45,78.6,97.3,0.313,38.22,MODERATE
93e989f7-0567-4d15-8a18-c88a930164bc,EMP0883,Worker_0883,RFID000883,Maintenance,WS-05,AFTERNOON,3,2026-10-03T13:21:09,HAPPY,OK,36.52,77.6,97.6,0.279,10.99,LOW
1923ff6c-17da-4b81-a28d-76aeadd30857,EMP0243,Worker_0243,RFID000243,Cutting,WS-04,AFTERNOON,3,2026-10-03T13:21:24,SAD,OK,36.86,94.3,98.5,0.663,85.06,HIGH
9e21f4c1-6101-46c6-822f-1ca2725e0703,EMP0242,Worker_0242,RFID000242,Finishing,WS-02,AFTERNOON,3,2026-10-03T13:21:54,SAD,HAPPY,36.41,77.7,96.9,0.305,74.41,HIGH
b372ba5a-94e9-4651-b145-53d1603eab6b,EMP0033,Worker_0033,RFID000033,Finishing,WS-03,AFTERNOON,3,2026-10-03T13:22:03,HAPPY,HAPPY,36.37,74.0,96.6,0.237,14.72,LOW
2050647d-9cb4-438e-9176-193a2fe9ec54,EMP0813,Worker_0813,RFID000813,Production,WS-01,AFTERNOON,3,2026-10-03T13:22:23,SAD,OK,36.49,83.9,97.8,0.499,71.48,HIGH
b90a0154-3cc9-4ef3-841c-8fc3792207b0,EMP0484,Worker_0484,RFID000484,Production,WS-03,AFTERNOON,3,2026-10-03T13:23:02,SAD,SAD,36.44,83.3,96.5,0.465,84.79,HIGH
03c3c66d-7af0-4891-a7a4-471ed9ad33b8,EMP0331,Worker_0331,RFID000331,Cutting,WS-03,AFTERNOON,3,2026-10-03T13:23:11,HAPPY,OK,36.34,70.8,97.4,0.128,8.69,LOW
645c126f-bad4-4eec-b010-072907128acc,EMP0090,Worker_0090,RFID000090,Packaging,WS-08,AFTERNOON,3,2026-10-03T13:23:15,HAPPY,HAPPY,36.45,79.5,99.3,0.099,10.69,LOW
a49c5a27-ecdd-45d7-a80e-b32b20fa0e91,EMP0910,Worker_0910,RFID000910,Production,WS-01,AFTERNOON,3,2026-10-03T13:23:23,OK,OK,36.83,87.0,96.9,0.352,43.5,MODERATE
91b794ba-364d-4eb6-8fe3-23e07a61e663,EMP0413,Worker_0413,RFID000413,Production,WS-04,AFTERNOON,3,2026-10-03T13:23:36,HAPPY,SAD,36.34,79.9,97.4,0.134,9.33,LOW
c293c575-379f-4c53-9fff-3c34b00c5961,EMP0101,Worker_0101,RFID000101,Packaging,WS-04,AFTERNOON,3,2026-10-03T13:23:37,HAPPY,HAPPY,36.09,74.5,97.8,0.203,13.08,LOW
58e0ff81-1e65-4fa8-b9a1-b267c6777383,EMP0473,Worker_0473,RFID000473,Cutting,WS-10,AFTERNOON,3,2026-10-03T13:24:17,OK,HAPPY,36.55,66.6,98.7,0.457,40.15,MODERATE
15549705-70fe-49e5-aa3e-70c90a5cf0e6,EMP0470,Worker_0470,RFID000470,Packaging,WS-05,AFTERNOON,3,2026-10-03T13:24:39,OK,SAD,36.54,86.9,98.6,0.47,49.4,MODERATE
edd2589f-4728-4daf-8c87-7dcdc7816c9e,EMP0720,Worker_0720,RFID000720,Quality,WS-03,AFTERNOON,3,2026-10-03T13:24:55,HAPPY,OK,36.19,81.3,98.8,0.203,6.03,LOW
fa40128a-d2db-4874-a508-c8a76a734582,EMP0128,Worker_0128,RFID000128,Assembly,WS-08,AFTERNOON,3,2026-10-03T13:24:56,HAPPY,HAPPY,36.35,65.0,97.6,0.13,12.6,LOW
7bb8b3bc-889e-4d15-a8d9-c282ea2d301b,EMP0468,Worker_0468,RFID000468,Stores,WS-06,AFTERNOON,3,2026-10-03T13:25:28,OK,HAPPY,36.71,74.0,98.9,0.359,40.46,MODERATE
4aed3085-8eac-4b47-9d7b-a77cc4a41fd2,EMP0365,Worker_0365,RFID000365,Maintenance,WS-10,AFTERNOON,3,2026-10-03T13:25:52,OK,HAPPY,36.54,78.3,98.5,0.223,35.93,MODERATE
f60b8bce-7c41-4886-a979-96c61e0e7879,EMP0255,Worker_0255,RFID000255,Packaging,WS-01,AFTERNOON,3,2026-10-03T13:26:08,OK,HAPPY,36.37,82.9,98.4,0.28,35.78,MODERATE
aabc7c57-5590-42f6-809d-b7faa14ab84c,EMP0036,Worker_0036,RFID000036,Packaging,WS-10,AFTERNOON,3,2026-10-03T13:26:43,HAPPY,SAD,36.6,77.9,98.5,0.302,7.51,LOW
8e31db7a-5cf3-46a3-b343-498dee2f24cf,EMP0226,Worker_0226,RFID000226,Maintenance,WS-08,AFTERNOON,3,2026-10-03T13:26:55,HAPPY,OK,36.54,75.9,98.1,0.373,9.87,LOW
7c2e40b6-af30-4bb7-a3b9-f5799e89696c,EMP0669,Worker_0669,RFID000669,Finishing,WS-07,AFTERNOON,3,2026-10-03T13:26:55,OK,OK,36.44,79.3,97.3,0.336,33.78,LOW
6ff23a83-732b-485e-912a-ef665e3bf7f1,EMP0635,Worker_0635,RFID000635,Quality,WS-09,AFTERNOON,3,2026-10-03T13:27:23,HAPPY,OK,36.5,73.3,98.1,0.203,9.76,LOW
1a7d5d05-a479-4c95-9dad-fe45d30145c1,EMP0315,Worker_0315,RFID000315,Cutting,WS-02,AFTERNOON,3,2026-10-03T13:27:28,HAPPY,HAPPY,36.47,62.7,98.0,0.349,12.85,LOW
98f8cf87-0ff2-4a0e-a8d4-f2380fc7d92e,EMP0492,Worker_0492,RFID000492,Quality,WS-06,AFTERNOON,3,2026-10-03T13:27:34,OK,HAPPY,36.44,85.2,98.4,0.203,38.23,MODERATE
dc589e62-c5eb-414a-97ce-65fc1aae7d29,EMP0999,Worker_0999,RFID000999,Stores,WS-10,AFTERNOON,3,2026-10-03T13:27:37,SAD,HAPPY,36.92,101.8,97.1,0.588,92.3,HIGH
7ba7e107-3827-48dc-9c1a-d4351624d9ef,EMP0495,Worker_0495,RFID000495,Production,WS-10,AFTERNOON,3,2026-10-03T13:27:45,OK,HAPPY,36.63,80.8,98.4,0.219,37.99,MODERATE
d96a0515-ca37-489b-abcd-120bd3baed89,EMP0914,Worker_0914,RFID000914,Cutting,WS-05,AFTERNOON,3,2026-10-03T13:27:46,OK,OK,36.87,86.1,97.9,0.228,40.51,MODERATE
76417d8e-6c92-43e3-9d4b-2c8bfd7203ba,EMP0952,Worker_0952,RFID000952,Packaging,WS-02,AFTERNOON,3,2026-10-03T13:27:47,OK,OK,36.26,87.0,98.4,0.358,46.66,MODERATE
57bff7cc-6c36-471f-9c3f-8efe1bde65f9,EMP0524,Worker_0524,RFID000524,Quality,WS-10,AFTERNOON,3,2026-10-03T13:28:01,SAD,OK,36.97,85.8,96.7,0.67,86.57,HIGH
831abd58-a75a-4bd7-b2fa-3aec86744ef9,EMP0337,Worker_0337,RFID000337,Stores,WS-02,AFTERNOON,3,2026-10-03T13:28:10,HAPPY,OK,36.21,77.5,99.5,0.162,7.48,LOW
8dd0ceff-201b-49fd-bf99-12669c889545,EMP0159,Worker_0159,RFID000159,Packaging,WS-07,AFTERNOON,3,2026-10-03T13:28:13,SAD,OK,36.57,82.3,96.9,0.584,81.72,HIGH
0c0c1ee8-5c12-468a-9907-0153d48beb75,EMP0645,Worker_0645,RFID000645,Maintenance,WS-08,AFTERNOON,3,2026-10-03T13:28:24,OK,HAPPY,36.46,83.9,98.7,0.27,40.59,MODERATE
332075a8-1f54-4ec1-b739-b4f1060b5bed,EMP0281,Worker_0281,RFID000281,Quality,WS-03,AFTERNOON,3,2026-10-03T13:28:32,OK,OK,36.52,81.8,97.9,0.29,36.64,MODERATE
54306ee0-a08f-428b-ba51-6f6b2f30977b,EMP0297,Worker_0297,RFID000297,Packaging,WS-05,AFTERNOON,3,2026-10-03T13:28:48,SAD,HAPPY,36.43,87.0,97.0,0.309,78.48,HIGH
6b9aa9ea-f4d2-4867-80d3-b28f858c6668,EMP0075,Worker_0075,RFID000075,Finishing,WS-03,AFTERNOON,3,2026-10-03T13:29:03,HAPPY,HAPPY,36.54,78.7,99.1,0.31,6.64,LOW
afe696bb-f6b5-4d3b-9ad1-71ea1289f4ac,EMP0717,Worker_0717,RFID000717,Packaging,WS-08,AFTERNOON,3,2026-10-03T13:29:06,HAPPY,HAPPY,36.4,70.4,98.3,0.324,8.54,LOW
97cb0d71-81ec-4f1f-9858-0533a0e00607,EMP0369,Worker_0369,RFID000369,Assembly,WS-07,AFTERNOON,3,2026-10-03T13:29:10,HAPPY,HAPPY,36.37,74.1,98.7,0.176,13.52,LOW
709936f1-c29d-4a78-bfb0-94628d9ae0e6,EMP0087,Worker_0087,RFID000087,Assembly,WS-05,AFTERNOON,3,2026-10-03T13:29:21,HAPPY,HAPPY,36.3,80.0,97.3,0.252,6.8,LOW
a20d4c6b-047d-4c37-bf8f-72539f1bf914,EMP0030,Worker_0030,RFID000030,Assembly,WS-01,AFTERNOON,3,2026-10-03T13:29:30,OK,HAPPY,36.65,83.5,96.6,0.244,37.9,MODERATE
64166530-fe52-4386-8a00-dbf328be0df2,EMP0141,Worker_0141,RFID000141,Cutting,WS-09,AFTERNOON,3,2026-10-03T13:29:31,HAPPY,HAPPY,36.74,71.8,96.8,0.22,10.07,LOW
41ccd6d2-99c5-4b12-b1df-9b8d904c970a,EMP0113,Worker_0113,RFID000113,Finishing,WS-01,AFTERNOON,3,2026-10-03T13:30:05,SAD,OK,36.62,76.4,98.7,0.579,76.87,HIGH
5d87bde9-4cd9-40c3-8335-89e063c6a8a1,EMP0166,Worker_0166,RFID000166,Production,WS-10,AFTERNOON,3,2026-10-03T13:30:07,HAPPY,HAPPY,36.73,83.7,97.8,0.137,9.38,LOW
11e06765-1d4c-455a-a016-25e9b5ec028a,EMP0735,Worker_0735,RFID000735,Maintenance,WS-05,AFTERNOON,3,2026-10-03T13:30:40,HAPPY,HAPPY,36.46,81.1,97.8,0.215,6.84,LOW
71eb2825-6b8c-4774-ad3c-16b0261bbb37,EMP0236,Worker_0236,RFID000236,Assembly,WS-09,AFTERNOON,3,2026-10-03T13:30:51,OK,HAPPY,36.77,85.2,98.3,0.248,37.67,MODERATE
6e8a6303-9ee7-4453-b3e0-66e194166e95,EMP0719,Worker_0719,RFID000719,Quality,WS-07,AFTERNOON,3,2026-10-03T13:31:34,OK,SAD,36.32,82.3,98.0,0.337,41.03,MODERATE
e3a44eb4-f994-46d8-ae52-54127c726d22,EMP0941,Worker_0941,RFID000941,Production,WS-04,AFTERNOON,3,2026-10-03T13:32:05,SAD,SAD,36.58,84.5,97.8,0.493,88.26,HIGH
f145c5f0-c947-4da1-bb1b-dd87289c2d79,EMP0820,Worker_0820,RFID000820,Stores,WS-09,AFTERNOON,3,2026-10-03T13:32:09,OK,OK,36.44,73.7,97.7,0.167,41.07,MODERATE
a426342a-8fa6-4753-97e5-58843631481a,EMP0648,Worker_0648,RFID000648,Finishing,WS-04,AFTERNOON,3,2026-10-03T13:32:29,OK,HAPPY,36.19,86.1,97.3,0.395,38.05,MODERATE
6e8677b4-eafe-4058-a359-45205f9440af,EMP0125,Worker_0125,RFID000125,Maintenance,WS-06,AFTERNOON,3,2026-10-03T13:32:37,OK,OK,36.64,77.4,97.1,0.179,40.53,MODERATE
35a038d9-e7b6-4354-9633-80ea31ce8812,EMP0578,Worker_0578,RFID000578,Quality,WS-07,AFTERNOON,3,2026-10-03T13:32:41,OK,SAD,36.2,72.2,98.0,0.278,37.32,MODERATE
a541fa84-6cd8-4162-9ff4-a1646e145e48,EMP0807,Worker_0807,RFID000807,Assembly,WS-09,AFTERNOON,3,2026-10-03T13:32:44,HAPPY,OK,36.29,66.7,98.6,0.344,5.97,LOW
d14726cc-67bd-46bb-9c2b-bb43db34a402,EMP0521,Worker_0521,RFID000521,Packaging,WS-06,AFTERNOON,3,2026-10-03T13:32:49,SAD,SAD,36.69,76.2,98.6,0.486,86.83,HIGH
9c367959-8ce3-4a74-81f7-58e25fc0e704,EMP0104,Worker_0104,RFID000104,Packaging,WS-07,AFTERNOON,3,2026-10-03T13:33:01,HAPPY,HAPPY,36.23,68.5,97.2,0.173,8.36,LOW
28b17da1-8900-4aea-98f4-729eb544c2c0,EMP0570,Worker_0570,RFID000570,Quality,WS-08,AFTERNOON,3,2026-10-03T13:33:01,OK,OK,36.16,79.3,98.9,0.158,39.55,MODERATE
21d0c006-5cce-441c-acee-0401e160f6fb,EMP0493,Worker_0493,RFID000493,Cutting,WS-01,AFTERNOON,3,2026-10-03T13:33:13,OK,HAPPY,36.83,75.4,96.8,0.367,42.44,MODERATE
974429ee-c5f3-4d40-8061-bec9d03040af,EMP0765,Worker_0765,RFID000765,Production,WS-02,AFTERNOON,3,2026-10-03T13:33:49,HAPPY,OK,36.33,65.8,98.7,0.311,8.6,LOW
ce5a0968-9013-4160-a3e8-3736a3643222,EMP0423,Worker_0423,RFID000423,Finishing,WS-06,AFTERNOON,3,2026-10-03T13:33:50,OK,OK,36.46,82.4,97.7,0.25,38.91,MODERATE
54768e49-657a-4ffc-bcd4-ab9cb0949778,EMP0212,Worker_0212,RFID000212,Production,WS-06,AFTERNOON,3,2026-10-03T13:33:55,HAPPY,HAPPY,36.65,71.7,97.5,0.4,12.13,LOW
f4984453-14f5-4b88-84b4-6a5186ff28c5,EMP0094,Worker_0094,RFID000094,Maintenance,WS-02,AFTERNOON,3,2026-10-03T13:33:58,SAD,OK,36.45,95.0,96.8,0.312,76.07,HIGH
a888be27-2e07-4843-a97c-13c7cef8871d,EMP0825,Worker_0825,RFID000825,Packaging,WS-04,AFTERNOON,3,2026-10-03T13:34:02,OK,OK,36.66,73.2,97.2,0.272,40.68,MODERATE
24f7b634-1b8d-408e-9df8-29c95c8e1b5f,EMP0054,Worker_0054,RFID000054,Assembly,WS-10,AFTERNOON,3,2026-10-03T13:34:03,SAD,OK,36.7,85.0,98.3,0.507,77.16,HIGH
b4111333-ebd0-412c-a097-2d66ba777eff,EMP0849,Worker_0849,RFID000849,Maintenance,WS-09,AFTERNOON,3,2026-10-03T13:34:45,HAPPY,OK,36.42,78.4,97.6,0.242,10.5,LOW
192e3dc7-ce1f-4291-896d-f7b853dab194,EMP0701,Worker_0701,RFID000701,Quality,WS-04,AFTERNOON,3,2026-10-03T13:34:56,OK,HAPPY,36.54,87.0,98.2,0.192,46.82,MODERATE
2bde77aa-9568-4696-a74a-d05d93387c84,EMP0435,Worker_0435,RFID000435,Quality,WS-01,AFTERNOON,3,2026-10-03T13:35:00,OK,OK,36.76,85.7,97.6,0.422,43.63,MODERATE
7e866f60-504d-46ff-9c0a-cd9ac6c54907,EMP0726,Worker_0726,RFID000726,Assembly,WS-01,AFTERNOON,3,2026-10-03T13:35:00,OK,SAD,36.79,78.7,97.6,0.264,34.95,LOW
8451f6a0-e5c9-491e-bcb2-57de7d6289f0,EMP0626,Worker_0626,RFID000626,Finishing,WS-08,AFTERNOON,3,2026-10-03T13:35:04,OK,HAPPY,36.44,88.3,97.6,0.409,45.08,MODERATE
8e70edb4-074d-4a7a-83d1-cf7b16d7921e,EMP0633,Worker_0633,RFID000633,Packaging,WS-05,AFTERNOON,3,2026-10-03T13:35:12,HAPPY,HAPPY,36.14,75.9,98.4,0.14,5.7,LOW
b35a5d77-f754-4e48-bf0c-c6c8ca085b17,EMP0810,Worker_0810,RFID000810,Cutting,WS-04,AFTERNOON,3,2026-10-03T13:35:17,HAPPY,HAPPY,36.42,71.9,96.8,0.314,5.21,LOW
06b1fce7-f104-42ed-86e2-8ec10876f424,EMP0890,Worker_0890,RFID000890,Assembly,WS-01,AFTERNOON,3,2026-10-03T13:35:19,SAD,SAD,36.78,95.0,96.1,0.373,86.05,HIGH
6cd34897-9d7a-4ea1-b630-fa84ce113563,EMP0160,Worker_0160,RFID000160,Assembly,WS-06,AFTERNOON,3,2026-10-03T13:35:38,OK,HAPPY,36.61,76.8,97.6,0.243,35.94,MODERATE
08cf1ab1-1f4a-4316-9fc5-597f97edac87,EMP0683,Worker_0683,RFID000683,Production,WS-09,AFTERNOON,3,2026-10-03T13:35:38,OK,HAPPY,36.38,74.0,97.8,0.409,41.51,MODERATE
b2aa6b60-8c47-4669-b843-dc18d2144004,EMP0769,Worker_0769,RFID000769,Production,WS-06,AFTERNOON,3,2026-10-03T13:36:06,SAD,SAD,37.07,98.6,96.7,0.61,100,HIGH
c38be7f4-3c5b-40ec-a980-8b2078b6e068,EMP0304,Worker_0304,RFID000304,Finishing,WS-02,AFTERNOON,3,2026-10-03T13:36:25,HAPPY,HAPPY,36.62,74.2,99.0,0.179,9.71,LOW
b6156207-709b-43c4-9913-6437bd6bc714,EMP0864,Worker_0864,RFID000864,Finishing,WS-06,AFTERNOON,3,2026-10-03T13:36:37,OK,HAPPY,36.62,74.3,98.1,0.166,40.57,MODERATE
9a4afc03-d449-4863-a186-a4889c362df3,EMP1000,Worker_1000,RFID001000,Cutting,WS-07,AFTERNOON,3,2026-10-03T13:36:44,OK,OK,36.63,85.4,98.5,0.375,39.1,MODERATE
230406e5-409d-42e8-92ca-40bc32258fe0,EMP0968,Worker_0968,RFID000968,Quality,WS-02,AFTERNOON,3,2026-10-03T13:37:01,OK,HAPPY,36.44,80.5,97.8,0.327,42.51,MODERATE
fa1ba632-8d86-485c-99fa-226c093854c2,EMP0422,Worker_0422,RFID000422,Packaging,WS-09,AFTERNOON,3,2026-10-03T13:37:07,SAD,HAPPY,37.01,86.6,97.4,0.376,78.96,HIGH
45b54fc9-2f9e-4270-8d51-2cdf7769f3bc,EMP0678,Worker_0678,RFID000678,Assembly,WS-10,AFTERNOON,3,2026-10-03T13:37:10,SAD,OK,36.43,82.6,98.4,0.584,82.85,HIGH
82b372e1-6749-4a5b-998a-2983d20616e1,EMP0252,Worker_0252,RFID000252,Quality,WS-07,AFTERNOON,3,2026-10-03T13:37:11,OK,SAD,36.63,81.4,98.0,0.224,34.63,LOW
a7a01a67-1dad-47ad-939c-8e50f9e554fc,EMP0959,Worker_0959,RFID000959,Assembly,WS-09,AFTERNOON,3,2026-10-03T13:37:18,HAPPY,OK,36.47,66.5,97.6,0.389,8.22,LOW
bf6bf7e3-55bb-4a8e-a39a-d94197efa090,EMP0326,Worker_0326,RFID000326,Packaging,WS-02,AFTERNOON,3,2026-10-03T13:37:32,SAD,HAPPY,36.55,88.6,97.3,0.614,86.03,HIGH
03f3f588-a86d-4f15-891c-a3121697eaf7,EMP0729,Worker_0729,RFID000729,Maintenance,WS-06,AFTERNOON,3,2026-10-03T13:37:35,HAPPY,HAPPY,36.44,74.2,98.2,0.24,13.22,LOW
0a2cc8d8-570a-4752-9793-46613f6854f9,EMP0339,Worker_0339,RFID000339,Cutting,WS-08,AFTERNOON,3,2026-10-03T13:37:40,SAD,SAD,36.52,80.7,97.0,0.447,85.11,HIGH
a85c4e9f-e295-423a-9892-ed715cafe565,EMP0936,Worker_0936,RFID000936,Maintenance,WS-08,AFTERNOON,3,2026-10-03T13:37:51,OK,HAPPY,36.46,86.7,96.9,0.357,39.69,MODERATE
568d60ba-298c-49a0-ab9f-8cc3ab752e93,EMP0173,Worker_0173,RFID000173,Quality,WS-05,AFTERNOON,3,2026-10-03T13:38:34,OK,HAPPY,36.33,79.0,97.3,0.268,37.28,MODERATE
812fc3c1-f890-4208-a499-7ef5a81f60ad,EMP0964,Worker_0964,RFID000964,Maintenance,WS-09,AFTERNOON,3,2026-10-03T13:38:36,SAD,OK,36.81,80.7,96.8,0.619,78.19,HIGH
2e380dba-b36d-421b-b3f8-f581b0397306,EMP0869,Worker_0869,RFID000869,Stores,WS-06,AFTERNOON,3,2026-10-03T13:38:55,HAPPY,OK,36.57,73.9,98.9,0.07,8.03,LOW
cc91e6a4-8fca-43d7-897d-1824db8fdf58,EMP0932,Worker_0932,RFID000932,Quality,WS-05,AFTERNOON,3,2026-10-03T13:39:12,HAPPY,HAPPY,36.36,72.5,98.4,0.24,6.42,LOW
9560d584-3f99-48d6-aa57-fcb429ca094f,EMP0956,Worker_0956,RFID000956,Maintenance,WS-04,AFTERNOON,3,2026-10-03T13:39:48,OK,HAPPY,36.33,80.5,96.9,0.327,42.65,MODERATE
b065f3ef-ec9d-40a1-b191-d19d1cec8543,EMP0641,Worker_0641,RFID000641,Maintenance,WS-05,AFTERNOON,3,2026-10-03T13:39:52,OK,HAPPY,36.53,76.0,97.6,0.273,36.04,MODERATE
7e4c4389-b714-481a-9c40-4d9b2c9c1245,EMP0189,Worker_0189,RFID000189,Stores,WS-02,AFTERNOON,3,2026-10-03T13:40:00,OK,HAPPY,36.59,77.2,98.3,0.337,41.91,MODERATE
cb2390af-b9c4-447c-acf0-7121e6bf39cf,EMP0875,Worker_0875,RFID000875,Finishing,WS-04,AFTERNOON,3,2026-10-03T13:40:00,OK,OK,36.28,71.4,98.1,0.392,34.55,LOW
2382deee-dea0-4bfc-a506-5980f6e40421,EMP0038,Worker_0038,RFID000038,Finishing,WS-06,AFTERNOON,3,2026-10-03T13:40:03,HAPPY,HAPPY,36.88,83.0,97.7,0.279,14.02,LOW
0cb680be-25eb-46da-95bf-a1eb44470b91,EMP0755,Worker_0755,RFID000755,Finishing,WS-10,AFTERNOON,3,2026-10-03T13:40:10,HAPPY,OK,36.56,67.2,98.8,0.278,8.07,LOW
d7cebe19-a812-4fbb-8792-5926376b1e9a,EMP0976,Worker_0976,RFID000976,Packaging,WS-03,AFTERNOON,3,2026-10-03T13:40:54,HAPPY,HAPPY,36.39,73.6,97.8,0.346,14.91,LOW
6453d4e1-a3c8-446a-b301-0812be53d27b,EMP0762,Worker_0762,RFID000762,Stores,WS-09,AFTERNOON,3,2026-10-03T13:40:56,SAD,OK,36.45,97.4,97.2,0.643,87.6,HIGH
2f5c3962-9b0c-435e-9ad0-c0d7ac9bcda8,EMP0838,Worker_0838,RFID000838,Packaging,WS-10,AFTERNOON,3,2026-10-03T13:41:17,OK,HAPPY,36.79,85.2,99.2,0.338,43.95,MODERATE
a0725cf0-aec8-449b-a0c8-65a78e449b28,EMP0538,Worker_0538,RFID000538,Maintenance,WS-03,AFTERNOON,3,2026-10-03T13:41:34,HAPPY,HAPPY,36.59,66.5,97.2,0.193,9.08,LOW
c670ae8e-cf8c-45ff-a366-bf8714efc1fd,EMP0892,Worker_0892,RFID000892,Assembly,WS-10,AFTERNOON,3,2026-10-03T13:41:41,HAPPY,HAPPY,36.87,74.3,97.8,0.263,12.62,LOW
65a31798-d99a-4aa2-853d-58f691fb5267,EMP0397,Worker_0397,RFID000397,Maintenance,WS-02,AFTERNOON,3,2026-10-03T13:42:07,HAPPY,OK,36.53,82.7,97.8,0.296,10.35,LOW
4bddaef1-8457-4b54-8063-a2f55ca42113,EMP0020,Worker_0020,RFID000020,Production,WS-04,AFTERNOON,3,2026-10-03T13:42:15,SAD,HAPPY,37.01,98.4,97.4,0.422,87.75,HIGH
37422ded-ce18-4eb5-8b06-65e99d39d111,EMP0070,Worker_0070,RFID000070,Assembly,WS-03,AFTERNOON,3,2026-10-03T13:42:21,HAPPY,OK,36.56,66.6,96.9,0.182,9.97,LOW
f7b86c97-8411-46d0-b1e3-5a55beaa400a,EMP0486,Worker_0486,RFID000486,Quality,WS-06,AFTERNOON,3,2026-10-03T13:42:36,OK,HAPPY,36.27,80.1,97.2,0.38,41.35,MODERATE
726794f5-1798-4013-94dd-5209ad956d52,EMP0332,Worker_0332,RFID000332,Cutting,WS-05,AFTERNOON,3,2026-10-03T13:42:43,SAD,OK,36.38,86.1,96.5,0.492,75.21,HIGH
36a565df-89f0-4f94-bbdc-cce65db1148f,EMP0977,Worker_0977,RFID000977,Maintenance,WS-08,AFTERNOON,3,2026-10-03T13:43:05,OK,OK,36.84,84.5,99.0,0.398,38.77,MODERATE
4bc78088-1c8c-4141-a60e-9a4c5656c03a,EMP0798,Worker_0798,RFID000798,Assembly,WS-02,AFTERNOON,3,2026-10-03T13:43:09,OK,OK,36.32,89.2,98.2,0.521,49.46,MODERATE
5ae3167c-781c-42df-8e75-3ecee6ff2102,EMP0562,Worker_0562,RFID000562,Stores,WS-06,AFTERNOON,3,2026-10-03T13:43:23,HAPPY,HAPPY,36.31,84.8,98.1,0.287,5.14,LOW
25f7ce13-ffd5-445c-8197-9ed4766a5b9a,EMP0367,Worker_0367,RFID000367,Quality,WS-03,AFTERNOON,3,2026-10-03T13:43:26,HAPPY,OK,36.57,73.4,98.7,0.34,11.5,LOW
b2a2547a-aef5-4c04-951d-6128ed6f5400,EMP0193,Worker_0193,RFID000193,Packaging,WS-06,AFTERNOON,3,2026-10-03T13:43:29,HAPPY,HAPPY,36.55,77.5,97.7,0.178,9.45,LOW
1d792494-81eb-4b41-9268-eb75425e569b,EMP0286,Worker_0286,RFID000286,Cutting,WS-06,AFTERNOON,3,2026-10-03T13:44:08,SAD,OK,36.46,95.2,98.0,0.633,88.36,HIGH
d45c7a4e-0e9a-40a2-84d6-72be974fb2f9,EMP0814,Worker_0814,RFID000814,Finishing,WS-09,AFTERNOON,3,2026-10-03T13:44:11,OK,OK,36.73,77.2,99.1,0.24,36.1,MODERATE
1e359c35-40b3-4bd0-8049-2371338a2345,EMP0150,Worker_0150,RFID000150,Packaging,WS-02,AFTERNOON,3,2026-10-03T13:44:23,OK,HAPPY,36.4,83.6,97.9,0.318,42.36,MODERATE
53839e0a-a1d1-438c-a9ab-a91e1e8123d5,EMP0412,Worker_0412,RFID000412,Finishing,WS-05,AFTERNOON,3,2026-10-03T13:44:30,SAD,SAD,36.36,88.6,98.8,0.398,79.6,HIGH
3d018052-2351-4d08-b262-3ede47459def,EMP0035,Worker_0035,RFID000035,Assembly,WS-03,AFTERNOON,3,2026-10-03T13:44:38,SAD,SAD,36.39,72.1,98.8,0.499,79.84,HIGH
210c139b-9669-4a8f-b1cc-d4b197f3c8a4,EMP0752,Worker_0752,RFID000752,Quality,WS-01,AFTERNOON,3,2026-10-03T13:44:59,OK,HAPPY,36.64,80.6,97.6,0.254,39.34,MODERATE
986953a7-ad98-4fd8-8f0a-7cb8e2fd8ae8,EMP0400,Worker_0400,RFID000400,Stores,WS-05,AFTERNOON,3,2026-10-03T13:45:27,SAD,HAPPY,36.69,96.2,96.3,0.423,81.56,HIGH
88260b63-a384-4707-bf9f-5353e5872574,EMP0418,Worker_0418,RFID000418,Stores,WS-02,AFTERNOON,3,2026-10-03T13:45:54,SAD,SAD,36.7,89.3,96.5,0.558,95.61,HIGH
47c99520-e264-4e94-8031-1277e29996d9,EMP0479,Worker_0479,RFID000479,Stores,WS-09,AFTERNOON,3,2026-10-03T13:45:59,OK,SAD,36.31,79.7,97.9,0.262,35.16,MODERATE
b342cbd3-93a6-4884-8d30-680000dd4a0a,EMP0773,Worker_0773,RFID000773,Assembly,WS-01,AFTERNOON,3,2026-10-03T13:45:59,HAPPY,HAPPY,36.69,64.2,97.8,0.313,11.96,LOW
fa2bfd10-7900-4cdb-8a69-ba88e30351fd,EMP0793,Worker_0793,RFID000793,Cutting,WS-10,AFTERNOON,3,2026-10-03T13:46:04,HAPPY,HAPPY,36.81,77.6,97.9,0.183,6.12,LOW
bd1012cc-d67c-45f0-b165-86a7a4360805,EMP0446,Worker_0446,RFID000446,Production,WS-06,AFTERNOON,3,2026-10-03T13:46:20,HAPPY,HAPPY,36.2,62.1,98.9,0.259,14.87,LOW
adf6dfb7-60af-4c44-a7aa-dc982efaf7bf,EMP0478,Worker_0478,RFID000478,Packaging,WS-06,AFTERNOON,3,2026-10-03T13:46:23,SAD,OK,36.56,93.3,97.7,0.598,85.02,HIGH
ee6dc6bb-aa00-4f3c-8579-d3944b48a26d,EMP0908,Worker_0908,RFID000908,Maintenance,WS-10,AFTERNOON,3,2026-10-03T13:46:29,OK,HAPPY,36.64,79.0,98.3,0.371,33.71,LOW
a7761475-440e-487d-995c-dc0e6befdc23,EMP0006,Worker_0006,RFID000006,Cutting,WS-02,AFTERNOON,3,2026-10-03T13:46:55,SAD,SAD,36.73,91.1,97.9,0.522,92.04,HIGH
bc87d125-552c-400d-8e49-17af78f36945,EMP0611,Worker_0611,RFID000611,Packaging,WS-10,AFTERNOON,3,2026-10-03T13:47:01,SAD,OK,36.88,82.2,96.6,0.227,74.07,HIGH
271d15c0-9068-48a9-b585-9579be88109b,EMP0786,Worker_0786,RFID000786,Quality,WS-08,AFTERNOON,3,2026-10-03T13:47:11,HAPPY,OK,36.31,75.1,99.3,0.226,13.92,LOW
b0560064-3e44-4f20-aa74-80a07566bde7,EMP0788,Worker_0788,RFID000788,Cutting,WS-07,AFTERNOON,3,2026-10-03T13:47:20,OK,OK,36.58,69.8,98.0,0.185,34.56,LOW
910f45dc-85ef-40a3-b9e4-44aa1823b55c,EMP0927,Worker_0927,RFID000927,Finishing,WS-05,AFTERNOON,3,2026-10-03T13:48:07,OK,SAD,36.55,79.6,97.5,0.377,35.91,MODERATE
01273568-d7b8-45b8-b768-bc60af4382be,EMP0622,Worker_0622,RFID000622,Stores,WS-08,AFTERNOON,3,2026-10-03T13:48:42,HAPPY,OK,36.58,68.1,98.5,0.259,14.28,LOW
a99896af-2148-4ae2-81aa-f3fee0b9bbc8,EMP0077,Worker_0077,RFID000077,Stores,WS-06,AFTERNOON,3,2026-10-03T13:48:54,OK,HAPPY,36.49,83.8,98.5,0.407,42.64,MODERATE
38c1032a-8080-4f69-84f1-870af358ee24,EMP0324,Worker_0324,RFID000324,Cutting,WS-06,AFTERNOON,3,2026-10-03T13:49:02,HAPPY,HAPPY,36.26,63.9,98.7,0.194,10.44,LOW
e4b9b340-bb9b-4899-b85b-a4a3a7f79966,EMP0609,Worker_0609,RFID000609,Stores,WS-06,AFTERNOON,3,2026-10-03T13:49:22,SAD,SAD,36.8,86.7,97.0,0.665,88.15,HIGH
185402a6-708e-4df1-850e-3d6af1ce578b,EMP0942,Worker_0942,RFID000942,Assembly,WS-09,AFTERNOON,3,2026-10-03T13:49:26,OK,OK,36.84,89.1,98.5,0.351,43.49,MODERATE
01b7b6a1-cc07-4053-a8c3-28140998e33e,EMP0279,Worker_0279,RFID000279,Packaging,WS-04,AFTERNOON,3,2026-10-03T13:49:36,SAD,HAPPY,36.63,91.3,97.7,0.544,85.05,HIGH
e8fb6b87-a2f4-46c1-a2e0-fc55b55bb9be,EMP0779,Worker_0779,RFID000779,Assembly,WS-09,AFTERNOON,3,2026-10-03T13:49:37,OK,SAD,36.35,91.7,98.1,0.449,46.6,MODERATE
5043b022-ebdc-452c-889a-94761181d6f6,EMP0392,Worker_0392,RFID000392,Cutting,WS-02,AFTERNOON,3,2026-10-03T13:49:48,OK,OK,36.64,84.0,97.1,0.314,38.19,MODERATE
38209727-6663-4c1f-8ede-68a3bcf65c42,EMP0552,Worker_0552,RFID000552,Assembly,WS-10,AFTERNOON,3,2026-10-03T13:50:14,OK,SAD,36.86,72.9,97.3,0.31,42.03,MODERATE
e2ac61ec-9915-41fb-aff8-f919ca65194d,EMP0953,Worker_0953,RFID000953,Cutting,WS-10,AFTERNOON,3,2026-10-03T13:50:14,HAPPY,HAPPY,36.21,72.3,98.0,0.319,12.52,LOW
2eed1733-4c92-442b-b8e3-0ecc4aeb2e83,EMP0461,Worker_0461,RFID000461,Maintenance,WS-06,AFTERNOON,3,2026-10-03T13:50:31,HAPPY,HAPPY,36.51,69.0,97.9,0.217,9.73,LOW
8c495aa1-9816-46bc-ba1a-4aa567399252,EMP0379,Worker_0379,RFID000379,Cutting,WS-02,AFTERNOON,3,2026-10-03T13:50:36,HAPPY,SAD,36.15,78.2,97.3,0.278,8.58,LOW
309ce8fd-b5eb-4e95-a214-f91651b62163,EMP0430,Worker_0430,RFID000430,Finishing,WS-01,AFTERNOON,3,2026-10-03T13:50:40,HAPPY,OK,36.34,74.4,99.0,0.182,11.92,LOW
ab7056e7-fd1b-412b-be9b-9d4b2921b2f8,EMP0043,Worker_0043,RFID000043,Maintenance,WS-09,AFTERNOON,3,2026-10-03T13:50:46,OK,HAPPY,36.73,82.0,98.6,0.232,40.86,MODERATE
98e552e7-8070-4561-b391-c82e252c0929,EMP0323,Worker_0323,RFID000323,Stores,WS-01,AFTERNOON,3,2026-10-03T13:50:48,SAD,OK,36.37,79.0,96.5,0.586,82.71,HIGH
8f691c42-2c3a-4268-afe2-ed66dc247fc0,EMP0241,Worker_0241,RFID000241,Stores,WS-06,AFTERNOON,3,2026-10-03T13:51:08,OK,OK,36.39,85.9,97.0,0.294,43.08,MODERATE
a60f9d8b-7fbb-47d5-bb3d-df6ca32ac746,EMP0442,Worker_0442,RFID000442,Assembly,WS-02,AFTERNOON,3,2026-10-03T13:51:10,SAD,OK,36.87,77.7,97.1,0.393,71.43,HIGH
15028dab-af8e-43eb-b1f7-0dab9b4cb7f6,EMP0879,Worker_0879,RFID000879,Stores,WS-09,AFTERNOON,3,2026-10-03T13:51:12,HAPPY,HAPPY,36.32,77.2,97.2,0.219,13.44,LOW
6b0f77f6-b135-42d9-9364-48d6e7bd86a9,EMP0946,Worker_0946,RFID000946,Assembly,WS-03,AFTERNOON,3,2026-10-03T13:51:45,SAD,HAPPY,36.67,86.4,97.6,0.599,81.04,HIGH
7b5d53b9-102e-4e97-b8a3-94b0cf75805a,EMP0109,Worker_0109,RFID000109,Maintenance,WS-03,AFTERNOON,3,2026-10-03T13:52:14,HAPPY,HAPPY,36.45,77.6,99.3,0.358,9.15,LOW
85ab5216-a8a0-4409-9126-eb4984f843a7,EMP0143,Worker_0143,RFID000143,Stores,WS-10,AFTERNOON,3,2026-10-03T13:53:14,HAPPY,OK,36.21,72.6,98.5,0.428,13.48,LOW
5c81fa19-2800-473d-9d79-93d6fcdbd781,EMP0498,Worker_0498,RFID000498,Cutting,WS-02,AFTERNOON,3,2026-10-03T13:53:30,HAPPY,HAPPY,36.59,73.0,98.9,0.388,6.59,LOW
126211bd-c546-4db9-8314-b0bd4cb5d32a,EMP0586,Worker_0586,RFID000586,Cutting,WS-09,AFTERNOON,3,2026-10-03T13:53:38,HAPPY,OK,36.54,74.7,98.7,0.248,6.43,LOW
9635c5b9-a7e6-426c-8b49-d5ea09794d16,EMP0127,Worker_0127,RFID000127,Packaging,WS-05,AFTERNOON,3,2026-10-03T13:53:40,HAPPY,OK,36.61,85.5,97.9,0.073,10.28,LOW
3cffb3a6-81ed-4af9-9b12-5cd3ba1b4920,EMP0496,Worker_0496,RFID000496,Cutting,WS-08,AFTERNOON,3,2026-10-03T13:53:44,OK,OK,36.63,80.5,97.4,0.244,38.26,MODERATE
522eb407-ab5e-4955-935b-a518cc7d375b,EMP0679,Worker_0679,RFID000679,Stores,WS-06,AFTERNOON,3,2026-10-03T13:54:02,HAPPY,OK,36.51,84.1,99.5,0.2,8.64,LOW
1fa7e6fd-f0a7-4d49-94b3-fabef5ee1279,EMP0989,Worker_0989,RFID000989,Cutting,WS-10,AFTERNOON,3,2026-10-03T13:54:13,OK,SAD,36.46,83.7,98.4,0.322,38.8,MODERATE
8867a2ec-7508-4e19-9ec7-ffb6dcfc46f3,EMP0405,Worker_0405,RFID000405,Production,WS-06,AFTERNOON,3,2026-10-03T13:54:14,SAD,HAPPY,36.75,77.3,98.6,0.522,79.01,HIGH
8fffc849-973c-4aa6-aa58-c4898efbfe25,EMP0770,Worker_0770,RFID000770,Assembly,WS-05,AFTERNOON,3,2026-10-03T13:54:19,HAPPY,HAPPY,36.32,79.0,97.7,0.206,14.16,LOW
bad24a3d-1ab1-4884-b40a-78f5e94c22cb,EMP0945,Worker_0945,RFID000945,Finishing,WS-08,AFTERNOON,3,2026-10-03T13:54:26,HAPPY,HAPPY,36.76,79.8,98.5,0.162,6.31,LOW
5ac86510-27d3-4ecb-b4c1-f1d21483c51e,EMP0612,Worker_0612,RFID000612,Finishing,WS-10,AFTERNOON,3,2026-10-03T13:54:27,SAD,OK,36.86,70.9,98.6,0.596,82.92,HIGH
f82f4529-825f-4f19-b811-a4e491a0c36e,EMP0421,Worker_0421,RFID000421,Cutting,WS-09,AFTERNOON,3,2026-10-03T13:54:34,OK,OK,36.33,78.4,98.2,0.254,39.92,MODERATE
580a1bd6-3545-4595-bc77-49624d1e163d,EMP0073,Worker_0073,RFID000073,Cutting,WS-09,AFTERNOON,3,2026-10-03T13:54:44,HAPPY,OK,36.46,76.3,98.7,0.159,10.34,LOW
a700775f-18dd-450a-9a65-08596bb1a42e,EMP0510,Worker_0510,RFID000510,Packaging,WS-06,AFTERNOON,3,2026-10-03T13:55:07,HAPPY,HAPPY,36.53,79.2,98.8,0.329,14.94,LOW
81b367ed-f67b-47d7-9f9e-f33ef73b4106,EMP0102,Worker_0102,RFID000102,Cutting,WS-08,AFTERNOON,3,2026-10-03T13:55:08,OK,HAPPY,36.55,87.2,96.9,0.347,41.68,MODERATE
a3454474-a304-422a-9c7f-74a953b50af6,EMP0192,Worker_0192,RFID000192,Quality,WS-09,AFTERNOON,3,2026-10-03T13:55:11,HAPPY,HAPPY,36.48,70.6,98.2,0.133,5.68,LOW
98924ff7-b76d-4953-90e1-8c3d1761832e,EMP0265,Worker_0265,RFID000265,Packaging,WS-04,AFTERNOON,3,2026-10-03T13:55:14,HAPPY,HAPPY,36.9,74.4,98.2,0.191,12.48,LOW
cd0359be-f1ab-40c0-b497-e391ac5222e3,EMP0599,Worker_0599,RFID000599,Production,WS-10,AFTERNOON,3,2026-10-03T13:55:18,HAPPY,HAPPY,36.59,71.8,97.7,0.264,8.05,LOW
68ed6abe-3e9e-4137-a88e-120238798908,EMP0961,Worker_0961,RFID000961,Production,WS-10,AFTERNOON,3,2026-10-03T13:55:38,OK,HAPPY,36.26,74.4,98.2,0.319,39.98,MODERATE
9cc0b578-76f9-49ae-928b-83cbde744a08,EMP0631,Worker_0631,RFID000631,Assembly,WS-02,AFTERNOON,3,2026-10-03T13:55:43,HAPPY,OK,36.75,75.9,97.6,0.183,5.65,LOW
4ba86aee-8a08-4b29-90ed-ea8383e604e4,EMP0554,Worker_0554,RFID000554,Finishing,WS-03,AFTERNOON,3,2026-10-03T13:55:45,HAPPY,OK,36.24,82.4,98.2,0.318,11.78,LOW
b3605f9d-bf57-477f-bc61-d443178b2bc0,EMP0873,Worker_0873,RFID000873,Maintenance,WS-07,AFTERNOON,3,2026-10-03T13:55:51,HAPPY,HAPPY,36.62,63.3,98.8,0.374,12.32,LOW
a18d3c94-fed6-4080-9241-bf841eccda1a,EMP0257,Worker_0257,RFID000257,Quality,WS-07,AFTERNOON,3,2026-10-03T13:56:27,OK,SAD,36.54,90.5,98.9,0.472,47.95,MODERATE
53f87645-fef3-4378-850e-b14819774fb0,EMP0686,Worker_0686,RFID000686,Cutting,WS-07,AFTERNOON,3,2026-10-03T13:56:29,OK,OK,36.35,69.5,97.5,0.318,35.98,MODERATE
8ad56c8b-d44a-4c88-b021-61fba16772bb,EMP0074,Worker_0074,RFID000074,Cutting,WS-08,AFTERNOON,3,2026-10-03T13:56:39,HAPPY,HAPPY,36.33,60.9,98.1,0.288,13.02,LOW
75049558-b78d-41ff-bf7c-19f6c7b3df46,EMP0707,Worker_0707,RFID000707,Finishing,WS-03,AFTERNOON,3,2026-10-03T13:56:39,OK,SAD,36.5,72.4,97.3,0.243,40.28,MODERATE
d797c416-95e8-401d-900a-98c1188c48c1,EMP0957,Worker_0957,RFID000957,Finishing,WS-04,AFTERNOON,3,2026-10-03T13:56:49,HAPPY,HAPPY,36.56,73.4,98.2,0.098,6.03,LOW
a201d891-f902-4ecf-b48e-557933dd8212,EMP0148,Worker_0148,RFID000148,Stores,WS-01,AFTERNOON,3,2026-10-03T13:56:54,OK,OK,36.22,81.2,96.9,0.405,41.8,MODERATE
564b49b6-ff91-489c-b85c-84d52de22c17,EMP0923,Worker_0923,RFID000923,Assembly,WS-10,AFTERNOON,3,2026-10-03T13:56:56,HAPPY,OK,36.41,67.1,97.9,0.373,13.57,LOW
2d32464b-d98f-4b54-8c0b-0fae1762112b,EMP0589,Worker_0589,RFID000589,Cutting,WS-05,AFTERNOON,3,2026-10-03T13:56:57,HAPPY,HAPPY,36.59,74.4,99.1,0.302,14.34,LOW
f1547d62-a900-48ef-a84c-31c509030f29,EMP0402,Worker_0402,RFID000402,Maintenance,WS-06,AFTERNOON,3,2026-10-03T13:57:00,SAD,HAPPY,36.59,82.1,97.2,0.337,69.99,HIGH
81a8f573-ab20-48a6-b962-becf64df1fc8,EMP0728,Worker_0728,RFID000728,Cutting,WS-02,AFTERNOON,3,2026-10-03T13:57:48,OK,HAPPY,36.68,89.5,97.2,0.351,40.48,MODERATE
afb56f2e-6909-4746-b82b-b83a0caace02,EMP0025,Worker_0025,RFID000025,Stores,WS-02,AFTERNOON,3,2026-10-03T13:58:08,SAD,SAD,36.54,82.8,97.4,0.402,88.86,HIGH
34e78298-2fab-4eee-801a-798e3903092a,EMP0639,Worker_0639,RFID000639,Packaging,WS-01,AFTERNOON,3,2026-10-03T13:58:25,OK,HAPPY,36.35,83.3,99.0,0.253,41.19,MODERATE
19c20c83-f52e-4cf0-9e30-675e081e272e,EMP0519,Worker_0519,RFID000519,Maintenance,WS-09,AFTERNOON,3,2026-10-03T13:58:55,HAPPY,OK,36.51,74.7,97.3,0.11,12.43,LOW
06897c7d-ccd6-4434-bfd1-33fe7eeb3e43,EMP0375,Worker_0375,RFID000375,Maintenance,WS-03,AFTERNOON,3,2026-10-03T13:59:14,HAPPY,SAD,36.6,77.6,96.3,0.166,5.46,LOW
0a39bb25-309b-4c2a-a7f2-5a4ba331eff1,EMP0667,Worker_0667,RFID000667,Assembly,WS-02,AFTERNOON,3,2026-10-03T13:59:20,HAPPY,HAPPY,36.59,74.7,97.3,0.198,9.49,LOW
3b4413b4-749c-4e9a-a729-7f159163d3fa,EMP0918,Worker_0918,RFID000918,Assembly,WS-06,AFTERNOON,3,2026-10-03T13:59:29,HAPPY,HAPPY,36.53,68.3,97.4,0.361,14.32,LOW
77c9bfb3-4220-4a3e-b4a4-5abcacb191b3,EMP0368,Worker_0368,RFID000368,Finishing,WS-03,AFTERNOON,3,2026-10-03T13:59:31,SAD,HAPPY,36.58,91.6,97.2,0.412,87.57,HIGH
0e1649c4-d258-4ab7-8cd0-3d8b438c2059,EMP0802,Worker_0802,RFID000802,Finishing,WS-02,AFTERNOON,3,2026-10-03T13:59:59,OK,HAPPY,36.91,83.7,98.5,0.223,33.26,LOW
8c9f4654-79fe-41ab-80ae-50e2ad430e57,EMP0922,Worker_0922,RFID000922,Assembly,WS-09,AFTERNOON,3,2026-10-03T13:59:59,OK,HAPPY,36.45,71.4,97.0,0.274,33.56,LOW
8549d141-7cb2-40ef-9208-4f5893c37aa7,EMP0594,Worker_0594,RFID000594,Packaging,WS-08,AFTERNOON,3,2026-10-03T14:00:06,HAPPY,HAPPY,36.76,84.1,97.7,0.21,5.32,LOW
11eb3725-6618-4793-b520-48b3485e72d8,EMP0153,Worker_0153,RFID000153,Stores,WS-01,AFTERNOON,3,2026-10-03T14:00:48,OK,OK,36.26,74.8,98.0,0.389,35.5,MODERATE
b49f427f-66c4-4589-b2ea-39b7ee7506fa,EMP0100,Worker_0100,RFID000100,Maintenance,WS-10,AFTERNOON,3,2026-10-03T14:01:21,OK,OK,36.55,87.4,98.7,0.362,43.26,MODERATE
6704ce00-15a6-4eac-9961-8c2d118cd69f,EMP0472,Worker_0472,RFID000472,Maintenance,WS-05,AFTERNOON,3,2026-10-03T14:01:48,HAPPY,HAPPY,36.45,75.8,97.7,0.135,9.96,LOW
0342a972-d8c9-4478-9494-5b14b3e4a819,EMP0698,Worker_0698,RFID000698,Production,WS-05,AFTERNOON,3,2026-10-03T14:01:50,HAPPY,SAD,36.76,78.0,98.9,0.098,9.34,LOW
dc1d5626-7823-4e62-976f-baa69e04228d,EMP0898,Worker_0898,RFID000898,Assembly,WS-09,AFTERNOON,3,2026-10-03T14:02:06,OK,HAPPY,36.74,75.2,97.6,0.289,40.25,MODERATE
907907b8-315b-464c-9747-3a1f79dd5047,EMP0763,Worker_0763,RFID000763,Finishing,WS-02,AFTERNOON,3,2026-10-03T14:02:48,HAPPY,OK,36.28,70.5,98.3,0.302,11.35,LOW
48049833-6284-4c4c-a5ca-12d645b6f243,EMP0390,Worker_0390,RFID000390,Packaging,WS-03,AFTERNOON,3,2026-10-03T14:03:06,HAPPY,OK,36.5,71.6,99.4,0.264,13.13,LOW
863ebd67-461e-4cdd-857e-f085a913c46f,EMP0408,Worker_0408,RFID000408,Quality,WS-07,AFTERNOON,3,2026-10-03T14:03:07,HAPPY,HAPPY,36.52,70.6,97.9,0.397,11.28,LOW
9c76402b-34ad-43df-8ef5-98e6ce886b88,EMP0474,Worker_0474,RFID000474,Maintenance,WS-05,AFTERNOON,3,2026-10-03T14:03:16,HAPPY,OK,36.51,78.8,98.0,0.204,12.68,LOW
b64b1b53-06bf-4bde-86bf-e0fda6b14798,EMP0091,Worker_0091,RFID000091,Packaging,WS-05,AFTERNOON,3,2026-10-03T14:03:21,SAD,SAD,36.55,94.4,98.4,0.543,90.0,HIGH
846cc363-fcec-4f37-a24a-e2f2cd8783f2,EMP0244,Worker_0244,RFID000244,Packaging,WS-03,AFTERNOON,3,2026-10-03T14:04:06,HAPPY,HAPPY,36.56,77.8,98.1,0.197,9.48,LOW
e3e47f93-8c5f-4390-a6f4-f35b17a649b8,EMP0436,Worker_0436,RFID000436,Production,WS-03,AFTERNOON,3,2026-10-03T14:04:06,OK,SAD,36.84,83.4,99.3,0.226,41.1,MODERATE
49d29024-e72c-4c61-bff7-579c301d61fa,EMP0352,Worker_0352,RFID000352,Assembly,WS-05,AFTERNOON,3,2026-10-03T14:04:14,HAPPY,HAPPY,36.4,76.3,98.6,0.142,6.75,LOW
19c082ea-52d1-45d0-a815-f71e4d5bbdf1,EMP0856,Worker_0856,RFID000856,Finishing,WS-08,AFTERNOON,3,2026-10-03T14:04:35,HAPPY,HAPPY,36.13,70.8,98.0,0.18,11.67,LOW
534f3c99-d640-4af1-9506-5f0ca0b52107,EMP0650,Worker_0650,RFID000650,Assembly,WS-05,AFTERNOON,3,2026-10-03T14:04:43,OK,OK,36.42,73.7,98.2,0.163,36.43,MODERATE
258436e3-ff0e-4662-8fb2-e2a5bbe6c10b,EMP0449,Worker_0449,RFID000449,Cutting,WS-06,AFTERNOON,3,2026-10-03T14:04:52,SAD,SAD,36.5,87.5,97.8,0.339,84.24,HIGH
9ad599ea-2b9b-4205-95d6-3c757c353fd0,EMP0894,Worker_0894,RFID000894,Assembly,WS-02,AFTERNOON,3,2026-10-03T14:05:18,OK,OK,36.89,80.8,98.3,0.327,37.78,MODERATE
a27643c3-b42b-48a8-92c6-1c509dda79c1,EMP0700,Worker_0700,RFID000700,Packaging,WS-07,AFTERNOON,3,2026-10-03T14:05:30,HAPPY,HAPPY,36.2,70.3,99.6,0.296,10.53,LOW
bb293b0c-5851-4641-a809-07790bae5841,EMP0157,Worker_0157,RFID000157,Assembly,WS-03,AFTERNOON,3,2026-10-03T14:06:08,SAD,OK,36.85,79.3,97.5,0.349,70.28,HIGH
2429cfef-6863-4c59-8472-992b1f2a8382,EMP0692,Worker_0692,RFID000692,Production,WS-05,AFTERNOON,3,2026-10-03T14:06:25,HAPPY,OK,36.35,71.5,98.0,0.35,5.61,LOW
c9906dc8-1143-4349-acb8-6b4f63f44b9b,EMP0374,Worker_0374,RFID000374,Finishing,WS-08,AFTERNOON,3,2026-10-03T14:06:27,HAPPY,HAPPY,36.65,69.4,97.3,0.223,14.8,LOW
b5b64cc0-9d02-4144-b775-b3571b8980b4,EMP0523,Worker_0523,RFID000523,Production,WS-09,AFTERNOON,3,2026-10-03T14:06:42,OK,SAD,36.65,84.5,97.4,0.335,36.7,MODERATE
cb4fe399-aa90-4b90-9c7a-6099f1660796,EMP0690,Worker_0690,RFID000690,Assembly,WS-05,AFTERNOON,3,2026-10-03T14:06:43,OK,OK,36.22,73.3,97.3,0.302,42.89,MODERATE
34db45ee-bae0-43fe-aa80-f3366f2f2d7a,EMP0909,Worker_0909,RFID000909,Finishing,WS-04,AFTERNOON,3,2026-10-03T14:06:49,OK,SAD,36.7,77.2,97.3,0.366,34.27,LOW
f281ee6d-1b02-41db-96a1-6ff5f21a4f71,EMP0010,Worker_0010,RFID000010,Packaging,WS-06,AFTERNOON,3,2026-10-03T14:07:20,HAPPY,HAPPY,36.68,80.1,97.7,0.05,7.59,LOW
30bdeb09-499c-4d60-8fe2-1c4ae2f263ca,EMP0677,Worker_0677,RFID000677,Cutting,WS-10,AFTERNOON,3,2026-10-03T14:07:20,HAPPY,OK,36.62,80.8,98.8,0.35,11.73,LOW
96c91138-23f1-43f6-870c-2b4ed1b61be6,EMP0867,Worker_0867,RFID000867,Finishing,WS-02,AFTERNOON,3,2026-10-03T14:07:52,HAPPY,HAPPY,36.43,85.6,98.3,0.3,18.86,LOW
cf070445-cd5f-44a0-b756-5a42e3f088c5,EMP0372,Worker_0372,RFID000372,Stores,WS-05,AFTERNOON,3,2026-10-03T14:08:14,HAPPY,OK,36.53,72.9,98.0,0.218,7.24,LOW
c3c40bb0-4f69-4453-b579-42c80600a648,EMP0853,Worker_0853,RFID000853,Production,WS-05,AFTERNOON,3,2026-10-03T14:08:16,OK,OK,36.68,77.9,98.5,0.319,38.19,MODERATE
b0f218f8-041b-4513-98d8-12d547a64c6d,EMP0525,Worker_0525,RFID000525,Stores,WS-09,AFTERNOON,3,2026-10-03T14:08:27,HAPPY,SAD,36.43,80.4,97.7,0.253,13.48,LOW
89667210-1517-4382-848c-9e8c5e778761,EMP0004,Worker_0004,RFID000004,Quality,WS-07,AFTERNOON,3,2026-10-03T14:08:37,HAPPY,HAPPY,36.12,78.9,99.4,0.182,5.28,LOW
b69c38fb-42c2-40d1-8903-1d587b8e9834,EMP0301,Worker_0301,RFID000301,Stores,WS-05,AFTERNOON,3,2026-10-03T14:08:46,HAPPY,HAPPY,36.17,82.0,99.3,0.333,8.22,LOW
3d747989-7692-44fe-bc97-04afbcf885f8,EMP0708,Worker_0708,RFID000708,Finishing,WS-08,AFTERNOON,3,2026-10-03T14:09:14,HAPPY,HAPPY,36.18,70.8,97.7,0.322,12.05,LOW
7456b7db-2723-4452-89ec-41dae8a1ccae,EMP0560,Worker_0560,RFID000560,Finishing,WS-06,AFTERNOON,3,2026-10-03T14:09:28,HAPPY,HAPPY,36.44,72.9,97.7,0.217,12.44,LOW
29e65786-b4be-43ec-abc3-468de79fb563,EMP0335,Worker_0335,RFID000335,Stores,WS-10,AFTERNOON,3,2026-10-03T14:09:52,SAD,SAD,36.36,97.9,97.0,0.502,90.52,HIGH
25d80d98-471c-4866-993d-222618386491,EMP0142,Worker_0142,RFID000142,Maintenance,WS-10,AFTERNOON,3,2026-10-03T14:10:26,HAPPY,OK,36.53,72.2,98.5,0.304,7.78,LOW
ff28b88c-2c69-4e00-b187-7f87cff3c05d,EMP0724,Worker_0724,RFID000724,Packaging,WS-09,AFTERNOON,3,2026-10-03T14:10:36,OK,OK,36.54,71.2,98.7,0.293,37.65,MODERATE
a9ddf5a6-6aa8-41fe-bdef-9430b6e8ec14,EMP0533,Worker_0533,RFID000533,Packaging,WS-09,AFTERNOON,3,2026-10-03T14:10:46,OK,OK,36.58,76.0,98.9,0.331,34.79,LOW
caf307b0-e818-4871-a5c0-50bd9f74ee7d,EMP0067,Worker_0067,RFID000067,Finishing,WS-10,AFTERNOON,3,2026-10-03T14:10:56,OK,OK,36.87,83.3,98.3,0.376,40.42,MODERATE
2b2e6f9f-2cec-4627-bf4f-6aaa8668679a,EMP0886,Worker_0886,RFID000886,Assembly,WS-07,AFTERNOON,3,2026-10-03T14:11:14,OK,OK,36.3,82.4,98.4,0.408,42.05,MODERATE
ca4718bc-ee18-4a32-9097-94dcadba0b6a,EMP0996,Worker_0996,RFID000996,Finishing,WS-04,AFTERNOON,3,2026-10-03T14:11:21,HAPPY,HAPPY,36.4,78.9,97.9,0.118,14.87,LOW
8d386b75-2778-431d-91be-bcab1d148040,EMP0029,Worker_0029,RFID000029,Quality,WS-05,AFTERNOON,3,2026-10-03T14:11:32,OK,SAD,36.79,81.9,96.9,0.417,37.24,MODERATE
27428b07-6d31-4a69-a82d-e9eaeb6506a4,EMP0220,Worker_0220,RFID000220,Stores,WS-08,AFTERNOON,3,2026-10-03T14:11:46,HAPPY,HAPPY,36.69,66.6,97.8,0.314,13.23,LOW
30569076-d6a4-473f-8f8b-dc181da70d8c,EMP0743,Worker_0743,RFID000743,Maintenance,WS-04,AFTERNOON,3,2026-10-03T14:12:00,OK,OK,36.13,83.5,98.0,0.112,42.31,MODERATE
697833d2-0ca7-43b2-ad69-0448f26feef5,EMP0960,Worker_0960,RFID000960,Production,WS-01,AFTERNOON,3,2026-10-03T14:12:07,HAPPY,OK,36.5,73.1,97.6,0.262,11.71,LOW
3d79354a-ec03-4554-a0a1-ddd5854da1c6,EMP0184,Worker_0184,RFID000184,Assembly,WS-02,AFTERNOON,3,2026-10-03T14:13:01,SAD,OK,36.67,89.1,97.8,0.513,77.09,HIGH
4f2c2764-bd85-4edc-9eb1-64358ac81d35,EMP0357,Worker_0357,RFID000357,Stores,WS-01,AFTERNOON,3,2026-10-03T14:13:15,OK,SAD,36.41,82.8,97.8,0.328,35.0,MODERATE
1b5a0825-9b88-4515-8858-baeb1aa80bc8,EMP0588,Worker_0588,RFID000588,Cutting,WS-03,AFTERNOON,3,2026-10-03T14:13:23,SAD,OK,36.94,84.1,97.8,0.421,75.85,HIGH
92a4b576-9ee7-48dc-9a02-b9e5b625b16f,EMP0081,Worker_0081,RFID000081,Assembly,WS-03,AFTERNOON,3,2026-10-03T14:13:40,OK,HAPPY,36.35,95.0,97.2,0.269,47.66,MODERATE
7a06c49b-63fd-4687-aea8-7e120dccb280,EMP0988,Worker_0988,RFID000988,Cutting,WS-09,AFTERNOON,3,2026-10-03T14:13:44,HAPPY,OK,36.38,65.1,97.8,0.254,9.18,LOW
ea203d80-8b89-41e2-9e33-e14329130418,EMP0399,Worker_0399,RFID000399,Production,WS-09,AFTERNOON,3,2026-10-03T14:13:47,OK,HAPPY,36.59,86.5,98.1,0.367,37.91,MODERATE
986c3de5-3765-4655-b80f-106512914f42,EMP0389,Worker_0389,RFID000389,Cutting,WS-07,AFTERNOON,3,2026-10-03T14:14:33,HAPPY,HAPPY,36.57,73.4,99.1,0.19,5.74,LOW
3f7e9a42-c631-482d-b298-a9b3f39c4406,EMP0266,Worker_0266,RFID000266,Stores,WS-08,AFTERNOON,3,2026-10-03T14:14:40,OK,SAD,36.71,66.6,97.1,0.367,38.83,MODERATE
626f0045-eb6f-4023-b0f6-c0d04cec7276,EMP0709,Worker_0709,RFID000709,Maintenance,WS-07,AFTERNOON,3,2026-10-03T14:14:51,OK,OK,36.5,64.2,97.4,0.268,34.85,LOW
969ad5b5-2ecb-432a-aad8-596b6b0bf694,EMP0627,Worker_0627,RFID000627,Quality,WS-06,AFTERNOON,3,2026-10-03T14:15:32,OK,HAPPY,36.62,73.5,97.7,0.407,46.13,MODERATE
ef7b7a0f-ae73-46ce-ab46-c337b7b59337,EMP0983,Worker_0983,RFID000983,Maintenance,WS-10,AFTERNOON,3,2026-10-03T14:15:35,HAPPY,OK,36.24,70.0,98.0,0.088,13.12,LOW
2752d9b8-d3bb-4413-8d4a-f3589b55154b,EMP0503,Worker_0503,RFID000503,Quality,WS-01,AFTERNOON,3,2026-10-03T14:15:39,HAPPY,HAPPY,36.54,77.0,97.8,0.248,9.21,LOW
38d21b26-3061-45ca-a33d-5fed2771113c,EMP0930,Worker_0930,RFID000930,Maintenance,WS-03,AFTERNOON,3,2026-10-03T14:15:42,HAPPY,OK,36.55,73.4,98.0,0.106,13.52,LOW
55f63e3e-2fd2-439d-b534-7e54ee21c21b,EMP0647,Worker_0647,RFID000647,Maintenance,WS-07,AFTERNOON,3,2026-10-03T14:15:55,HAPPY,HAPPY,36.33,77.1,98.0,0.173,14.37,LOW
29579738-ed25-4da3-ad73-5f2110b60937,EMP0303,Worker_0303,RFID000303,Maintenance,WS-07,AFTERNOON,3,2026-10-03T14:15:56,SAD,HAPPY,36.83,92.0,97.2,0.349,84.33,HIGH
7adb29ac-1045-4d51-a38b-beacb5c7ecbb,EMP0601,Worker_0601,RFID000601,Packaging,WS-09,AFTERNOON,3,2026-10-03T14:16:20,OK,OK,36.59,71.0,98.2,0.309,33.59,LOW
4b8f15dc-8c70-4121-a485-bbea3add9b24,EMP0732,Worker_0732,RFID000732,Finishing,WS-08,AFTERNOON,3,2026-10-03T14:16:25,HAPPY,OK,36.66,84.4,98.1,0.164,7.08,LOW
92fa63f7-fdf9-438c-8beb-b5fbd8054079,EMP0520,Worker_0520,RFID000520,Cutting,WS-02,AFTERNOON,3,2026-10-03T14:16:43,SAD,HAPPY,36.55,80.1,96.9,0.538,75.67,HIGH
d8621ac5-2f4f-4dca-aa71-71b188da3185,EMP0780,Worker_0780,RFID000780,Assembly,WS-09,AFTERNOON,3,2026-10-03T14:16:51,OK,HAPPY,36.31,78.2,96.6,0.263,35.8,MODERATE
65e54f37-b260-4a17-9a65-410cfcb97429,EMP0764,Worker_0764,RFID000764,Cutting,WS-02,AFTERNOON,3,2026-10-03T14:17:03,HAPPY,SAD,36.66,76.2,99.1,0.354,10.09,LOW
dfc5f17d-a9ea-4553-8659-bdbad1cd9b9d,EMP0231,Worker_0231,RFID000231,Assembly,WS-02,AFTERNOON,3,2026-10-03T14:17:10,OK,OK,36.87,77.8,98.7,0.317,42.13,MODERATE
a5fb5f2c-1fd9-42b7-a3e3-6588d0dd6fea,EMP0055,Worker_0055,RFID000055,Cutting,WS-10,AFTERNOON,3,2026-10-03T14:17:16,SAD,OK,36.34,83.7,97.4,0.576,80.27,HIGH
bd145338-9778-4a14-8d64-b376e4c31f34,EMP0057,Worker_0057,RFID000057,Assembly,WS-05,AFTERNOON,3,2026-10-03T14:17:30,HAPPY,OK,36.63,65.0,97.8,0.429,14.51,LOW
b4d96a17-7b0b-44a1-bce1-0d6f71f526e5,EMP0169,Worker_0169,RFID000169,Stores,WS-10,AFTERNOON,3,2026-10-03T14:17:48,HAPPY,HAPPY,36.74,75.7,97.1,0.317,14.48,LOW
1005807b-225c-4e27-9dfd-1a2ed49cce7e,EMP0653,Worker_0653,RFID000653,Assembly,WS-04,AFTERNOON,3,2026-10-03T14:17:55,OK,SAD,36.37,65.2,98.0,0.411,43.05,MODERATE
0f16d161-aa14-47fb-b7c9-2153b6241fd9,EMP0590,Worker_0590,RFID000590,Production,WS-07,AFTERNOON,3,2026-10-03T14:18:00,HAPPY,HAPPY,36.61,78.4,98.4,0.243,7.25,LOW
30f77d73-8b9c-49d5-aa56-59c1d018ef0d,EMP0749,Worker_0749,RFID000749,Maintenance,WS-09,AFTERNOON,3,2026-10-03T14:18:04,HAPPY,HAPPY,36.5,75.6,96.9,0.144,12.84,LOW
f6f6fcc4-8800-4ec2-b292-e64ec3d8f4f1,EMP0318,Worker_0318,RFID000318,Assembly,WS-09,AFTERNOON,3,2026-10-03T14:18:07,HAPPY,OK,36.41,80.2,99.2,0.32,11.71,LOW
f4a1dd10-8574-490f-be65-6a93581fcc8b,EMP0295,Worker_0295,RFID000295,Cutting,WS-09,AFTERNOON,3,2026-10-03T14:18:20,SAD,SAD,36.94,82.4,98.0,0.509,87.64,HIGH
7f84e70b-8927-4935-8475-b5c6a55d44e3,EMP0712,Worker_0712,RFID000712,Production,WS-09,AFTERNOON,3,2026-10-03T14:18:31,OK,OK,36.47,71.9,98.3,0.412,41.07,MODERATE
96b132c4-a465-47c3-930d-becc425d00be,EMP0363,Worker_0363,RFID000363,Packaging,WS-04,AFTERNOON,3,2026-10-03T14:18:37,HAPPY,OK,36.49,79.8,98.3,0.293,6.51,LOW
386fd7f9-5ec4-4504-9032-d865e8c606b0,EMP0975,Worker_0975,RFID000975,Cutting,WS-02,AFTERNOON,3,2026-10-03T14:18:45,HAPPY,HAPPY,36.26,77.7,98.5,0.363,13.32,LOW
e9a8d3d9-b5b1-4fc8-88f9-81be7d504213,EMP0008,Worker_0008,RFID000008,Cutting,WS-05,AFTERNOON,3,2026-10-03T14:18:48,OK,OK,36.66,73.2,97.4,0.232,38.01,MODERATE
2e135e0d-77e1-4c9c-8a09-f089d726e2f8,EMP0195,Worker_0195,RFID000195,Quality,WS-10,AFTERNOON,3,2026-10-03T14:18:48,HAPPY,OK,36.29,67.4,98.9,0.305,10.87,LOW
86b9e05a-fec3-4736-9e34-fde8fc889873,EMP0371,Worker_0371,RFID000371,Stores,WS-02,AFTERNOON,3,2026-10-03T14:19:42,OK,OK,36.51,85.6,98.4,0.467,48.53,MODERATE
96cee4da-2a41-4073-854c-84753d982f6f,EMP0801,Worker_0801,RFID000801,Maintenance,WS-01,AFTERNOON,3,2026-10-03T14:19:59,HAPPY,HAPPY,36.39,78.0,97.4,0.395,5.39,LOW
601f1513-317f-4908-aab4-eb189f728773,EMP0095,Worker_0095,RFID000095,Quality,WS-05,AFTERNOON,3,2026-10-03T14:20:00,SAD,OK,36.48,78.1,97.8,0.781,82.21,HIGH
1c49f8ac-865f-43a0-ab43-211f3d6bfeff,EMP0358,Worker_0358,RFID000358,Cutting,WS-08,AFTERNOON,3,2026-10-03T14:20:11,OK,SAD,36.69,73.9,97.3,0.286,40.61,MODERATE
df68b3d7-dee7-441a-bca6-021b5883935e,EMP0532,Worker_0532,RFID000532,Maintenance,WS-04,AFTERNOON,3,2026-10-03T14:20:14,OK,OK,36.31,92.5,99.1,0.136,44.83,MODERATE
0ef93711-1462-4e96-a23a-5d0f306cefd8,EMP0950,Worker_0950,RFID000950,Maintenance,WS-03,AFTERNOON,3,2026-10-03T14:20:19,OK,HAPPY,36.86,79.4,97.7,0.241,42.02,MODERATE
a5fb90ec-b362-4455-bbc4-a63f6498690e,EMP0072,Worker_0072,RFID000072,Production,WS-10,AFTERNOON,3,2026-10-03T14:20:20,HAPPY,OK,36.12,75.3,97.9,0.231,10.65,LOW
cc31af31-7ff0-4704-8b57-2186253826d1,EMP0925,Worker_0925,RFID000925,Stores,WS-04,AFTERNOON,3,2026-10-03T14:20:26,SAD,SAD,36.55,80.8,97.2,0.544,82.97,HIGH
d9f93d5a-556f-4bf6-ad60-ce4cf3577cb4,EMP0600,Worker_0600,RFID000600,Production,WS-03,AFTERNOON,3,2026-10-03T14:20:27,HAPPY,OK,36.35,69.7,97.8,0.289,10.21,LOW
4c9e008e-8d00-4ff2-b8e5-f13df22434bf,EMP0608,Worker_0608,RFID000608,Maintenance,WS-02,AFTERNOON,3,2026-10-03T14:20:43,HAPPY,HAPPY,36.76,66.7,98.4,0.336,6.22,LOW
fe067f98-fe5d-4330-a57c-e1b351397b31,EMP0877,Worker_0877,RFID000877,Packaging,WS-01,AFTERNOON,3,2026-10-03T14:20:49,OK,OK,36.33,75.6,98.9,0.249,37.52,MODERATE
03ba1bdc-fc9b-41ad-88f2-6d3f634ed393,EMP0501,Worker_0501,RFID000501,Assembly,WS-10,AFTERNOON,3,2026-10-03T14:20:57,SAD,OK,36.46,86.5,95.6,0.501,78.62,HIGH
f7445dd7-876d-484c-801b-9a0da75b4fcb,EMP0207,Worker_0207,RFID000207,Finishing,WS-10,AFTERNOON,3,2026-10-03T14:21:15,OK,HAPPY,36.67,76.5,98.5,0.407,40.58,MODERATE
a4306e45-47ee-4b9d-8bce-39d3e86c671b,EMP0466,Worker_0466,RFID000466,Stores,WS-04,AFTERNOON,3,2026-10-03T14:21:48,HAPPY,HAPPY,36.65,69.9,97.8,0.306,12.92,LOW
ec46b6a4-bc12-4b03-8ebf-1e78c118eab4,EMP0979,Worker_0979,RFID000979,Cutting,WS-02,AFTERNOON,3,2026-10-03T14:22:18,OK,HAPPY,36.75,78.6,98.4,0.312,38.02,MODERATE
06a3f97b-971b-48b0-b76a-457fe2db1d5f,EMP0607,Worker_0607,RFID000607,Packaging,WS-06,AFTERNOON,3,2026-10-03T14:22:29,SAD,OK,36.49,82.9,97.1,0.505,73.38,HIGH
2419acc9-fa10-4af1-8948-1d2d113b6e42,EMP0223,Worker_0223,RFID000223,Stores,WS-06,AFTERNOON,3,2026-10-03T14:22:41,HAPPY,OK,36.63,73.7,98.4,0.269,7.89,LOW
a61ddf42-349d-42e4-89ea-af510d8c1fa8,EMP0289,Worker_0289,RFID000289,Packaging,WS-04,AFTERNOON,3,2026-10-03T14:22:51,OK,HAPPY,36.34,78.9,96.8,0.426,40.21,MODERATE
02ca44a3-3653-4349-ae48-b9a3a4a4ecab,EMP0761,Worker_0761,RFID000761,Finishing,WS-07,AFTERNOON,3,2026-10-03T14:22:54,OK,SAD,36.51,72.8,97.9,0.312,34.69,LOW
fe3d2919-aa21-4f35-beff-08ca65b65b88,EMP0858,Worker_0858,RFID000858,Quality,WS-10,AFTERNOON,3,2026-10-03T14:23:15,SAD,OK,36.96,99.7,96.5,0.727,87.28,HIGH
5b8eb564-5e81-4593-9c3c-758afe88b96f,EMP0860,Worker_0860,RFID000860,Quality,WS-04,AFTERNOON,3,2026-10-03T14:23:35,HAPPY,OK,36.34,73.3,97.8,0.211,9.71,LOW
522ba3c2-2641-45b5-92a1-2342c6ef271d,EMP0047,Worker_0047,RFID000047,Production,WS-06,AFTERNOON,3,2026-10-03T14:23:40,OK,HAPPY,36.37,77.3,97.7,0.34,42.35,MODERATE
da5c5378-d0ae-4e4c-bad0-47d572e4784d,EMP0567,Worker_0567,RFID000567,Finishing,WS-03,AFTERNOON,3,2026-10-03T14:24:01,HAPPY,OK,36.46,74.5,98.8,0.285,9.6,LOW
2cc5c1e8-da49-4168-8f65-c496448fe119,EMP0837,Worker_0837,RFID000837,Finishing,WS-05,AFTERNOON,3,2026-10-03T14:24:04,SAD,HAPPY,36.43,81.7,98.8,0.413,75.16,HIGH
dc03f79b-885f-483f-b301-d53d7f5f755b,EMP0027,Worker_0027,RFID000027,Cutting,WS-07,AFTERNOON,3,2026-10-03T14:24:08,HAPPY,HAPPY,36.73,69.2,98.2,0.315,7.84,LOW
a27ae36e-9e79-4da2-b422-fe402d417da6,EMP0215,Worker_0215,RFID000215,Finishing,WS-05,AFTERNOON,3,2026-10-03T14:24:20,HAPPY,OK,36.48,66.6,98.4,0.335,11.24,LOW
c41a1013-d86e-4310-9d24-b83daa4c0532,EMP0954,Worker_0954,RFID000954,Cutting,WS-08,AFTERNOON,3,2026-10-03T14:24:30,OK,OK,36.5,80.7,97.8,0.261,40.89,MODERATE
cd84290d-ccff-4b8b-abdf-554ae55f4262,EMP0826,Worker_0826,RFID000826,Packaging,WS-08,AFTERNOON,3,2026-10-03T14:24:49,HAPPY,OK,36.43,82.7,97.5,0.184,7.16,LOW
cb7cfa41-a4f7-45a8-bcda-ef86f3955b0a,EMP0151,Worker_0151,RFID000151,Quality,WS-10,AFTERNOON,3,2026-10-03T14:24:51,HAPPY,OK,36.69,65.9,97.0,0.189,5.34,LOW
b67d7a4c-2975-4661-aa51-ceb1dce547ff,EMP0915,Worker_0915,RFID000915,Stores,WS-01,AFTERNOON,3,2026-10-03T14:25:16,HAPPY,HAPPY,36.22,64.7,98.6,0.22,12.47,LOW
59f16b9a-2bd5-40cc-9623-4938fdf5497c,EMP0902,Worker_0902,RFID000902,Assembly,WS-02,AFTERNOON,3,2026-10-03T14:25:55,SAD,OK,36.68,76.9,97.5,0.463,73.81,HIGH
bbcb4ccb-8b71-440e-bb04-f8ddc865b60b,EMP0250,Worker_0250,RFID000250,Packaging,WS-10,AFTERNOON,3,2026-10-03T14:26:06,OK,HAPPY,36.68,79.7,97.3,0.315,39.88,MODERATE
e681e4a5-d8df-450d-ab6a-cdc63142d992,EMP0618,Worker_0618,RFID000618,Finishing,WS-07,AFTERNOON,3,2026-10-03T14:26:07,OK,OK,36.72,73.6,96.6,0.458,39.29,MODERATE
5c1d9fc6-463f-46c7-8c6e-2a4f1a65dd05,EMP0505,Worker_0505,RFID000505,Maintenance,WS-02,AFTERNOON,3,2026-10-03T14:26:09,OK,OK,36.37,74.3,96.7,0.27,41.28,MODERATE
649044cc-6d97-47fe-a880-64fefe800395,EMP0009,Worker_0009,RFID000009,Assembly,WS-10,AFTERNOON,3,2026-10-03T14:26:13,HAPPY,HAPPY,36.47,71.7,98.1,0.128,13.17,LOW
12b61471-399a-4244-aa09-27d73fa4766d,EMP0165,Worker_0165,RFID000165,Packaging,WS-07,AFTERNOON,3,2026-10-03T14:26:15,OK,SAD,36.81,85.3,98.7,0.362,38.67,MODERATE
b0deb59b-9663-4ace-aef4-aaec160ee2df,EMP0815,Worker_0815,RFID000815,Production,WS-08,AFTERNOON,3,2026-10-03T14:26:31,HAPPY,OK,36.53,73.0,97.8,0.251,9.78,LOW
6a1c724b-41e0-43aa-86bd-b39c860ef7d4,EMP0488,Worker_0488,RFID000488,Cutting,WS-08,AFTERNOON,3,2026-10-03T14:26:32,HAPPY,HAPPY,36.12,68.6,97.8,0.238,5.43,LOW
8370cdfb-c151-4aaf-a43b-1ff455cd03c9,EMP0253,Worker_0253,RFID000253,Finishing,WS-10,AFTERNOON,3,2026-10-03T14:26:34,SAD,SAD,36.73,80.8,97.3,0.435,82.39,HIGH
c82d05c2-3fce-4bcc-90b9-9ea28834e37c,EMP0019,Worker_0019,RFID000019,Stores,WS-08,AFTERNOON,3,2026-10-03T14:26:38,HAPPY,OK,36.83,63.3,98.1,0.285,9.56,LOW
e855822c-a7c2-4907-a766-819bf98e9381,EMP0861,Worker_0861,RFID000861,Quality,WS-09,AFTERNOON,3,2026-10-03T14:27:32,HAPPY,HAPPY,36.65,76.8,98.5,0.296,14.31,LOW
61325dc3-efba-43da-ab1c-d8b4b8bd3f7c,EMP0229,Worker_0229,RFID000229,Quality,WS-06,AFTERNOON,3,2026-10-03T14:27:39,OK,SAD,36.28,77.2,97.2,0.26,40.02,MODERATE
f51dd604-5e4b-46af-b53d-056d4ee7363d,EMP0050,Worker_0050,RFID000050,Packaging,WS-05,AFTERNOON,3,2026-10-03T14:27:59,HAPPY,OK,36.7,74.8,97.5,0.145,10.29,LOW
342d03b9-a2af-4bd9-8a50-3c7f73294781,EMP0548,Worker_0548,RFID000548,Packaging,WS-09,AFTERNOON,3,2026-10-03T14:28:16,HAPPY,OK,36.6,81.2,98.1,0.293,8.33,LOW
780cabfa-953c-4f11-a743-501e2665d2a2,EMP0328,Worker_0328,RFID000328,Quality,WS-02,AFTERNOON,3,2026-10-03T14:28:25,HAPPY,HAPPY,36.42,62.1,98.7,0.202,14.42,LOW
615d1a15-c755-42b2-aa2c-f07b45b4019c,EMP0526,Worker_0526,RFID000526,Cutting,WS-06,AFTERNOON,3,2026-10-03T14:28:38,OK,SAD,36.43,85.1,97.1,0.32,45.06,MODERATE
fbbae9b8-93d3-4ffb-a66a-ef35113ea16c,EMP0617,Worker_0617,RFID000617,Maintenance,WS-03,AFTERNOON,3,2026-10-03T14:29:15,HAPPY,OK,36.45,80.8,97.7,0.252,9.37,LOW
d6dab353-51eb-407e-afff-df5d5fbe89c3,EMP0260,Worker_0260,RFID000260,Maintenance,WS-10,AFTERNOON,3,2026-10-03T14:29:29,OK,OK,36.76,74.7,98.4,0.263,35.82,MODERATE
c96b8367-7074-4980-9105-c01b9f09a14b,EMP0237,Worker_0237,RFID000237,Stores,WS-10,AFTERNOON,3,2026-10-03T14:29:51,SAD,SAD,37.08,85.6,96.0,0.62,92.97,HIGH
01869c91-064c-438d-aee2-9dff614d9e02,EMP0790,Worker_0790,RFID000790,Maintenance,WS-08,AFTERNOON,3,2026-10-03T14:30:04,SAD,HAPPY,36.86,91.2,97.4,0.371,84.1,HIGH
52bcead2-a364-4815-8e3c-ff0d17365815,EMP0138,Worker_0138,RFID000138,Stores,WS-03,AFTERNOON,3,2026-10-03T14:30:13,OK,HAPPY,36.36,69.9,98.2,0.228,39.84,MODERATE
8ebeab09-8430-4174-beb1-aa3f1bd8b13e,EMP0482,Worker_0482,RFID000482,Stores,WS-05,AFTERNOON,3,2026-10-03T14:30:13,HAPPY,OK,36.41,68.1,97.4,0.155,6.9,LOW
1641f115-b4da-49be-913e-81bb382c383d,EMP0805,Worker_0805,RFID000805,Quality,WS-01,AFTERNOON,3,2026-10-03T14:30:15,SAD,OK,36.82,90.2,97.6,0.635,91.66,HIGH
7bd8deff-c6f0-4585-a33f-b45dedcc95b2,EMP0480,Worker_0480,RFID000480,Finishing,WS-03,AFTERNOON,3,2026-10-03T14:30:26,OK,SAD,36.72,81.7,98.2,0.445,42.67,MODERATE
818e367a-47b3-45d8-9758-9f3da3ef1734,EMP0850,Worker_0850,RFID000850,Assembly,WS-08,AFTERNOON,3,2026-10-03T14:30:50,HAPPY,SAD,36.48,80.6,98.7,0.204,7.35,LOW
77bfa9ba-f694-4819-886e-3eb95d518e48,EMP0355,Worker_0355,RFID000355,Stores,WS-03,AFTERNOON,3,2026-10-03T14:30:53,SAD,OK,36.64,86.0,97.2,0.406,82.42,HIGH
7fc0305f-140f-4de6-a493-ef2c3f95413d,EMP0819,Worker_0819,RFID000819,Packaging,WS-01,AFTERNOON,3,2026-10-03T14:31:00,HAPPY,HAPPY,36.31,74.9,97.1,0.188,11.34,LOW
7e40a648-1e91-45d7-b1a8-845dcfd7e4d2,EMP0052,Worker_0052,RFID000052,Cutting,WS-06,AFTERNOON,3,2026-10-03T14:31:15,HAPPY,HAPPY,36.13,72.6,99.4,0.23,9.68,LOW
773b7f18-94f7-4a3f-b572-c45e835545de,EMP0531,Worker_0531,RFID000531,Packaging,WS-05,AFTERNOON,3,2026-10-03T14:31:33,OK,SAD,36.25,90.4,96.8,0.304,44.51,MODERATE
c987a7ac-642a-485b-9cb3-422ab519f750,EMP0758,Worker_0758,RFID000758,Production,WS-02,AFTERNOON,3,2026-10-03T14:31:44,HAPPY,HAPPY,36.38,74.4,97.3,0.25,13.53,LOW
864e46a0-9d2b-4908-8d2b-7af0d555171d,EMP0455,Worker_0455,RFID000455,Quality,WS-10,AFTERNOON,3,2026-10-03T14:31:49,OK,SAD,36.87,70.9,99.1,0.227,39.71,MODERATE
86e3fbe2-4e1a-4ff7-a7bc-f5dcca35be91,EMP0106,Worker_0106,RFID000106,Finishing,WS-05,AFTERNOON,3,2026-10-03T14:31:56,HAPPY,HAPPY,36.81,78.8,99.2,0.237,12.44,LOW
763efe61-17dc-4246-a883-11d9f90267ba,EMP0258,Worker_0258,RFID000258,Production,WS-03,AFTERNOON,3,2026-10-03T14:32:16,HAPPY,OK,36.53,71.2,99.4,0.212,11.44,LOW
9e19ea4e-f48e-4a72-bd58-c0ff0545221a,EMP0995,Worker_0995,RFID000995,Finishing,WS-10,AFTERNOON,3,2026-10-03T14:32:45,OK,OK,36.44,80.8,97.7,0.249,34.63,LOW
49de759d-31aa-435a-a7cb-d0ae65deaa5a,EMP0778,Worker_0778,RFID000778,Assembly,WS-03,AFTERNOON,3,2026-10-03T14:33:54,HAPPY,OK,36.4,80.0,98.7,0.347,6.45,LOW
ced2f66f-b35c-430c-883b-8b4c67f45473,EMP0122,Worker_0122,RFID000122,Cutting,WS-07,AFTERNOON,3,2026-10-03T14:34:16,SAD,HAPPY,36.65,90.2,98.3,0.42,79.83,HIGH
e3fc0fb2-2f1c-4829-81a4-d668cf8a2544,EMP0727,Worker_0727,RFID000727,Quality,WS-08,AFTERNOON,3,2026-10-03T14:34:25,OK,SAD,36.54,88.8,97.2,0.437,41.61,MODERATE
440281e6-82a7-48c5-89bb-b5d36568f1c4,EMP0919,Worker_0919,RFID000919,Cutting,WS-05,AFTERNOON,3,2026-10-03T14:34:46,HAPPY,SAD,36.47,71.2,97.3,0.259,13.75,LOW
dc401626-c337-45b7-89e6-cb0f5bbdb2aa,EMP0079,Worker_0079,RFID000079,Production,WS-01,AFTERNOON,3,2026-10-03T14:35:00,SAD,OK,36.46,99.1,96.6,0.361,75.59,HIGH
149c3b63-6b76-4919-88b4-7a8a4366eb76,EMP0643,Worker_0643,RFID000643,Stores,WS-01,AFTERNOON,3,2026-10-03T14:35:04,OK,OK,36.94,70.0,96.9,0.49,39.1,MODERATE
0f22ae97-1e1c-42d9-96c9-5a380243f8d1,EMP0327,Worker_0327,RFID000327,Stores,WS-06,AFTERNOON,3,2026-10-03T14:35:06,HAPPY,HAPPY,36.18,65.7,98.3,0.228,9.22,LOW
18d8b7c4-591f-40b1-bf29-9ff71389a8ed,EMP0966,Worker_0966,RFID000966,Packaging,WS-03,AFTERNOON,3,2026-10-03T14:35:23,HAPPY,OK,36.38,60.1,99.4,0.192,7.01,LOW
8e88fdc0-8830-4d7f-b65e-c654d0db8b4e,EMP0658,Worker_0658,RFID000658,Quality,WS-02,AFTERNOON,3,2026-10-03T14:35:30,HAPPY,SAD,36.35,77.1,99.3,0.269,6.68,LOW
e988a0ee-4a52-449b-ad23-dfea26ab498f,EMP0438,Worker_0438,RFID000438,Assembly,WS-06,AFTERNOON,3,2026-10-03T14:35:43,HAPPY,HAPPY,36.43,78.3,97.2,0.202,9.79,LOW
216a2b9c-663c-4da7-91eb-f7fa436531da,EMP0714,Worker_0714,RFID000714,Cutting,WS-05,AFTERNOON,3,2026-10-03T14:35:45,OK,OK,36.43,80.2,97.7,0.27,36.38,MODERATE
850050cc-7e87-4ee7-87f7-b6aaf08869cf,EMP0314,Worker_0314,RFID000314,Assembly,WS-09,AFTERNOON,3,2026-10-03T14:36:02,OK,HAPPY,36.29,65.4,97.2,0.438,42.16,MODERATE
cc9be379-b6dc-44ae-be55-793382ec446d,EMP0986,Worker_0986,RFID000986,Cutting,WS-05,AFTERNOON,3,2026-10-03T14:36:04,SAD,HAPPY,36.83,79.3,97.6,0.359,68.5,HIGH
5c4d1e64-9cdb-4738-b293-7ff8de1298d4,EMP0012,Worker_0012,RFID000012,Cutting,WS-08,AFTERNOON,3,2026-10-03T14:36:05,OK,OK,36.24,80.7,98.9,0.298,36.99,MODERATE
192dcffa-99d4-4302-b1c5-c43207aa3b7f,EMP0202,Worker_0202,RFID000202,Cutting,WS-01,AFTERNOON,3,2026-10-03T14:36:06,HAPPY,HAPPY,36.3,72.5,96.8,0.149,11.88,LOW
3bf857ee-6c66-4070-a9c9-8e8d166580db,EMP0251,Worker_0251,RFID000251,Finishing,WS-09,AFTERNOON,3,2026-10-03T14:36:15,SAD,OK,36.62,89.5,97.5,0.49,80.65,HIGH
917d21fc-8c3e-4cae-b4c0-a6b61b71db94,EMP0437,Worker_0437,RFID000437,Finishing,WS-03,AFTERNOON,3,2026-10-03T14:36:52,SAD,OK,36.49,87.6,97.4,0.451,84.27,HIGH
a0ed0c5e-c34b-467a-b97a-6f6b8aa12c62,EMP0155,Worker_0155,RFID000155,Production,WS-09,AFTERNOON,3,2026-10-03T14:37:26,HAPPY,SAD,36.68,66.6,98.0,0.343,14.95,LOW
b57b91f0-63fc-46e1-b04e-1726762824b6,EMP0733,Worker_0733,RFID000733,Assembly,WS-01,AFTERNOON,3,2026-10-03T14:37:26,OK,OK,36.63,83.7,98.5,0.335,38.66,MODERATE
1884cc27-4345-4f68-9deb-49e01d0becfe,EMP0573,Worker_0573,RFID000573,Maintenance,WS-10,AFTERNOON,3,2026-10-03T14:37:36,OK,SAD,36.28,78.2,98.2,0.185,40.97,MODERATE
eb86f537-3406-4e9b-97a0-3ab18c489199,EMP0681,Worker_0681,RFID000681,Packaging,WS-03,AFTERNOON,3,2026-10-03T14:38:15,OK,OK,36.59,66.0,97.4,0.279,38.31,MODERATE
a17575e8-8280-41b1-8bb2-be632f83fdde,EMP0443,Worker_0443,RFID000443,Assembly,WS-06,AFTERNOON,3,2026-10-03T14:38:24,SAD,OK,36.71,86.6,97.0,0.43,75.18,HIGH
ad0c3a88-c439-4f97-ab2d-287355b6a94b,EMP0844,Worker_0844,RFID000844,Assembly,WS-07,AFTERNOON,3,2026-10-03T14:38:28,HAPPY,HAPPY,36.27,77.4,97.0,0.248,7.57,LOW
bac42708-940d-41be-9b26-87571d71b535,EMP0574,Worker_0574,RFID000574,Assembly,WS-09,AFTERNOON,3,2026-10-03T14:38:38,HAPPY,SAD,36.81,74.7,96.8,0.289,10.16,LOW
338ba6e4-ac87-4354-8001-27d738635139,EMP0990,Worker_0990,RFID000990,Cutting,WS-05,AFTERNOON,3,2026-10-03T14:38:59,SAD,SAD,36.58,77.1,97.1,0.605,88.39,HIGH
bb6fd893-a692-472b-87d4-8816bf2a0ce8,EMP0970,Worker_0970,RFID000970,Quality,WS-07,AFTERNOON,3,2026-10-03T14:39:01,HAPPY,OK,36.36,80.7,98.2,0.149,10.72,LOW
1a1eaefa-b90a-4bfa-b748-dcab82b9c03e,EMP0271,Worker_0271,RFID000271,Finishing,WS-03,AFTERNOON,3,2026-10-03T14:39:19,HAPPY,HAPPY,36.56,73.1,97.8,0.13,13.65,LOW
d6e51b2f-e1d2-4e1a-ace5-2c5d8a8d34c4,EMP0234,Worker_0234,RFID000234,Quality,WS-03,AFTERNOON,3,2026-10-03T14:39:23,HAPPY,OK,36.8,74.6,96.9,0.3,14.67,LOW
42339b73-e869-407d-82ae-a827827c7e93,EMP0211,Worker_0211,RFID000211,Stores,WS-04,AFTERNOON,3,2026-10-03T14:39:24,SAD,SAD,36.96,95.1,97.1,0.464,92.81,HIGH
37cbde3d-81d0-4099-9f62-d6a30e6a9a0c,EMP0563,Worker_0563,RFID000563,Cutting,WS-05,AFTERNOON,3,2026-10-03T14:39:31,OK,SAD,36.43,88.1,98.7,0.387,44.39,MODERATE
69ec7258-846f-415c-83c1-f591c040e81e,EMP0518,Worker_0518,RFID000518,Finishing,WS-06,AFTERNOON,3,2026-10-03T14:39:32,HAPPY,HAPPY,36.31,77.8,98.1,0.177,14.7,LOW
cdba3fb7-ae26-43a7-9815-7e3de735c859,EMP0040,Worker_0040,RFID000040,Packaging,WS-06,AFTERNOON,3,2026-10-03T14:40:08,SAD,OK,36.82,82.5,97.6,0.578,81.53,HIGH
2268d34f-6e01-4449-ba27-7ffb7e03d072,EMP0572,Worker_0572,RFID000572,Production,WS-01,AFTERNOON,3,2026-10-03T14:40:20,OK,SAD,36.25,85.2,98.7,0.33,45.0,MODERATE
48435511-a053-44bb-bc7b-1b3df079c71f,EMP0841,Worker_0841,RFID000841,Quality,WS-06,AFTERNOON,3,2026-10-03T14:40:51,OK,OK,36.58,78.7,97.1,0.272,41.86,MODERATE
9c9050b0-1e71-4e5d-9eef-742927a3ebf4,EMP0471,Worker_0471,RFID000471,Finishing,WS-03,AFTERNOON,3,2026-10-03T14:40:56,HAPPY,HAPPY,36.45,71.2,98.1,0.129,7.41,LOW
77eca317-762e-445f-83b3-160e7a2b66a2,EMP0734,Worker_0734,RFID000734,Cutting,WS-07,AFTERNOON,3,2026-10-03T14:41:02,OK,HAPPY,36.52,74.0,97.5,0.254,38.62,MODERATE
a0ca2041-03a9-43e5-a2a8-5e4204bc8b40,EMP0827,Worker_0827,RFID000827,Finishing,WS-08,AFTERNOON,3,2026-10-03T14:41:16,HAPPY,HAPPY,36.52,61.7,97.5,0.31,8.99,LOW
5e2623ef-ceab-46e0-a365-0b1cf68a01d4,EMP0016,Worker_0016,RFID000016,Maintenance,WS-06,AFTERNOON,3,2026-10-03T14:41:33,OK,OK,36.43,71.1,97.4,0.413,45.0,MODERATE
47c1f233-00a4-433d-ba45-945223255993,EMP0899,Worker_0899,RFID000899,Stores,WS-08,AFTERNOON,3,2026-10-03T14:41:45,OK,HAPPY,36.36,79.1,97.4,0.251,41.63,MODERATE
d162d4cf-2686-4ce7-985b-b4bf5521f6e4,EMP0730,Worker_0730,RFID000730,Assembly,WS-08,AFTERNOON,3,2026-10-03T14:42:35,HAPPY,OK,36.56,77.2,98.9,0.256,10.41,LOW
0ecb80aa-4305-406c-82f6-de1fa31f23a8,EMP0162,Worker_0162,RFID000162,Production,WS-10,AFTERNOON,3,2026-10-03T14:42:36,SAD,OK,36.72,96.8,98.2,0.482,84.58,HIGH
0108a75d-da56-44e6-8837-f6e34a0fdb4c,EMP0537,Worker_0537,RFID000537,Quality,WS-02,AFTERNOON,3,2026-10-03T14:42:40,HAPPY,HAPPY,36.24,71.6,99.0,0.198,14.38,LOW
196fef25-d209-4c9c-ba22-8c296220d352,EMP0517,Worker_0517,RFID000517,Packaging,WS-08,AFTERNOON,3,2026-10-03T14:42:49,OK,OK,36.46,83.0,96.6,0.274,35.92,MODERATE
48667380-4137-44c0-8e4a-63d01ea2ca7d,EMP0383,Worker_0383,RFID000383,Maintenance,WS-02,AFTERNOON,3,2026-10-03T14:42:52,SAD,SAD,36.61,82.8,98.5,0.445,82.9,HIGH
fad79dc6-af94-4990-8738-39d4209327f1,EMP0571,Worker_0571,RFID000571,Packaging,WS-01,AFTERNOON,3,2026-10-03T14:42:55,SAD,HAPPY,36.63,84.7,97.2,0.466,74.32,HIGH
3b39e556-42d0-4518-a988-af53ea24cf0c,EMP0481,Worker_0481,RFID000481,Stores,WS-02,AFTERNOON,3,2026-10-03T14:43:23,OK,OK,36.38,72.2,98.8,0.332,41.48,MODERATE
6bab969e-b326-45d8-9e21-5edbd4a5ce7d,EMP0642,Worker_0642,RFID000642,Quality,WS-05,AFTERNOON,3,2026-10-03T14:43:30,OK,SAD,36.63,68.2,97.9,0.34,36.78,MODERATE
735b5330-cc43-4e1d-9bdd-3ecee0e9209e,EMP0263,Worker_0263,RFID000263,Quality,WS-05,AFTERNOON,3,2026-10-03T14:43:37,OK,SAD,36.9,67.5,97.7,0.335,40.04,MODERATE
672eb4cb-6b7a-48fd-b409-c851067ed6e3,EMP0596,Worker_0596,RFID000596,Cutting,WS-02,AFTERNOON,3,2026-10-03T14:43:40,OK,SAD,36.4,64.8,97.3,0.179,40.59,MODERATE
a2c2b9cd-0adc-445e-8018-fa588a313dff,EMP0706,Worker_0706,RFID000706,Maintenance,WS-10,AFTERNOON,3,2026-10-03T14:43:53,HAPPY,OK,36.25,75.7,96.6,0.272,6.0,LOW
f79a9d61-7eda-481b-a654-d063349ab1cb,EMP0224,Worker_0224,RFID000224,Stores,WS-08,AFTERNOON,3,2026-10-03T14:44:01,SAD,OK,36.79,91.9,96.8,0.563,88.94,HIGH
ec85a44d-66ce-420e-8c69-74e6dc0d37c5,EMP0415,Worker_0415,RFID000415,Packaging,WS-02,AFTERNOON,3,2026-10-03T14:44:15,OK,OK,36.7,76.2,96.9,0.203,37.19,MODERATE
2ea58ae2-f5d3-43ab-bd3e-31fd817003ff,EMP0441,Worker_0441,RFID000441,Packaging,WS-03,AFTERNOON,3,2026-10-03T14:44:29,SAD,OK,36.78,88.9,96.2,0.356,79.61,HIGH
c27b6ee0-3dcb-4b4c-a550-14c6efa3030f,EMP0781,Worker_0781,RFID000781,Finishing,WS-08,AFTERNOON,3,2026-10-03T14:44:39,HAPPY,OK,36.53,74.9,98.3,0.131,7.34,LOW
f0289c1d-19fb-44e1-a6e5-77681349a10e,EMP0145,Worker_0145,RFID000145,Quality,WS-07,AFTERNOON,3,2026-10-03T14:44:54,OK,SAD,36.73,79.1,98.5,0.356,38.05,MODERATE
f4b28c12-8804-48ad-b447-b260f9ca0a6e,EMP0806,Worker_0806,RFID000806,Production,WS-09,AFTERNOON,3,2026-10-03T14:44:56,SAD,OK,36.89,82.4,97.0,0.476,71.12,HIGH
b2c79f35-f681-47d9-a3b9-d2746fdef695,EMP0197,Worker_0197,RFID000197,Finishing,WS-04,AFTERNOON,3,2026-10-03T14:45:08,SAD,HAPPY,36.56,84.3,97.7,0.436,78.56,HIGH
cc2167cd-0742-4fe1-a4d5-a96ed0dd876a,EMP0308,Worker_0308,RFID000308,Stores,WS-03,AFTERNOON,3,2026-10-03T14:45:11,OK,SAD,36.63,72.3,97.0,0.385,36.51,MODERATE
468c9a9c-3c06-464c-900f-2b342ff4fcf5,EMP0044,Worker_0044,RFID000044,Maintenance,WS-01,AFTERNOON,3,2026-10-03T14:45:14,OK,OK,36.74,67.7,97.9,0.275,41.87,MODERATE
55fbc87f-f3ea-4c74-8e03-60b0a60e4478,EMP0874,Worker_0874,RFID000874,Cutting,WS-05,AFTERNOON,3,2026-10-03T14:45:18,HAPPY,HAPPY,36.23,77.7,99.4,0.33,8.7,LOW
8ceb1e8a-256c-4a9e-a9e2-d9127f245635,EMP0082,Worker_0082,RFID000082,Cutting,WS-07,AFTERNOON,3,2026-10-03T14:45:38,HAPPY,SAD,36.39,81.4,98.2,0.358,12.96,LOW
0a1f00bb-7874-4ffe-9036-fd8fc10d484a,EMP0753,Worker_0753,RFID000753,Quality,WS-10,AFTERNOON,3,2026-10-03T14:46:04,OK,HAPPY,36.58,86.2,98.6,0.336,40.19,MODERATE
1d9fecec-ca2f-4f13-9f0b-d2273956d0fc,EMP0625,Worker_0625,RFID000625,Packaging,WS-10,AFTERNOON,3,2026-10-03T14:46:30,HAPPY,OK,36.51,75.1,97.5,0.272,9.87,LOW
a62c56c7-dd08-4872-8b16-7db1ca75ea1a,EMP0499,Worker_0499,RFID000499,Packaging,WS-05,AFTERNOON,3,2026-10-03T14:46:51,HAPPY,HAPPY,36.6,84.1,97.6,0.196,14.15,LOW
b2690c72-2f86-4e03-8413-b6df3466bf89,EMP0756,Worker_0756,RFID000756,Finishing,WS-08,AFTERNOON,3,2026-10-03T14:47:15,SAD,OK,36.54,80.6,98.5,0.41,74.19,HIGH
b84c825b-8893-4ef9-a31b-dcc2049c9833,EMP0092,Worker_0092,RFID000092,Stores,WS-06,AFTERNOON,3,2026-10-03T14:47:30,HAPPY,HAPPY,36.4,85.4,98.3,0.107,9.13,LOW
8393ca30-b0fb-41ad-ae68-19de4be54f03,EMP0528,Worker_0528,RFID000528,Maintenance,WS-06,AFTERNOON,3,2026-10-03T14:47:38,HAPPY,OK,36.33,87.7,97.9,0.395,17.31,LOW
d989db83-b8cb-436e-ad5b-81edcdbaa745,EMP0863,Worker_0863,RFID000863,Maintenance,WS-08,AFTERNOON,3,2026-10-03T14:48:04,OK,SAD,36.77,82.8,98.2,0.38,42.0,MODERATE
cbd27821-d0ba-4d2a-a4c9-727234b2cde0,EMP0878,Worker_0878,RFID000878,Finishing,WS-10,AFTERNOON,3,2026-10-03T14:48:05,HAPPY,HAPPY,36.33,72.3,98.9,0.38,9.59,LOW
adabf5a9-6961-48ba-b387-7db019c35575,EMP0862,Worker_0862,RFID000862,Finishing,WS-06,AFTERNOON,3,2026-10-03T14:48:08,SAD,SAD,36.96,85.2,98.3,0.612,90.95,HIGH
4e35ed0d-7b68-4d31-becd-88a1316c98a5,EMP0928,Worker_0928,RFID000928,Production,WS-09,AFTERNOON,3,2026-10-03T14:48:09,OK,HAPPY,36.54,66.4,96.1,0.393,33.87,LOW
7e5592ac-27aa-4651-9663-08e105952dc2,EMP0514,Worker_0514,RFID000514,Cutting,WS-07,AFTERNOON,3,2026-10-03T14:48:14,OK,HAPPY,36.28,81.0,97.9,0.36,37.95,MODERATE
5bf5f7cd-8e17-4d2a-8abe-266549fc5f0a,EMP0585,Worker_0585,RFID000585,Assembly,WS-02,AFTERNOON,3,2026-10-03T14:48:20,HAPPY,HAPPY,36.28,76.2,98.1,0.333,10.66,LOW
74a13ace-96e9-45ab-94ae-93134d35746d,EMP0688,Worker_0688,RFID000688,Packaging,WS-04,AFTERNOON,3,2026-10-03T14:48:25,HAPPY,HAPPY,36.17,74.4,98.8,0.156,11.39,LOW
677e7c92-4ebf-437d-a76a-4e6bef292ba4,EMP0991,Worker_0991,RFID000991,Packaging,WS-01,AFTERNOON,3,2026-10-03T14:48:28,SAD,SAD,36.62,89.4,97.9,0.612,92.98,HIGH
4b5b378b-150e-4f70-a949-0eaa4c3c1852,EMP0428,Worker_0428,RFID000428,Stores,WS-10,AFTERNOON,3,2026-10-03T14:49:00,OK,SAD,36.5,84.0,96.8,0.418,45.81,MODERATE
924cb1b2-d406-4869-907a-4069f2053b2b,EMP0288,Worker_0288,RFID000288,Production,WS-01,AFTERNOON,3,2026-10-03T14:49:09,SAD,HAPPY,36.87,94.6,97.3,0.544,82.75,HIGH
7bd3cea5-a28d-4055-9fee-70ec8cc0b49e,EMP0053,Worker_0053,RFID000053,Stores,WS-01,AFTERNOON,3,2026-10-03T14:49:43,HAPPY,OK,36.82,68.7,98.0,0.341,12.44,LOW
0536ce29-626f-4e8f-91f1-0568dd917a5b,EMP0305,Worker_0305,RFID000305,Stores,WS-07,AFTERNOON,3,2026-10-03T14:49:44,SAD,SAD,37.01,77.7,97.8,0.268,80.47,HIGH
075ce6f6-078d-4663-bf01-98db8e1adf48,EMP0164,Worker_0164,RFID000164,Finishing,WS-04,AFTERNOON,3,2026-10-03T14:49:53,HAPPY,OK,36.45,78.5,98.0,0.124,10.28,LOW
03675f3a-78a9-477f-bad8-c7f91601b07f,EMP0139,Worker_0139,RFID000139,Stores,WS-09,AFTERNOON,3,2026-10-03T14:50:21,HAPPY,OK,36.29,77.3,97.6,0.279,13.24,LOW
f83a421e-2522-4fb6-bd01-13d01696cac8,EMP0870,Worker_0870,RFID000870,Cutting,WS-08,AFTERNOON,3,2026-10-03T14:50:25,OK,SAD,36.8,76.9,98.4,0.329,39.62,MODERATE
1def3fbd-ec36-41ec-a686-b8e37f3156eb,EMP0674,Worker_0674,RFID000674,Maintenance,WS-01,AFTERNOON,3,2026-10-03T14:50:32,SAD,OK,36.52,88.7,98.5,0.316,79.69,HIGH
88d53789-5046-4b6b-9078-450b28a05a84,EMP0276,Worker_0276,RFID000276,Stores,WS-04,AFTERNOON,3,2026-10-03T14:50:47,HAPPY,HAPPY,36.26,68.4,97.7,0.303,12.28,LOW
f7c602a6-dbbf-46a9-abb8-d4b0b2d68288,EMP0294,Worker_0294,RFID000294,Packaging,WS-07,AFTERNOON,3,2026-10-03T14:50:55,OK,OK,36.28,81.1,98.3,0.467,43.39,MODERATE
a337b17b-15b2-4ef4-aaaa-00441147bf41,EMP0682,Worker_0682,RFID000682,Assembly,WS-04,AFTERNOON,3,2026-10-03T14:50:56,SAD,HAPPY,36.82,89.8,96.8,0.452,81.82,HIGH
85d335f0-7fe9-4618-831c-04da4312f816,EMP0610,Worker_0610,RFID000610,Packaging,WS-08,AFTERNOON,3,2026-10-03T14:51:03,OK,OK,36.24,82.2,97.0,0.181,38.82,MODERATE
141ce9c6-2750-422c-b6f3-77a82e4e76d0,EMP0213,Worker_0213,RFID000213,Finishing,WS-03,AFTERNOON,3,2026-10-03T14:51:06,OK,HAPPY,36.11,84.9,97.9,0.291,36.2,MODERATE
8104dac3-2d27-47a8-b44f-f9784ab2befa,EMP0346,Worker_0346,RFID000346,Quality,WS-06,AFTERNOON,3,2026-10-03T14:51:09,SAD,HAPPY,36.76,82.9,96.8,0.373,75.69,HIGH
92ffe2ae-db08-4405-8df5-6f562970a2bc,EMP0176,Worker_0176,RFID000176,Cutting,WS-05,AFTERNOON,3,2026-10-03T14:51:10,SAD,OK,36.39,81.9,96.8,0.569,85.3,HIGH
644d64f6-fb11-4af4-ba44-ddb36b322448,EMP0668,Worker_0668,RFID000668,Quality,WS-09,AFTERNOON,3,2026-10-03T14:51:15,OK,HAPPY,36.58,84.4,96.9,0.29,42.63,MODERATE
b3fc68ea-42e4-4af4-b1c3-70d5b42eb287,EMP0333,Worker_0333,RFID000333,Packaging,WS-08,AFTERNOON,3,2026-10-03T14:51:35,OK,OK,36.56,75.0,98.1,0.329,37.86,MODERATE
9f798b4d-2c4d-4d1d-8386-4325752e7097,EMP0634,Worker_0634,RFID000634,Stores,WS-06,AFTERNOON,3,2026-10-03T14:51:51,OK,OK,36.39,85.2,98.7,0.425,43.4,MODERATE
7bd3fbb9-8789-4e7f-9348-8a5ae922d16a,EMP0463,Worker_0463,RFID000463,Cutting,WS-10,AFTERNOON,3,2026-10-03T14:51:52,OK,HAPPY,36.32,76.2,97.1,0.38,42.52,MODERATE
2fdb5116-cdbc-494f-8156-9a205ac7bc76,EMP0508,Worker_0508,RFID000508,Cutting,WS-06,AFTERNOON,3,2026-10-03T14:51:52,OK,OK,36.72,71.9,97.8,0.374,34.98,LOW
471159d7-adf6-4846-bce0-51c2d97643ca,EMP0440,Worker_0440,RFID000440,Cutting,WS-06,AFTERNOON,3,2026-10-03T14:52:04,HAPPY,OK,36.18,77.2,98.4,0.267,8.05,LOW
52700ad3-8047-49ca-836d-cf60295fd11e,EMP0766,Worker_0766,RFID000766,Quality,WS-03,AFTERNOON,3,2026-10-03T14:52:55,SAD,SAD,36.58,80.2,97.3,0.536,81.52,HIGH
1b1489c9-d842-4bab-8d54-ea41626d3410,EMP0857,Worker_0857,RFID000857,Finishing,WS-06,AFTERNOON,3,2026-10-03T14:52:55,HAPPY,SAD,36.76,85.6,97.0,0.219,18.88,LOW
3f314fa7-ca80-42f1-a93e-7a5f7d61b110,EMP0846,Worker_0846,RFID000846,Stores,WS-01,AFTERNOON,3,2026-10-03T14:53:28,OK,HAPPY,36.44,71.8,98.8,0.266,38.18,MODERATE
a263f885-ea1f-4062-aa8a-f2d5a824e1ee,EMP0556,Worker_0556,RFID000556,Production,WS-09,AFTERNOON,3,2026-10-03T14:53:38,SAD,HAPPY,36.62,90.3,97.6,0.381,77.8,HIGH
71e4d891-02b9-41df-ad4b-85043b929a9e,EMP0084,Worker_0084,RFID000084,Stores,WS-02,AFTERNOON,3,2026-10-03T14:54:19,OK,HAPPY,36.5,80.3,99.0,0.384,34.33,LOW
739dab37-6cee-4552-9c0a-83b6e5d12d5e,EMP0187,Worker_0187,RFID000187,Quality,WS-01,AFTERNOON,3,2026-10-03T14:54:43,OK,OK,36.5,71.8,98.7,0.264,38.24,MODERATE
b29f0c72-cc64-4e8d-8580-c06b717b214f,EMP0832,Worker_0832,RFID000832,Finishing,WS-01,AFTERNOON,3,2026-10-03T14:55:04,SAD,OK,36.35,88.2,98.5,0.626,84.96,HIGH
29e91340-6b6a-46a2-a8df-ef21eb0826c2,EMP0417,Worker_0417,RFID000417,Maintenance,WS-02,AFTERNOON,3,2026-10-03T14:55:28,HAPPY,HAPPY,36.18,64.9,99.3,0.22,12.17,LOW
1cad3f10-9bf2-42f6-8f00-603acc9d786d,EMP0274,Worker_0274,RFID000274,Cutting,WS-02,AFTERNOON,3,2026-10-03T14:55:32,OK,HAPPY,36.16,76.2,96.7,0.295,37.12,MODERATE
7ced44a5-8deb-4718-b887-322177ec8229,EMP0336,Worker_0336,RFID000336,Maintenance,WS-08,AFTERNOON,3,2026-10-03T14:55:40,HAPPY,HAPPY,36.51,80.1,97.7,0.251,14.23,LOW
ff64baac-d8b3-49e0-9990-2d46e593d27e,EMP0259,Worker_0259,RFID000259,Quality,WS-08,AFTERNOON,3,2026-10-03T14:55:59,OK,HAPPY,36.43,83.7,98.0,0.323,37.51,MODERATE
fa39e230-8f16-495f-bcde-ad300174eb99,EMP0282,Worker_0282,RFID000282,Assembly,WS-09,AFTERNOON,3,2026-10-03T14:55:59,OK,HAPPY,36.27,82.3,96.9,0.248,41.02,MODERATE
d574e4fd-7f96-422e-8790-a6d6d8f20789,EMP0064,Worker_0064,RFID000064,Packaging,WS-03,AFTERNOON,3,2026-10-03T14:57:02,HAPPY,HAPPY,36.13,80.7,98.6,0.308,12.13,LOW
9152cf56-5c6f-4e2f-8f7f-c9e0fb6fa9b4,EMP0817,Worker_0817,RFID000817,Assembly,WS-02,AFTERNOON,3,2026-10-03T14:57:11,HAPPY,OK,36.69,76.2,97.6,0.324,9.29,LOW
f3733df7-519e-4a18-9d0c-82dc05181cbf,EMP0154,Worker_0154,RFID000154,Finishing,WS-08,AFTERNOON,3,2026-10-03T14:57:24,OK,OK,36.57,78.2,96.4,0.333,41.62,MODERATE
fd769065-959e-4ab5-a148-0a924a3592ec,EMP0997,Worker_0997,RFID000997,Cutting,WS-08,AFTERNOON,3,2026-10-03T14:57:31,HAPPY,HAPPY,36.56,67.3,98.9,0.24,6.32,LOW
e6ff8407-8b95-4cd7-a5ef-bccd20ca6945,EMP0221,Worker_0221,RFID000221,Production,WS-02,AFTERNOON,3,2026-10-03T14:57:55,OK,OK,36.57,78.2,98.0,0.426,44.33,MODERATE
7987aa16-a537-4089-905b-70d42b3a2f27,EMP0146,Worker_0146,RFID000146,Quality,WS-07,AFTERNOON,3,2026-10-03T14:58:00,HAPPY,SAD,36.66,73.2,98.3,0.313,8.52,LOW
1369e021-23b2-459d-b8d4-7f99461d75e3,EMP0982,Worker_0982,RFID000982,Finishing,WS-05,AFTERNOON,3,2026-10-03T14:58:33,HAPPY,OK,36.18,69.4,98.6,0.332,8.91,LOW
007d4977-fcf1-490d-b831-8322e4646771,EMP0174,Worker_0174,RFID000174,Packaging,WS-09,AFTERNOON,3,2026-10-03T14:58:40,OK,OK,36.59,77.0,97.0,0.347,36.6,MODERATE
274875d7-1120-45a6-bacb-f25582d6f8fd,EMP0046,Worker_0046,RFID000046,Stores,WS-10,AFTERNOON,3,2026-10-03T14:59:27,HAPPY,SAD,36.43,74.7,96.8,0.209,11.2,LOW
72ad9e5a-fe2c-4f2c-84d6-8903dd168af7,EMP0205,Worker_0205,RFID000205,Packaging,WS-03,AFTERNOON,3,2026-10-03T15:00:19,HAPPY,SAD,36.52,74.1,98.1,0.118,14.18,LOW
4f4710bc-8d6a-417f-8ec8-5c950f44a2cc,EMP0775,Worker_0775,RFID000775,Finishing,WS-09,AFTERNOON,3,2026-10-03T15:00:35,HAPPY,HAPPY,36.63,69.9,99.1,0.127,12.21,LOW
52eba147-444b-4cb7-b246-1c1b432e0be8,EMP0660,Worker_0660,RFID000660,Assembly,WS-09,AFTERNOON,3,2026-10-03T15:01:06,HAPPY,HAPPY,36.5,77.4,97.8,0.336,14.97,LOW
8a7d0e25-5f69-463d-8617-45626696a7e3,EMP0767,Worker_0767,RFID000767,Stores,WS-05,AFTERNOON,3,2026-10-03T15:01:06,HAPPY,OK,36.74,70.0,97.5,0.302,11.46,LOW
36571218-cffb-4df5-a9e5-beff12b9cd21,EMP0549,Worker_0549,RFID000549,Assembly,WS-03,AFTERNOON,3,2026-10-03T15:01:07,HAPPY,OK,36.64,68.8,97.7,0.097,12.65,LOW
a3dbeef5-1a95-4e0f-bc7d-733eef874de7,EMP0675,Worker_0675,RFID000675,Maintenance,WS-09,AFTERNOON,3,2026-10-03T15:01:23,OK,OK,36.56,87.6,97.6,0.176,38.31,MODERATE
7b15c810-d0c5-4495-8c91-a031ea69bb53,EMP0396,Worker_0396,RFID000396,Assembly,WS-08,AFTERNOON,3,2026-10-03T15:01:28,SAD,OK,36.48,78.4,97.5,0.452,73.64,HIGH
6a3ffc58-0bad-46f3-9096-60aefbb772ce,EMP0812,Worker_0812,RFID000812,Assembly,WS-09,AFTERNOON,3,2026-10-03T15:01:33,OK,OK,36.68,80.6,98.2,0.391,39.92,MODERATE
c90cdd5d-908b-4680-824f-400a85930c81,EMP0935,Worker_0935,RFID000935,Quality,WS-04,AFTERNOON,3,2026-10-03T15:01:43,SAD,SAD,36.88,77.3,97.8,0.459,85.65,HIGH
430beadd-35b1-4b46-ade6-fed7fc4bd4dd,EMP0240,Worker_0240,RFID000240,Production,WS-03,AFTERNOON,3,2026-10-03T15:02:49,OK,OK,36.6,80.3,98.0,0.31,41.19,MODERATE
f8584a19-bee7-4d15-87f3-334fd4d936b9,EMP0848,Worker_0848,RFID000848,Finishing,WS-10,AFTERNOON,3,2026-10-03T15:03:09,SAD,HAPPY,36.93,87.1,97.6,0.556,86.2,HIGH
49f327de-f77a-4d28-b571-dd73ac509797,EMP0183,Worker_0183,RFID000183,Production,WS-06,AFTERNOON,3,2026-10-03T15:03:33,SAD,OK,36.64,87.2,98.4,0.365,79.24,HIGH
d396d5e4-47d2-4a7b-86e7-687dae63a6e0,EMP0349,Worker_0349,RFID000349,Cutting,WS-08,AFTERNOON,3,2026-10-03T15:03:34,HAPPY,HAPPY,36.44,73.0,98.3,0.3,6.96,LOW
eb5b2b71-29dd-46fa-8da3-b2716f9c80d9,EMP0916,Worker_0916,RFID000916,Production,WS-06,AFTERNOON,3,2026-10-03T15:03:50,HAPPY,OK,36.49,69.7,99.1,0.218,6.79,LOW
bea1ae3b-2a1c-4292-b454-d29041dfe601,EMP0387,Worker_0387,RFID000387,Quality,WS-08,AFTERNOON,3,2026-10-03T15:03:55,SAD,HAPPY,36.88,93.0,96.9,0.423,84.75,HIGH
8a5b6a3a-4c75-4dd3-a6a7-909d9fdec9a5,EMP0477,Worker_0477,RFID000477,Production,WS-08,AFTERNOON,3,2026-10-03T15:04:20,OK,HAPPY,36.29,85.1,96.7,0.267,44.75,MODERATE
0503891f-fa86-4bec-b332-960e938a523e,EMP0670,Worker_0670,RFID000670,Quality,WS-09,AFTERNOON,3,2026-10-03T15:04:40,SAD,OK,36.53,96.3,96.8,0.33,82.01,HIGH
69bb7b70-ac88-49e4-97b8-e7bd6b999a22,EMP0615,Worker_0615,RFID000615,Production,WS-09,AFTERNOON,3,2026-10-03T15:04:43,HAPPY,HAPPY,36.64,79.9,97.8,0.272,10.47,LOW
ee8ad268-273f-4cef-afe9-a326bc85f23b,EMP0760,Worker_0760,RFID000760,Maintenance,WS-09,AFTERNOON,3,2026-10-03T15:04:45,HAPPY,HAPPY,36.58,75.6,97.7,0.11,7.69,LOW
5b6272d1-b8fa-4329-8828-99c8f805ac66,EMP0385,Worker_0385,RFID000385,Packaging,WS-08,AFTERNOON,3,2026-10-03T15:05:12,HAPPY,HAPPY,36.32,69.4,98.5,0.085,12.84,LOW
3d44b119-edd0-4da9-96fc-6346af7b7033,EMP0948,Worker_0948,RFID000948,Quality,WS-01,AFTERNOON,3,2026-10-03T15:05:13,HAPPY,HAPPY,36.41,69.1,96.8,0.065,14.66,LOW
d7cf5f27-0402-40dd-9787-bbd5fcba66bb,EMP0069,Worker_0069,RFID000069,Finishing,WS-04,AFTERNOON,3,2026-10-03T15:05:30,SAD,HAPPY,36.47,87.1,97.9,0.324,78.79,HIGH
e7e42c0b-892c-459f-a9f2-cf93b172cfc7,EMP0045,Worker_0045,RFID000045,Cutting,WS-09,AFTERNOON,3,2026-10-03T15:05:46,HAPPY,OK,36.2,68.3,98.6,0.386,5.7,LOW
530089b9-af89-4007-8b4d-1a90ba03d357,EMP0179,Worker_0179,RFID000179,Packaging,WS-06,AFTERNOON,3,2026-10-03T15:05:49,SAD,HAPPY,37.0,97.8,98.4,0.304,78.49,HIGH
ca09b6df-a344-403f-a448-f13ee713c4d0,EMP0947,Worker_0947,RFID000947,Stores,WS-08,AFTERNOON,3,2026-10-03T15:06:02,OK,OK,36.61,80.8,97.7,0.244,36.14,MODERATE
5e0c9f81-8f0a-41d7-882b-e4254e91c485,EMP0373,Worker_0373,RFID000373,Production,WS-01,AFTERNOON,3,2026-10-03T15:06:40,SAD,SAD,37.0,82.3,97.2,0.401,80.88,HIGH
ebede3ad-989d-431d-b617-3879e570a946,EMP0170,Worker_0170,RFID000170,Assembly,WS-05,AFTERNOON,3,2026-10-03T15:06:44,HAPPY,SAD,36.46,76.3,98.8,0.149,10.32,LOW
980c3501-55b6-4e42-836a-6a4a75e80e3e,EMP0652,Worker_0652,RFID000652,Packaging,WS-01,AFTERNOON,3,2026-10-03T15:06:50,HAPPY,HAPPY,36.44,77.6,98.6,0.296,12.43,LOW
fb13165d-c48e-41ee-818c-28b231f28a27,EMP0644,Worker_0644,RFID000644,Quality,WS-08,AFTERNOON,3,2026-10-03T15:07:03,HAPPY,HAPPY,36.22,79.7,97.6,0.192,6.94,LOW
514c2c3f-8477-4c48-90d8-7764874e6468,EMP0545,Worker_0545,RFID000545,Maintenance,WS-01,AFTERNOON,3,2026-10-03T15:07:07,OK,OK,36.86,87.9,98.0,0.379,37.32,MODERATE
0f6c1980-c341-491d-8f15-73094cf8d185,EMP0655,Worker_0655,RFID000655,Stores,WS-09,AFTERNOON,3,2026-10-03T15:07:15,HAPPY,HAPPY,36.63,81.2,99.1,0.192,9.79,LOW
6e5b9f81-57fa-4868-9f5f-b77f10a6e66d,EMP0821,Worker_0821,RFID000821,Cutting,WS-03,AFTERNOON,3,2026-10-03T15:07:56,HAPPY,HAPPY,36.49,62.4,97.1,0.113,11.71,LOW
c688ebcb-a2dc-45a6-ad5a-428285a11a06,EMP0595,Worker_0595,RFID000595,Production,WS-03,AFTERNOON,3,2026-10-03T15:07:58,OK,HAPPY,36.62,75.3,98.9,0.411,38.59,MODERATE
96784b71-971f-4351-a3a0-bd3463361890,EMP0196,Worker_0196,RFID000196,Quality,WS-08,AFTERNOON,3,2026-10-03T15:08:07,SAD,OK,36.53,78.4,98.2,0.701,76.57,HIGH
4e06d421-eb54-45ed-8aae-673490c0166b,EMP0098,Worker_0098,RFID000098,Production,WS-03,AFTERNOON,3,2026-10-03T15:08:16,HAPPY,HAPPY,36.5,68.7,98.5,0.337,6.7,LOW
2ff7a184-c501-4f86-8e71-d92e772bbafe,EMP0083,Worker_0083,RFID000083,Maintenance,WS-10,AFTERNOON,3,2026-10-03T15:08:45,HAPPY,OK,36.63,84.6,97.5,0.211,7.26,LOW
e8932d4e-9822-4f97-95dc-69c80b23f71f,EMP0171,Worker_0171,RFID000171,Assembly,WS-06,AFTERNOON,3,2026-10-03T15:08:46,OK,HAPPY,36.51,77.8,99.1,0.307,36.15,MODERATE
e67ca4b6-e7fb-4b06-93d9-af99efb309e8,EMP0208,Worker_0208,RFID000208,Production,WS-10,AFTERNOON,3,2026-10-03T15:08:47,OK,OK,36.56,69.9,96.7,0.42,44.05,MODERATE
d5f5b5a3-2749-405a-9472-0328c610eddf,EMP0059,Worker_0059,RFID000059,Cutting,WS-09,AFTERNOON,3,2026-10-03T15:09:13,HAPPY,OK,36.39,86.9,97.2,0.33,10.68,LOW
c3908d87-dc69-4711-9e9f-d1619c079805,EMP0225,Worker_0225,RFID000225,Packaging,WS-02,AFTERNOON,3,2026-10-03T15:09:30,HAPPY,OK,36.16,64.8,98.3,0.352,14.57,LOW
7bc2e9e9-a0d2-46a7-99a2-a19e5da5644a,EMP0888,Worker_0888,RFID000888,Quality,WS-05,AFTERNOON,3,2026-10-03T15:10:33,HAPPY,HAPPY,36.67,69.8,97.1,0.382,14.53,LOW
ccd961df-4501-404a-86f4-33f5547ec2fc,EMP0476,Worker_0476,RFID000476,Packaging,WS-01,AFTERNOON,3,2026-10-03T15:11:31,HAPPY,HAPPY,36.7,78.8,98.9,0.318,14.62,LOW
01a7da2d-6e96-40a7-9f80-b7b18626480f,EMP0462,Worker_0462,RFID000462,Assembly,WS-04,AFTERNOON,3,2026-10-03T15:11:32,HAPPY,SAD,36.7,68.0,98.1,0.347,5.92,LOW
36680bb3-badf-40c7-8175-95e27fbe3ee2,EMP0089,Worker_0089,RFID000089,Maintenance,WS-09,AFTERNOON,3,2026-10-03T15:11:37,OK,OK,36.7,68.3,96.4,0.39,40.65,MODERATE
7d5bd93c-66f5-45c4-a6e9-d00a30112958,EMP0066,Worker_0066,RFID000066,Assembly,WS-08,AFTERNOON,3,2026-10-03T15:11:45,HAPPY,HAPPY,36.56,69.5,97.3,0.276,6.66,LOW
83ffe3bb-28a3-49e1-ba2f-0e58b8662698,EMP0344,Worker_0344,RFID000344,Packaging,WS-08,AFTERNOON,3,2026-10-03T15:12:04,HAPPY,HAPPY,36.56,78.2,98.5,0.314,8.18,LOW
19d57696-b7a1-4f4b-97a5-a9621da4f66c,EMP0705,Worker_0705,RFID000705,Maintenance,WS-03,AFTERNOON,3,2026-10-03T15:12:40,SAD,OK,36.35,86.5,96.5,0.488,83.11,HIGH
f2cda777-867a-4208-a679-2e9522cce768,EMP0249,Worker_0249,RFID000249,Quality,WS-02,AFTERNOON,3,2026-10-03T15:12:50,SAD,OK,36.61,96.8,97.2,0.721,86.55,HIGH
f187721d-bc4d-4fa3-9f4b-c1dc8c132444,EMP0723,Worker_0723,RFID000723,Packaging,WS-04,AFTERNOON,3,2026-10-03T15:12:52,HAPPY,OK,36.46,78.9,98.0,0.117,6.92,LOW
5c5e47f4-6028-46b7-b34f-60e195692f90,EMP0483,Worker_0483,RFID000483,Assembly,WS-08,AFTERNOON,3,2026-10-03T15:13:27,HAPPY,OK,36.41,86.7,98.6,0.324,14.52,LOW
f9b1175f-194d-486e-a0e3-235814b6e729,EMP0272,Worker_0272,RFID000272,Finishing,WS-05,AFTERNOON,3,2026-10-03T15:13:48,OK,OK,36.25,84.0,98.2,0.25,34.3,LOW
df9c9b2e-d372-47e7-9ed4-5df402ff2093,EMP0799,Worker_0799,RFID000799,Quality,WS-02,AFTERNOON,3,2026-10-03T15:13:48,HAPPY,SAD,36.4,73.9,98.8,0.348,6.87,LOW
852e0feb-eea1-46fb-ae7e-6b2eab25f9bc,EMP0341,Worker_0341,RFID000341,Cutting,WS-09,AFTERNOON,3,2026-10-03T15:14:25,SAD,OK,36.97,76.8,97.5,0.46,72.07,HIGH
8b6fe198-0d02-4222-9fd2-dd0eac4bc59c,EMP0614,Worker_0614,RFID000614,Maintenance,WS-07,AFTERNOON,3,2026-10-03T15:14:31,HAPPY,HAPPY,36.6,71.3,97.3,0.384,6.09,LOW
5683791d-ea26-4921-ab74-52c35f56f23a,EMP0962,Worker_0962,RFID000962,Assembly,WS-06,AFTERNOON,3,2026-10-03T15:14:31,HAPPY,HAPPY,36.52,81.9,97.5,0.176,11.37,LOW
77ff8f4a-90c3-449c-a160-783d78e39053,EMP0835,Worker_0835,RFID000835,Maintenance,WS-10,AFTERNOON,3,2026-10-03T15:14:33,HAPPY,OK,36.56,68.8,98.8,0.38,8.33,LOW
1f6c88d9-f657-4ecb-9964-c19f33f0cd80,EMP0511,Worker_0511,RFID000511,Finishing,WS-06,AFTERNOON,3,2026-10-03T15:15:19,SAD,SAD,36.68,92.4,97.3,0.397,85.84,HIGH
f9c20153-82d5-4559-a53c-2f77a41245b3,EMP0114,Worker_0114,RFID000114,Assembly,WS-01,AFTERNOON,3,2026-10-03T15:15:26,SAD,HAPPY,36.71,89.9,97.5,0.251,78.31,HIGH
9b2b08d5-ba7f-41ba-8ec0-f46e009fa62b,EMP0630,Worker_0630,RFID000630,Quality,WS-04,AFTERNOON,3,2026-10-03T15:15:37,OK,HAPPY,36.79,81.1,98.7,0.194,38.12,MODERATE
4ef8620f-dc84-42ed-9516-52351815fa00,EMP0791,Worker_0791,RFID000791,Finishing,WS-05,AFTERNOON,3,2026-10-03T15:15:46,HAPPY,HAPPY,36.59,72.6,96.9,0.351,9.64,LOW
3b2ab5d5-ef06-4a31-853c-d8a976f29a11,EMP0353,Worker_0353,RFID000353,Cutting,WS-10,AFTERNOON,3,2026-10-03T15:16:02,OK,HAPPY,36.53,74.2,97.8,0.274,33.85,LOW
71514f7a-0248-4a65-9e59-5ad089ad9839,EMP0407,Worker_0407,RFID000407,Packaging,WS-09,AFTERNOON,3,2026-10-03T15:16:03,OK,HAPPY,36.79,79.3,98.2,0.4,38.64,MODERATE
57294149-166a-4035-95a8-727cfbd007ce,EMP0934,Worker_0934,RFID000934,Assembly,WS-07,AFTERNOON,3,2026-10-03T15:16:10,OK,OK,36.62,92.9,99.1,0.287,42.41,MODERATE
c47c23d5-ef75-41e1-a8de-a6837ff3cc89,EMP0561,Worker_0561,RFID000561,Packaging,WS-06,AFTERNOON,3,2026-10-03T15:16:12,HAPPY,HAPPY,36.38,79.6,97.9,0.326,7.76,LOW
d204af64-69c8-445f-b889-dd20b1a682f8,EMP0924,Worker_0924,RFID000924,Packaging,WS-06,AFTERNOON,3,2026-10-03T15:16:18,OK,HAPPY,36.69,88.0,96.9,0.408,44.3,MODERATE
978efe95-091c-4fd4-a5f7-c26af4fd871a,EMP0657,Worker_0657,RFID000657,Finishing,WS-04,AFTERNOON,3,2026-10-03T15:16:29,OK,OK,36.56,76.6,98.0,0.292,37.6,MODERATE
d7cd77d2-ce71-459f-a2ec-bcdc879678df,EMP0654,Worker_0654,RFID000654,Production,WS-01,AFTERNOON,3,2026-10-03T15:16:42,HAPPY,OK,36.28,69.4,98.6,0.176,9.47,LOW
d970d269-f3fc-4bb6-a01c-01420444c5cb,EMP0830,Worker_0830,RFID000830,Stores,WS-07,AFTERNOON,3,2026-10-03T15:16:44,HAPPY,OK,36.71,71.6,97.1,0.353,14.05,LOW
86f3f7dd-1374-4d79-a4ed-ac3129f3183e,EMP0191,Worker_0191,RFID000191,Cutting,WS-03,AFTERNOON,3,2026-10-03T15:17:04,OK,OK,36.78,83.0,98.2,0.191,37.31,MODERATE
9605df34-f0de-4ee6-86b1-1530855cdd23,EMP0882,Worker_0882,RFID000882,Assembly,WS-10,AFTERNOON,3,2026-10-03T15:17:06,OK,HAPPY,36.61,83.8,98.9,0.384,39.61,MODERATE
32b9cd07-fa77-495a-a21f-0bf6e23548ef,EMP0406,Worker_0406,RFID000406,Packaging,WS-07,AFTERNOON,3,2026-10-03T15:17:20,SAD,SAD,36.59,90.9,98.4,0.712,92.34,HIGH
eb33609e-5619-450c-b30a-3d07f340494e,EMP0998,Worker_0998,RFID000998,Quality,WS-05,AFTERNOON,3,2026-10-03T15:17:23,OK,HAPPY,36.6,82.7,97.4,0.294,38.7,MODERATE
2cc9ad15-0121-4bd8-a3fe-d07b88f3b01c,EMP0450,Worker_0450,RFID000450,Production,WS-03,AFTERNOON,3,2026-10-03T15:17:54,OK,OK,36.59,84.6,96.9,0.341,41.35,MODERATE
1dcd1bb3-0b6d-47b1-8cb2-3982da02b213,EMP0302,Worker_0302,RFID000302,Finishing,WS-04,AFTERNOON,3,2026-10-03T15:18:02,HAPPY,HAPPY,36.64,81.7,97.9,0.21,6.35,LOW
a24e19a7-6ab7-4c95-acec-9e0015aeb874,EMP0316,Worker_0316,RFID000316,Assembly,WS-01,AFTERNOON,3,2026-10-03T15:18:06,HAPPY,HAPPY,36.37,68.4,98.4,0.174,8.28,LOW
48001934-6c33-48ef-8a12-d899fdfc8244,EMP0972,Worker_0972,RFID000972,Assembly,WS-08,AFTERNOON,3,2026-10-03T15:18:08,OK,OK,36.65,76.1,98.6,0.415,40.43,MODERATE
70d09ed4-78c4-4b6a-af97-7400aa7209ee,EMP0671,Worker_0671,RFID000671,Stores,WS-06,AFTERNOON,3,2026-10-03T15:18:27,HAPPY,HAPPY,36.42,74.3,98.6,0.194,8.03,LOW
ca0e1e30-4400-446f-a12b-02450eaf7679,EMP0515,Worker_0515,RFID000515,Finishing,WS-08,AFTERNOON,3,2026-10-03T15:18:41,HAPPY,OK,36.76,72.1,99.3,0.109,11.93,LOW
ec3e4641-de39-4c50-a939-ea1a54f1f744,EMP0267,Worker_0267,RFID000267,Cutting,WS-08,AFTERNOON,3,2026-10-03T15:18:49,SAD,OK,36.51,88.1,98.9,0.406,75.2,HIGH
dc9b2626-109e-4d2f-8efc-84c39f290656,EMP0370,Worker_0370,RFID000370,Stores,WS-10,AFTERNOON,3,2026-10-03T15:18:54,HAPPY,OK,36.75,65.9,99.4,0.346,7.06,LOW
bdbc760b-0c84-4781-81d7-777ffe57e1c8,EMP0619,Worker_0619,RFID000619,Quality,WS-10,AFTERNOON,3,2026-10-03T15:19:07,SAD,HAPPY,36.67,94.7,96.9,0.374,78.96,HIGH
3a7efa6a-c74c-46ae-8ea6-4de8b86bd4d1,EMP0603,Worker_0603,RFID000603,Production,WS-05,AFTERNOON,3,2026-10-03T15:19:59,HAPPY,HAPPY,36.38,68.8,98.1,0.207,10.54,LOW
8dec6b80-fbd5-43f0-ac66-b41171714c88,EMP0725,Worker_0725,RFID000725,Production,WS-06,AFTERNOON,3,2026-10-03T15:20:08,OK,OK,36.97,72.5,98.4,0.422,41.14,MODERATE
728ef67e-2fa0-4f34-aad5-c1a7e41caa0e,EMP0360,Worker_0360,RFID000360,Finishing,WS-09,AFTERNOON,3,2026-10-03T15:20:29,OK,OK,36.54,79.0,97.5,0.342,41.42,MODERATE
049a61b9-54b1-4f84-b591-bdc08beedb0e,EMP0031,Worker_0031,RFID000031,Packaging,WS-03,AFTERNOON,3,2026-10-03T15:21:16,HAPPY,HAPPY,36.59,68.7,98.5,0.47,10.8,LOW
e44c4604-0b1d-435a-ba3e-0e6bad05ff2e,EMP0540,Worker_0540,RFID000540,Maintenance,WS-08,AFTERNOON,3,2026-10-03T15:21:29,HAPPY,OK,36.63,74.9,98.0,0.294,10.88,LOW
254f940b-465a-4ecd-b571-eb4b1b2623ca,EMP0287,Worker_0287,RFID000287,Quality,WS-06,AFTERNOON,3,2026-10-03T15:21:35,HAPPY,OK,36.71,65.9,98.6,0.06,6.95,LOW
54144447-fc61-4539-b718-103297bde93a,EMP0951,Worker_0951,RFID000951,Quality,WS-07,AFTERNOON,3,2026-10-03T15:21:49,HAPPY,HAPPY,36.77,79.9,98.6,0.146,10.64,LOW
bedd61c1-8ddf-4eac-b858-1379a7fdb1dc,EMP0937,Worker_0937,RFID000937,Cutting,WS-04,AFTERNOON,3,2026-10-03T15:21:53,HAPPY,HAPPY,36.15,80.8,97.3,0.175,6.48,LOW
d75f6ce5-d961-4a1c-82cb-48c17dd4a21a,EMP0684,Worker_0684,RFID000684,Quality,WS-08,AFTERNOON,3,2026-10-03T15:21:55,OK,OK,36.48,84.2,99.1,0.212,38.08,MODERATE
e61385fe-b619-45d8-bb5d-75854cf018ed,EMP0963,Worker_0963,RFID000963,Finishing,WS-05,AFTERNOON,3,2026-10-03T15:22:12,SAD,OK,36.91,91.1,96.8,0.576,86.35,HIGH
e33c072e-3ab3-41fa-9578-a13974ba55b2,EMP0800,Worker_0800,RFID000800,Maintenance,WS-07,AFTERNOON,3,2026-10-03T15:22:13,OK,OK,36.67,79.6,98.7,0.213,36.06,MODERATE
70edb8e3-775b-4a31-b168-b81215ba23cc,EMP0938,Worker_0938,RFID000938,Cutting,WS-05,AFTERNOON,3,2026-10-03T15:22:15,HAPPY,OK,36.38,81.1,98.1,0.314,5.85,LOW
30633a72-b1e9-4bb9-83a5-d73a123cdca1,EMP0834,Worker_0834,RFID000834,Production,WS-05,AFTERNOON,3,2026-10-03T15:22:17,OK,HAPPY,36.76,64.3,97.3,0.303,33.24,LOW
6aa30a50-4337-4bb8-b3df-5cd21be753c5,EMP0943,Worker_0943,RFID000943,Maintenance,WS-05,AFTERNOON,3,2026-10-03T15:22:39,SAD,OK,36.95,72.8,97.3,0.366,70.78,HIGH
c22915cd-a6f9-483a-ba62-ebd079ea29d7,EMP0787,Worker_0787,RFID000787,Production,WS-06,AFTERNOON,3,2026-10-03T15:22:47,OK,HAPPY,36.72,93.4,98.2,0.335,49.27,MODERATE
6267dfd1-ef57-447a-ab95-8678c9c658b4,EMP0456,Worker_0456,RFID000456,Cutting,WS-09,AFTERNOON,3,2026-10-03T15:22:58,OK,HAPPY,36.41,77.2,98.1,0.379,35.99,MODERATE
ec1560af-0072-4f13-a4fd-b500f37d659c,EMP0747,Worker_0747,RFID000747,Production,WS-10,AFTERNOON,3,2026-10-03T15:23:02,OK,OK,36.43,81.9,98.9,0.167,36.94,MODERATE
e141ba48-166a-42cc-b687-5f67774cf5fe,EMP0527,Worker_0527,RFID000527,Maintenance,WS-09,AFTERNOON,3,2026-10-03T15:23:17,OK,HAPPY,36.82,82.0,98.9,0.302,34.66,LOW
8df1f6ee-f83b-4a27-b5e0-f9d50ecfe8a7,EMP0971,Worker_0971,RFID000971,Maintenance,WS-02,AFTERNOON,3,2026-10-03T15:23:20,HAPPY,OK,36.55,68.0,99.4,0.274,14.28,LOW
ceb12a34-ec2e-47dc-a5e2-7cb6e37deb77,EMP0307,Worker_0307,RFID000307,Stores,WS-05,AFTERNOON,3,2026-10-03T15:23:42,OK,HAPPY,36.48,89.2,98.8,0.391,46.29,MODERATE
7ab7e310-29db-45fa-a81c-26cf6d960ad2,EMP0130,Worker_0130,RFID000130,Quality,WS-02,AFTERNOON,3,2026-10-03T15:23:53,OK,OK,36.45,87.5,97.9,0.4,40.88,MODERATE
f3e738da-6309-4cc2-92f0-03c49c4e00d6,EMP0366,Worker_0366,RFID000366,Assembly,WS-03,AFTERNOON,3,2026-10-03T15:23:56,OK,HAPPY,36.74,87.1,99.0,0.444,41.92,MODERATE
f493fc9a-c3d0-42fc-b803-73e95d68f8aa,EMP0088,Worker_0088,RFID000088,Production,WS-08,AFTERNOON,3,2026-10-03T15:24:15,SAD,OK,36.6,87.1,96.7,0.414,81.61,HIGH
563f4d19-04ee-494e-b842-365b55501b9e,EMP0831,Worker_0831,RFID000831,Assembly,WS-04,AFTERNOON,3,2026-10-03T15:24:24,HAPPY,OK,36.69,80.5,97.5,0.204,7.25,LOW
1c2b264a-6464-4619-a333-3aea7043417d,EMP0632,Worker_0632,RFID000632,Assembly,WS-02,AFTERNOON,3,2026-10-03T15:24:31,HAPPY,HAPPY,36.21,74.9,99.6,0.368,13.64,LOW
18659018-67fd-4b93-b761-97f4ba477d33,EMP0293,Worker_0293,RFID000293,Stores,WS-10,AFTERNOON,3,2026-10-03T15:24:48,OK,OK,36.72,76.6,98.2,0.245,41.61,MODERATE
f527d73b-c00e-4a22-9bbd-7189ce314f11,EMP0300,Worker_0300,RFID000300,Production,WS-02,AFTERNOON,3,2026-10-03T15:24:57,OK,OK,36.63,74.7,97.5,0.339,38.38,MODERATE
bcb10017-53a1-4ad2-9dec-2434d4ba7bb0,EMP0085,Worker_0085,RFID000085,Stores,WS-08,AFTERNOON,3,2026-10-03T15:25:44,SAD,SAD,36.68,100.0,97.4,0.7,94.17,HIGH
3347fc99-4666-4ef0-9d5b-b11b63552a0a,EMP0291,Worker_0291,RFID000291,Production,WS-08,AFTERNOON,3,2026-10-03T15:25:47,OK,HAPPY,36.55,77.8,97.0,0.397,42.04,MODERATE
bc09ef72-4ad5-4a30-949d-25d398fd104e,EMP0280,Worker_0280,RFID000280,Stores,WS-02,AFTERNOON,3,2026-10-03T15:25:56,HAPPY,OK,36.21,83.5,99.1,0.333,8.89,LOW
321a0c2c-ba0a-46d5-b727-5e9da87f21f9,EMP0144,Worker_0144,RFID000144,Cutting,WS-02,AFTERNOON,3,2026-10-03T15:26:28,HAPPY,HAPPY,36.81,71.2,97.8,0.279,12.9,LOW
81124675-ef4c-4974-af8f-798b0f143f1c,EMP0011,Worker_0011,RFID000011,Maintenance,WS-02,AFTERNOON,3,2026-10-03T15:26:29,OK,HAPPY,36.88,68.8,98.5,0.259,37.18,MODERATE
bc4e226d-fd25-4361-92a7-a554dc4f4a2d,EMP0107,Worker_0107,RFID000107,Production,WS-07,AFTERNOON,3,2026-10-03T15:26:29,SAD,OK,36.67,88.9,96.3,0.478,76.75,HIGH
f007b68d-4dbf-4ca4-bb2d-b5864bc603c6,EMP0190,Worker_0190,RFID000190,Quality,WS-06,AFTERNOON,3,2026-10-03T15:26:37,HAPPY,HAPPY,36.49,62.2,99.1,0.095,6.34,LOW
0eb009cb-4133-4a1b-abe8-38e3c35b7d69,EMP0026,Worker_0026,RFID000026,Finishing,WS-04,AFTERNOON,3,2026-10-03T15:26:44,HAPPY,OK,36.53,71.9,97.4,0.15,7.88,LOW
9f5348d7-257a-4f18-92ee-fbda6bc9bf4a,EMP0774,Worker_0774,RFID000774,Quality,WS-07,AFTERNOON,3,2026-10-03T15:26:47,OK,SAD,36.78,78.5,98.2,0.437,40.76,MODERATE
c1b3dc83-83ec-4fb6-aa84-3516ba7aaba1,EMP0238,Worker_0238,RFID000238,Maintenance,WS-04,AFTERNOON,3,2026-10-03T15:26:48,HAPPY,OK,36.42,76.1,98.8,0.304,13.47,LOW
47ca463b-a062-435a-92ae-e736b84d4a33,EMP0361,Worker_0361,RFID000361,Production,WS-08,AFTERNOON,3,2026-10-03T15:26:49,SAD,SAD,36.87,89.0,96.5,0.526,84.82,HIGH
84c664ab-ef42-473c-a407-b7502689c4cd,EMP0636,Worker_0636,RFID000636,Maintenance,WS-06,AFTERNOON,3,2026-10-03T15:26:49,OK,OK,36.34,73.2,96.5,0.244,35.77,MODERATE
a3b183d0-b23b-4134-981b-13f0bbabfb2f,EMP0056,Worker_0056,RFID000056,Packaging,WS-06,AFTERNOON,3,2026-10-03T15:26:51,OK,OK,36.75,72.7,98.0,0.391,34.21,LOW
52961ec6-8e20-4130-b76e-896ed47e7ffe,EMP0261,Worker_0261,RFID000261,Maintenance,WS-05,AFTERNOON,3,2026-10-03T15:27:02,HAPPY,OK,36.61,72.8,98.5,0.214,12.84,LOW
b7add5ab-c50c-4a12-9112-e154d3fd66f2,EMP0071,Worker_0071,RFID000071,Stores,WS-09,AFTERNOON,3,2026-10-03T15:27:28,HAPPY,HAPPY,36.25,69.2,98.5,0.2,14.34,LOW
593e67bc-09b4-4dd1-a9a2-f66ad9df812a,EMP0776,Worker_0776,RFID000776,Production,WS-10,AFTERNOON,3,2026-10-03T15:27:30,OK,SAD,36.76,76.2,97.8,0.35,38.45,MODERATE
94ecf2dc-bec5-4320-b5e7-90ff263557ce,EMP0156,Worker_0156,RFID000156,Cutting,WS-02,AFTERNOON,3,2026-10-03T15:27:57,OK,HAPPY,36.74,77.3,97.0,0.227,34.61,LOW
bb5b9e68-d0af-4213-a5a3-439716bacdc6,EMP0182,Worker_0182,RFID000182,Stores,WS-06,AFTERNOON,3,2026-10-03T15:28:37,OK,SAD,36.24,69.7,98.1,0.275,40.79,MODERATE
29aecdab-97e7-4942-af63-42e8d0033f7d,EMP0086,Worker_0086,RFID000086,Finishing,WS-08,AFTERNOON,3,2026-10-03T15:29:02,OK,OK,36.7,78.8,98.3,0.373,33.84,LOW
aecfac40-8103-4123-b05b-51a8663815a8,EMP0262,Worker_0262,RFID000262,Maintenance,WS-05,AFTERNOON,3,2026-10-03T15:29:21,OK,OK,36.63,76.7,97.7,0.393,36.83,MODERATE
16593cbb-a6c7-4027-9570-6a7c62889dbe,EMP0606,Worker_0606,RFID000606,Production,WS-08,AFTERNOON,3,2026-10-03T15:29:35,OK,OK,36.19,71.5,98.6,0.356,36.06,MODERATE
020c1bcb-e642-440a-9786-e1554ff8b39c,EMP0808,Worker_0808,RFID000808,Stores,WS-06,AFTERNOON,3,2026-10-03T15:29:36,HAPPY,HAPPY,36.49,77.6,99.3,0.381,14.17,LOW
63612599-88d8-4c25-9e4f-1e52e67da6ed,EMP0854,Worker_0854,RFID000854,Production,WS-05,AFTERNOON,3,2026-10-03T15:29:39,HAPPY,HAPPY,36.13,68.4,99.8,0.373,6.89,LOW
0a7df011-3123-4703-a5d4-979071f95728,EMP0041,Worker_0041,RFID000041,Production,WS-09,AFTERNOON,3,2026-10-03T15:29:41,HAPPY,HAPPY,36.53,74.8,99.3,0.068,9.13,LOW
62cce058-ab16-4940-b4ee-00e3d396dd65,EMP0426,Worker_0426,RFID000426,Production,WS-04,AFTERNOON,3,2026-10-03T15:29:51,OK,OK,36.76,87.6,97.5,0.439,48.1,MODERATE
b6238bb8-1f0b-422f-98a8-4066d5b04175,EMP0751,Worker_0751,RFID000751,Maintenance,WS-10,AFTERNOON,3,2026-10-03T15:30:16,HAPPY,HAPPY,36.25,69.7,98.5,0.193,11.32,LOW
dd945547-e44b-4388-9342-afff03371625,EMP0591,Worker_0591,RFID000591,Maintenance,WS-05,AFTERNOON,3,2026-10-03T15:30:17,OK,HAPPY,36.5,86.1,96.8,0.235,41.88,MODERATE
7378b59c-281b-4713-961f-b0666040f008,EMP0621,Worker_0621,RFID000621,Production,WS-03,AFTERNOON,3,2026-10-03T15:30:32,SAD,OK,36.59,89.3,99.1,0.365,76.08,HIGH
d465ab7a-c92b-4206-8b30-322a2f7a027a,EMP0178,Worker_0178,RFID000178,Maintenance,WS-06,AFTERNOON,3,2026-10-03T15:30:35,OK,HAPPY,36.73,76.7,97.2,0.286,38.72,MODERATE
0e925f4f-f147-4f8f-b3f5-4bc0790d550d,EMP0694,Worker_0694,RFID000694,Production,WS-05,AFTERNOON,3,2026-10-03T15:30:39,SAD,OK,36.7,95.8,96.8,0.552,90.78,HIGH
9494ff28-4846-47b9-88f8-3f611401a55a,EMP0414,Worker_0414,RFID000414,Production,WS-05,AFTERNOON,3,2026-10-03T15:30:51,OK,OK,36.73,78.6,96.8,0.185,40.77,MODERATE
482cee05-42c5-463a-b3d5-f881c9c15f98,EMP0110,Worker_0110,RFID000110,Cutting,WS-06,AFTERNOON,3,2026-10-03T15:30:56,OK,HAPPY,36.19,73.8,97.2,0.322,39.15,MODERATE
ba21e70c-546f-450d-85e9-c7b00159fc62,EMP0137,Worker_0137,RFID000137,Maintenance,WS-03,AFTERNOON,3,2026-10-03T15:31:29,HAPPY,HAPPY,36.76,78.3,99.7,0.204,5.35,LOW
a79db5c9-8664-4d3d-8c88-dc6744e28e15,EMP0901,Worker_0901,RFID000901,Finishing,WS-06,AFTERNOON,3,2026-10-03T15:31:34,HAPPY,HAPPY,36.95,65.8,97.8,0.159,8.01,LOW
fa09b774-1b11-4a19-ada3-67420f66c317,EMP0845,Worker_0845,RFID000845,Packaging,WS-02,AFTERNOON,3,2026-10-03T15:31:55,OK,OK,36.39,82.9,99.5,0.319,37.69,MODERATE
e823d321-8d6f-4a0f-982e-86dbd9b15081,EMP0034,Worker_0034,RFID000034,Stores,WS-01,AFTERNOON,3,2026-10-03T15:32:11,OK,OK,36.41,73.6,98.6,0.363,37.5,MODERATE
80340f09-70fc-453a-980a-ae62f192daff,EMP0637,Worker_0637,RFID000637,Quality,WS-05,AFTERNOON,3,2026-10-03T15:32:14,HAPPY,OK,36.62,67.3,98.2,0.187,12.59,LOW
6ef23464-a6d0-48cd-aa66-b76d96be7e7d,EMP0228,Worker_0228,RFID000228,Stores,WS-06,AFTERNOON,3,2026-10-03T15:32:19,HAPPY,HAPPY,36.28,81.4,96.5,0.143,5.45,LOW
cd867cd3-b512-48c5-926c-2899d228fe84,EMP0140,Worker_0140,RFID000140,Maintenance,WS-06,AFTERNOON,3,2026-10-03T15:32:42,SAD,HAPPY,36.65,93.9,97.3,0.503,80.64,HIGH
3d55532a-7537-4a15-b894-e1f66971b4f2,EMP0270,Worker_0270,RFID000270,Maintenance,WS-01,AFTERNOON,3,2026-10-03T15:32:44,HAPPY,OK,36.65,62.9,97.3,0.319,9.24,LOW
55ae5a18-9572-4aee-9734-ea0f841ec71e,EMP0593,Worker_0593,RFID000593,Maintenance,WS-10,AFTERNOON,3,2026-10-03T15:32:45,OK,HAPPY,36.74,76.0,97.8,0.341,34.4,LOW
d4a5bad6-d66e-475e-afc5-c4a49da51c3f,EMP0222,Worker_0222,RFID000222,Production,WS-03,AFTERNOON,3,2026-10-03T15:32:57,OK,OK,36.58,82.9,98.2,0.242,36.23,MODERATE
a573e4a2-fa41-4634-a3da-3afab3705ab0,EMP0881,Worker_0881,RFID000881,Production,WS-05,AFTERNOON,3,2026-10-03T15:32:59,SAD,SAD,36.89,85.3,96.9,0.377,83.31,HIGH
57eef2cb-152e-467e-b999-7d1ec866b209,EMP0722,Worker_0722,RFID000722,Maintenance,WS-01,AFTERNOON,3,2026-10-03T15:33:16,SAD,SAD,36.99,91.7,97.4,0.269,86.22,HIGH
52d78810-197d-4d51-a856-d485535111bd,EMP0566,Worker_0566,RFID000566,Production,WS-10,AFTERNOON,3,2026-10-03T15:33:28,HAPPY,HAPPY,36.58,78.5,97.2,0.113,9.63,LOW
07e65253-e860-4036-b246-127e3d8221a8,EMP0685,Worker_0685,RFID000685,Packaging,WS-04,AFTERNOON,3,2026-10-03T15:33:28,HAPPY,HAPPY,36.86,64.0,97.6,0.362,9.0,LOW
fb6ac7b1-5197-4adb-8843-3e2669c3587c,EMP0628,Worker_0628,RFID000628,Stores,WS-04,AFTERNOON,3,2026-10-03T15:33:32,HAPPY,HAPPY,36.65,70.9,98.6,0.311,7.21,LOW
d5a87338-6be2-4cbe-8803-95de22f9247c,EMP0194,Worker_0194,RFID000194,Assembly,WS-09,AFTERNOON,3,2026-10-03T15:34:21,HAPPY,OK,36.59,75.2,98.7,0.22,6.71,LOW
52ca38dc-cba4-445d-a25e-4d8603a9bfd2,EMP0695,Worker_0695,RFID000695,Assembly,WS-06,AFTERNOON,3,2026-10-03T15:34:40,SAD,SAD,36.66,83.9,96.8,0.291,82.5,HIGH
6c4219d8-383d-4346-993b-11d090d45da2,EMP0697,Worker_0697,RFID000697,Stores,WS-06,AFTERNOON,3,2026-10-03T15:34:45,HAPPY,OK,36.34,71.5,99.1,0.342,13.18,LOW
a5e4b491-6c7a-4d75-a0ea-2d83e863e66c,EMP0905,Worker_0905,RFID000905,Cutting,WS-06,AFTERNOON,3,2026-10-03T15:34:48,SAD,SAD,36.62,81.7,97.1,0.443,81.96,HIGH
6f21da13-5897-4651-ad5e-a5cb3428dfa1,EMP0926,Worker_0926,RFID000926,Production,WS-09,AFTERNOON,3,2026-10-03T15:34:48,OK,SAD,36.49,81.6,97.3,0.394,37.04,MODERATE
5b59a1fa-8ba0-428a-8d02-02b80178e102,EMP0273,Worker_0273,RFID000273,Packaging,WS-03,AFTERNOON,3,2026-10-03T15:34:54,HAPPY,HAPPY,36.45,75.9,97.6,0.255,11.3,LOW
d796176b-65c2-4eba-8b30-b297bf1dac25,EMP0768,Worker_0768,RFID000768,Stores,WS-02,AFTERNOON,3,2026-10-03T15:34:59,OK,SAD,36.69,84.2,97.6,0.434,40.99,MODERATE
fd59d144-6a85-4b0f-9055-eceff013b97a,EMP0785,Worker_0785,RFID000785,Maintenance,WS-05,AFTERNOON,3,2026-10-03T15:35:15,SAD,HAPPY,36.3,87.7,97.5,0.476,83.65,HIGH
529a34bd-d68a-408e-b210-2cfabba1aaaf,EMP0432,Worker_0432,RFID000432,Stores,WS-02,AFTERNOON,3,2026-10-03T15:36:04,HAPPY,HAPPY,36.61,73.5,98.1,0.147,5.36,LOW
52bc7c35-4b56-4f54-982d-152e132c21d7,EMP0868,Worker_0868,RFID000868,Production,WS-06,AFTERNOON,3,2026-10-03T15:36:21,OK,HAPPY,36.52,72.0,97.2,0.198,42.93,MODERATE
62520eae-c35d-4bba-b4ff-dbbcbeb60d6a,EMP0664,Worker_0664,RFID000664,Assembly,WS-01,AFTERNOON,3,2026-10-03T15:36:41,HAPPY,HAPPY,36.18,76.2,98.2,0.243,11.16,LOW
465fcc3b-5d5b-41ff-aeba-a2dbaed1447b,EMP0108,Worker_0108,RFID000108,Production,WS-05,AFTERNOON,3,2026-10-03T15:36:43,SAD,HAPPY,36.89,86.3,97.2,0.558,80.53,HIGH
0c0d732c-c8d1-414d-9b58-b1c6ac9d4457,EMP0944,Worker_0944,RFID000944,Finishing,WS-06,AFTERNOON,3,2026-10-03T15:36:45,SAD,OK,36.88,95.8,97.0,0.216,77.97,HIGH
41338b31-5fa8-430f-833d-2d52d249dbb9,EMP0051,Worker_0051,RFID000051,Packaging,WS-08,AFTERNOON,3,2026-10-03T15:37:11,OK,OK,36.69,73.9,98.8,0.151,36.27,MODERATE
8608c7c5-c6ea-40c3-9d91-e07c6a7308e7,EMP0620,Worker_0620,RFID000620,Packaging,WS-09,AFTERNOON,3,2026-10-03T15:37:11,HAPPY,HAPPY,36.3,76.5,97.4,0.361,7.98,LOW
9341dc57-fd83-4326-92bd-45c8ffba356f,EMP0465,Worker_0465,RFID000465,Production,WS-03,AFTERNOON,3,2026-10-03T15:37:37,OK,HAPPY,36.59,80.8,98.4,0.281,39.71,MODERATE
dff6bd6b-b8de-4c6b-bba1-e3b16a23690b,EMP0283,Worker_0283,RFID000283,Finishing,WS-05,AFTERNOON,3,2026-10-03T15:37:47,OK,HAPPY,36.36,77.9,97.3,0.376,39.93,MODERATE
caac144f-ef68-4f90-812e-894b83ffe9dc,EMP0246,Worker_0246,RFID000246,Finishing,WS-05,AFTERNOON,3,2026-10-03T15:37:57,OK,SAD,36.7,78.3,97.7,0.324,37.33,MODERATE
d663aa61-b8c5-4dd9-bd64-e0edbf27ef5e,EMP0980,Worker_0980,RFID000980,Production,WS-09,AFTERNOON,3,2026-10-03T15:39:09,HAPPY,OK,36.5,77.4,96.9,0.227,8.65,LOW
536f6291-235a-417d-bac2-aa05d5c94c9e,EMP0731,Worker_0731,RFID000731,Stores,WS-05,AFTERNOON,3,2026-10-03T15:39:20,HAPPY,HAPPY,36.92,72.4,97.7,0.176,14.66,LOW
84aa5d19-b4c0-4f2e-8d85-86696cbd9d1a,EMP0464,Worker_0464,RFID000464,Stores,WS-01,AFTERNOON,3,2026-10-03T15:39:31,HAPPY,HAPPY,36.29,81.4,97.8,0.284,12.7,LOW
d04ab4de-2771-4ab3-aec6-4e5d6c9f5894,EMP0123,Worker_0123,RFID000123,Quality,WS-09,AFTERNOON,3,2026-10-03T15:39:37,OK,HAPPY,36.47,86.4,97.2,0.47,43.38,MODERATE
773ca2fc-5869-4278-b90d-1563f18546f3,EMP0452,Worker_0452,RFID000452,Finishing,WS-10,AFTERNOON,3,2026-10-03T15:39:58,SAD,SAD,36.52,93.7,97.2,0.671,99.97,HIGH
c6b14225-74d6-4fb8-96ba-f20d7b0608ce,EMP0377,Worker_0377,RFID000377,Assembly,WS-01,AFTERNOON,3,2026-10-03T15:40:18,OK,HAPPY,36.14,75.2,98.0,0.294,39.03,MODERATE
7030683c-02c4-42e0-8272-7f6d82e6dafa,EMP0439,Worker_0439,RFID000439,Assembly,WS-01,AFTERNOON,3,2026-10-03T15:40:35,HAPPY,SAD,36.4,64.2,97.7,0.197,9.54,LOW
1e5bc49a-def4-4d2e-9388-b90292425607,EMP0080,Worker_0080,RFID000080,Assembly,WS-10,AFTERNOON,3,2026-10-03T15:40:37,HAPPY,SAD,36.38,79.9,98.5,0.198,11.19,LOW
d26bd04c-c1e0-4a0f-84fc-53b68bbf0d89,EMP0105,Worker_0105,RFID000105,Production,WS-03,AFTERNOON,3,2026-10-03T15:41:15,OK,HAPPY,36.52,90.9,99.1,0.338,44.23,MODERATE
540a3a45-4e7d-4530-8b97-e1de2e6434c9,EMP0395,Worker_0395,RFID000395,Production,WS-06,AFTERNOON,3,2026-10-03T15:41:28,OK,HAPPY,36.27,82.4,96.7,0.421,40.66,MODERATE
92bce07e-2697-489a-931c-18612eb2e859,EMP0847,Worker_0847,RFID000847,Assembly,WS-09,AFTERNOON,3,2026-10-03T15:41:41,HAPPY,HAPPY,36.22,75.4,98.8,0.265,6.77,LOW
02413a5e-f1c1-4927-b99d-d504e5eb02cf,EMP0161,Worker_0161,RFID000161,Assembly,WS-02,AFTERNOON,3,2026-10-03T15:41:50,OK,OK,36.3,81.8,96.9,0.478,42.78,MODERATE
85867642-7dbb-4de8-8a6c-e814fd974c71,EMP0018,Worker_0018,RFID000018,Packaging,WS-03,AFTERNOON,3,2026-10-03T15:42:01,OK,OK,36.26,76.3,98.5,0.413,37.75,MODERATE
3851c7e1-58c7-44b5-b311-85f192f009eb,EMP0796,Worker_0796,RFID000796,Assembly,WS-08,AFTERNOON,3,2026-10-03T15:43:13,OK,HAPPY,36.6,71.8,97.9,0.158,40.71,MODERATE
f399793d-d0e9-428b-8b6d-b135495f2faa,EMP0984,Worker_0984,RFID000984,Assembly,WS-08,AFTERNOON,3,2026-10-03T15:43:19,HAPPY,HAPPY,36.53,81.0,97.5,0.095,13.55,LOW
083a6c25-ad6a-4a59-9795-25acc6d28063,EMP0876,Worker_0876,RFID000876,Finishing,WS-02,AFTERNOON,3,2026-10-03T15:43:32,OK,HAPPY,36.81,84.2,98.2,0.349,39.77,MODERATE
cbe2e188-8a1b-41f0-8a6b-db8209da1762,EMP0256,Worker_0256,RFID000256,Quality,WS-04,AFTERNOON,3,2026-10-03T15:44:15,HAPPY,HAPPY,36.79,60.2,97.1,0.057,13.57,LOW
1f1922ac-932f-4e75-bd89-5f00458a2d43,EMP0580,Worker_0580,RFID000580,Production,WS-05,AFTERNOON,3,2026-10-03T15:44:15,HAPPY,OK,36.37,76.7,98.8,0.261,10.56,LOW
0c0b2f9b-5cc5-42a1-9f27-a996b848d82e,EMP0388,Worker_0388,RFID000388,Production,WS-01,AFTERNOON,3,2026-10-03T15:44:54,OK,HAPPY,36.65,84.7,96.8,0.396,36.48,MODERATE
ba394134-b686-4458-8144-86e4275bbe66,EMP0680,Worker_0680,RFID000680,Production,WS-07,AFTERNOON,3,2026-10-03T15:45:22,OK,OK,36.6,67.2,97.5,0.294,39.91,MODERATE
051c1a6c-fbc8-46af-9631-4f5a87b75a28,EMP0547,Worker_0547,RFID000547,Production,WS-02,AFTERNOON,3,2026-10-03T15:45:30,OK,HAPPY,36.68,72.7,96.7,0.325,39.87,MODERATE
4cf599ec-4a4f-447e-b325-2433cde6631e,EMP0804,Worker_0804,RFID000804,Assembly,WS-01,AFTERNOON,3,2026-10-03T15:46:04,OK,OK,36.71,77.1,97.3,0.32,37.26,MODERATE
c13f59ab-1551-47d0-8031-886ef53434ef,EMP0809,Worker_0809,RFID000809,Stores,WS-02,AFTERNOON,3,2026-10-03T15:46:07,HAPPY,HAPPY,36.49,87.3,97.6,0.217,9.87,LOW
331fd336-8cec-403e-b9dd-b4f0f0ba9c8a,EMP0386,Worker_0386,RFID000386,Production,WS-06,AFTERNOON,3,2026-10-03T15:46:09,HAPPY,HAPPY,36.33,76.7,99.3,0.324,7.87,LOW
df11e195-e85d-4987-a877-c35869984ed6,EMP0457,Worker_0457,RFID000457,Cutting,WS-02,AFTERNOON,3,2026-10-03T15:47:08,SAD,SAD,36.52,88.5,97.7,0.561,91.28,HIGH
a9c0cb76-64c7-4877-bf51-1187a8c2cfcc,EMP0839,Worker_0839,RFID000839,Finishing,WS-09,AFTERNOON,3,2026-10-03T15:47:31,HAPPY,HAPPY,36.46,64.6,98.1,0.378,5.26,LOW
e925f938-59e8-46ff-a9a0-8de034f875b2,EMP0099,Worker_0099,RFID000099,Cutting,WS-10,AFTERNOON,3,2026-10-03T15:47:38,OK,HAPPY,36.5,85.3,98.2,0.236,38.7,MODERATE
83f7bab2-dff6-41cf-a897-d33b7b610420,EMP0613,Worker_0613,RFID000613,Stores,WS-08,AFTERNOON,3,2026-10-03T15:47:51,HAPPY,HAPPY,36.8,78.5,98.2,0.24,7.18,LOW
f974a57c-90ca-476b-b614-dd3911cc76d1,EMP0049,Worker_0049,RFID000049,Quality,WS-07,AFTERNOON,3,2026-10-03T15:48:31,OK,OK,36.82,66.5,96.8,0.445,43.88,MODERATE
10b90967-36c5-40ca-8061-5dbcb99757f7,EMP0210,Worker_0210,RFID000210,Finishing,WS-01,AFTERNOON,3,2026-10-03T15:48:37,HAPPY,SAD,36.7,81.4,97.9,0.05,14.46,LOW
b0418e95-22d3-46aa-a625-ef3d5d55dd8e,EMP0416,Worker_0416,RFID000416,Packaging,WS-03,AFTERNOON,3,2026-10-03T15:48:41,OK,OK,36.6,72.1,98.5,0.305,41.56,MODERATE
3c67b5bf-2a36-4f69-9ffb-38402ece23d1,EMP0181,Worker_0181,RFID000181,Finishing,WS-08,AFTERNOON,3,2026-10-03T15:49:00,HAPPY,SAD,36.62,80.5,97.7,0.418,15.12,LOW
19282c48-5479-4553-923d-e7631e0e81aa,EMP0175,Worker_0175,RFID000175,Cutting,WS-01,AFTERNOON,3,2026-10-03T15:49:20,HAPPY,OK,36.25,66.0,97.9,0.228,10.44,LOW
c23c868c-a48e-4963-a027-ff78a3d2ba6d,EMP0565,Worker_0565,RFID000565,Quality,WS-09,AFTERNOON,3,2026-10-03T15:49:20,HAPPY,OK,36.69,78.2,98.2,0.258,6.87,LOW
f719d3aa-f5c4-4f10-8c7a-df13dc0cef92,EMP0001,Worker_0001,RFID000001,Assembly,WS-01,AFTERNOON,3,2026-10-03T15:49:31,HAPPY,OK,36.41,81.2,97.3,0.157,10.06,LOW
d871eb3b-f6a9-4024-9af8-0d74e542419a,EMP0696,Worker_0696,RFID000696,Production,WS-01,AFTERNOON,3,2026-10-03T15:49:31,SAD,HAPPY,36.48,83.6,97.4,0.55,75.83,HIGH
67d908c3-6d2d-47ab-b41e-8ce9922be226,EMP0891,Worker_0891,RFID000891,Production,WS-08,AFTERNOON,3,2026-10-03T15:49:33,OK,HAPPY,36.43,70.9,97.7,0.331,36.84,MODERATE
e4475608-da79-4e35-8ea9-3d5986913072,EMP0002,Worker_0002,RFID000002,Assembly,WS-10,AFTERNOON,3,2026-10-03T15:50:37,HAPPY,HAPPY,36.15,78.7,97.5,0.272,13.72,LOW
3bec0110-1271-4aa9-8e45-921880443278,EMP0699,Worker_0699,RFID000699,Maintenance,WS-04,AFTERNOON,3,2026-10-03T15:50:45,OK,SAD,36.92,79.2,98.5,0.186,41.09,MODERATE
53dd19f5-40b3-4e6e-ac3b-0f5aaf4edb41,EMP0974,Worker_0974,RFID000974,Quality,WS-04,AFTERNOON,3,2026-10-03T15:51:37,HAPPY,OK,36.67,84.8,97.2,0.376,14.81,LOW
f5860099-c046-47a0-b676-b26bbe8bcae4,EMP0564,Worker_0564,RFID000564,Stores,WS-05,AFTERNOON,3,2026-10-03T15:51:47,HAPPY,OK,36.35,75.1,98.5,0.111,7.59,LOW
30715a8d-bc9f-4c86-b166-81b43802380b,EMP0200,Worker_0200,RFID000200,Assembly,WS-09,AFTERNOON,3,2026-10-03T15:52:06,OK,HAPPY,36.3,83.6,99.1,0.299,42.37,MODERATE
0be1e2c1-ddcb-43ba-b3ee-731cbef4f45f,EMP0673,Worker_0673,RFID000673,Cutting,WS-01,AFTERNOON,3,2026-10-03T15:52:11,SAD,OK,36.93,90.9,98.5,0.626,89.11,HIGH
e94123f5-a1e6-465e-9e6e-c47e50aad28e,EMP0750,Worker_0750,RFID000750,Production,WS-10,AFTERNOON,3,2026-10-03T15:52:12,OK,HAPPY,36.33,77.8,98.2,0.37,37.16,MODERATE
11922c07-b31f-4f4e-ac27-842300a6e66c,EMP0013,Worker_0013,RFID000013,Cutting,WS-10,AFTERNOON,3,2026-10-03T15:52:30,HAPPY,HAPPY,36.36,78.0,99.2,0.205,11.41,LOW
6a6fa2a9-87c5-4b6d-a7e1-fe419c3eb663,EMP0121,Worker_0121,RFID000121,Packaging,WS-04,AFTERNOON,3,2026-10-03T15:52:30,OK,HAPPY,36.41,78.8,97.9,0.247,34.61,LOW
9eb5d0d9-3ae8-4d01-ad14-1f5e3a354d09,EMP0434,Worker_0434,RFID000434,Stores,WS-04,AFTERNOON,3,2026-10-03T15:52:47,HAPPY,HAPPY,36.72,74.9,98.5,0.331,11.24,LOW
02bfd5c9-406d-4ef2-aa52-d07a6e94d088,EMP0042,Worker_0042,RFID000042,Assembly,WS-09,AFTERNOON,3,2026-10-03T15:52:49,HAPPY,HAPPY,36.48,71.2,97.5,0.103,10.15,LOW
39357b5c-0a09-4976-b019-1c71888ba678,EMP0687,Worker_0687,RFID000687,Quality,WS-06,AFTERNOON,3,2026-10-03T15:52:57,HAPPY,OK,36.76,72.7,97.6,0.148,6.81,LOW
3eae7f69-c87d-445b-9050-55fb5b677596,EMP0076,Worker_0076,RFID000076,Assembly,WS-07,AFTERNOON,3,2026-10-03T15:53:03,HAPPY,HAPPY,36.67,66.5,96.4,0.213,14.14,LOW
d8c35e34-5247-4ec4-9fa5-8dc9abc6eef0,EMP0023,Worker_0023,RFID000023,Stores,WS-08,AFTERNOON,3,2026-10-03T15:53:07,HAPPY,HAPPY,36.44,80.8,97.9,0.146,14.88,LOW
c9157067-d7bb-444f-b161-b61536ae6a01,EMP0188,Worker_0188,RFID000188,Stores,WS-05,AFTERNOON,3,2026-10-03T15:53:20,HAPPY,OK,36.61,72.0,99.1,0.168,5.76,LOW
34d17ce9-56fb-47ca-90ee-720ecdafb0f1,EMP0062,Worker_0062,RFID000062,Packaging,WS-05,AFTERNOON,3,2026-10-03T15:53:56,OK,SAD,36.55,79.3,97.1,0.233,36.73,MODERATE
176a521c-04b2-4cda-a0b2-de96190883b0,EMP0955,Worker_0955,RFID000955,Maintenance,WS-05,AFTERNOON,3,2026-10-03T15:54:00,HAPPY,HAPPY,36.37,81.2,98.3,0.201,11.13,LOW
54080872-c322-4d3e-9046-e3597a7e2ab2,EMP0248,Worker_0248,RFID000248,Cutting,WS-09,AFTERNOON,3,2026-10-03T15:54:03,SAD,SAD,36.79,87.5,97.1,0.511,90.06,HIGH
2d58d695-092a-473a-aeba-7af669fbb34e,EMP0746,Worker_0746,RFID000746,Quality,WS-04,AFTERNOON,3,2026-10-03T15:54:15,HAPPY,HAPPY,36.39,76.2,99.4,0.23,11.89,LOW
1a2017cd-fc71-4956-aefc-c7e4353bf870,EMP0522,Worker_0522,RFID000522,Finishing,WS-08,AFTERNOON,3,2026-10-03T15:54:20,SAD,SAD,37.08,88.5,96.5,0.558,94.09,HIGH
e02bfc37-1bdf-497a-8e72-b34480e1b322,EMP0204,Worker_0204,RFID000204,Finishing,WS-03,AFTERNOON,3,2026-10-03T15:54:56,HAPPY,HAPPY,36.46,75.0,97.9,0.326,13.58,LOW
3f1bed17-058f-400c-a813-f45a497da1fc,EMP0409,Worker_0409,RFID000409,Maintenance,WS-06,AFTERNOON,3,2026-10-03T15:55:02,HAPPY,HAPPY,36.55,79.0,98.9,0.144,10.19,LOW
2439220e-4b37-42ad-a9b4-72a9bd42e692,EMP0559,Worker_0559,RFID000559,Production,WS-09,AFTERNOON,3,2026-10-03T15:55:32,HAPPY,HAPPY,36.42,77.1,97.4,0.118,11.23,LOW
30930ff1-e505-4206-bbb7-0902f6bb3ed7,EMP0269,Worker_0269,RFID000269,Cutting,WS-03,AFTERNOON,3,2026-10-03T15:55:37,OK,OK,36.14,83.9,98.6,0.335,40.13,MODERATE
52e9c82d-dd9d-4876-8dcb-39896525278d,EMP0738,Worker_0738,RFID000738,Stores,WS-08,AFTERNOON,3,2026-10-03T15:55:40,HAPPY,HAPPY,36.39,83.4,98.7,0.347,12.8,LOW
6df61238-f6f0-45a0-9cf1-1d3c18aba991,EMP0180,Worker_0180,RFID000180,Maintenance,WS-04,AFTERNOON,3,2026-10-03T15:55:46,OK,OK,36.39,73.9,97.5,0.142,35.39,MODERATE
247f7b2a-0831-4828-8a5b-4751ff61c466,EMP0217,Worker_0217,RFID000217,Cutting,WS-06,AFTERNOON,3,2026-10-03T15:56:23,OK,HAPPY,36.67,84.1,97.8,0.413,41.94,MODERATE
14b5e8d1-0f39-4d96-af67-7cf1dcbc3015,EMP0818,Worker_0818,RFID000818,Cutting,WS-06,AFTERNOON,3,2026-10-03T15:56:25,OK,SAD,36.8,70.6,98.7,0.319,35.02,MODERATE
8729adaa-0346-479a-90df-8ea90ba7dd6c,EMP0516,Worker_0516,RFID000516,Production,WS-09,AFTERNOON,3,2026-10-03T15:56:45,SAD,OK,36.87,93.9,98.6,0.485,86.87,HIGH
f6d6df65-114d-460a-9966-0c825f0de7bc,EMP0500,Worker_0500,RFID000500,Finishing,WS-04,AFTERNOON,3,2026-10-03T15:57:00,HAPPY,HAPPY,36.4,75.1,96.9,0.054,8.43,LOW
de0d52d7-cb15-4663-9b3f-4dc83960c3d0,EMP0028,Worker_0028,RFID000028,Cutting,WS-06,AFTERNOON,3,2026-10-03T15:57:10,OK,HAPPY,36.28,83.9,97.4,0.365,40.38,MODERATE
e5152aef-07ef-4cc8-a617-94d6a9198844,EMP0419,Worker_0419,RFID000419,Cutting,WS-08,AFTERNOON,3,2026-10-03T15:57:25,SAD,HAPPY,36.74,82.1,98.1,0.372,74.52,HIGH
29f79cd8-3791-488a-af2d-fa9cd9145a9f,EMP0494,Worker_0494,RFID000494,Quality,WS-02,AFTERNOON,3,2026-10-03T15:57:34,HAPPY,SAD,36.49,78.9,97.2,0.341,7.17,LOW
033df572-ba14-4e61-9d63-35342d928737,EMP0965,Worker_0965,RFID000965,Quality,WS-09,AFTERNOON,3,2026-10-03T15:57:36,HAPPY,OK,36.48,85.9,98.6,0.122,12.11,LOW
dc506e02-6b67-43ad-9458-d245a0cb3a5b,EMP0629,Worker_0629,RFID000629,Finishing,WS-06,AFTERNOON,3,2026-10-03T15:57:40,SAD,OK,36.64,99.3,97.6,0.479,81.74,HIGH
b01fdb51-1d48-4336-bac1-0682b77740a3,EMP0298,Worker_0298,RFID000298,Cutting,WS-09,AFTERNOON,3,2026-10-03T15:57:41,HAPPY,HAPPY,36.63,73.4,97.3,0.134,5.65,LOW
5868f94d-92f7-48e6-a538-06e66a9c1a45,EMP0239,Worker_0239,RFID000239,Maintenance,WS-05,AFTERNOON,3,2026-10-03T15:57:56,HAPPY,HAPPY,36.59,74.4,97.9,0.224,11.15,LOW
d1c99e85-9a4d-428c-aba8-b8f191523607,EMP0911,Worker_0911,RFID000911,Finishing,WS-08,AFTERNOON,3,2026-10-03T15:58:09,SAD,SAD,36.47,77.5,97.6,0.566,88.18,HIGH
6ba05c0f-84b2-408b-b119-678b20cad0d7,EMP0967,Worker_0967,RFID000967,Finishing,WS-01,AFTERNOON,3,2026-10-03T15:58:29,OK,OK,36.73,78.7,98.3,0.323,33.77,LOW
33268f58-e84f-4cee-b68a-c40759d5682d,EMP0665,Worker_0665,RFID000665,Production,WS-06,AFTERNOON,3,2026-10-03T15:58:32,HAPPY,HAPPY,36.83,73.1,98.2,0.187,8.99,LOW
448b3c6d-43c2-43df-8d74-3c91140c9c96,EMP0795,Worker_0795,RFID000795,Stores,WS-03,AFTERNOON,3,2026-10-03T15:58:36,HAPPY,HAPPY,36.16,74.6,97.2,0.167,5.4,LOW
b616e3ef-0a97-4cd4-ab4c-208c1029230c,EMP0475,Worker_0475,RFID000475,Maintenance,WS-05,AFTERNOON,3,2026-10-03T15:58:40,SAD,OK,36.98,82.5,97.8,0.57,83.75,HIGH
8c5bb36c-abb5-4510-9dcb-810e0ac363e2,EMP0216,Worker_0216,RFID000216,Stores,WS-05,AFTERNOON,3,2026-10-03T15:58:41,OK,OK,36.39,73.0,98.1,0.372,38.6,MODERATE
a5176490-baeb-4a1c-8977-a96219accd34,EMP0132,Worker_0132,RFID000132,Maintenance,WS-09,AFTERNOON,3,2026-10-03T15:59:04,HAPPY,OK,36.32,68.2,97.5,0.202,13.92,LOW
fe98e1da-be78-4319-93c5-0d96e3f959a2,EMP0711,Worker_0711,RFID000711,Production,WS-10,AFTERNOON,3,2026-10-03T15:59:12,OK,OK,36.41,85.2,96.9,0.294,46.66,MODERATE
07f4c8d4-4640-4220-8429-f73166f4f9ba,EMP0403,Worker_0403,RFID000403,Packaging,WS-08,AFTERNOON,3,2026-10-03T15:59:30,OK,SAD,36.72,81.2,98.9,0.397,41.91,MODERATE
ace56739-dfee-4759-ab6e-7759bccb5320,EMP0507,Worker_0507,RFID000507,Production,WS-03,AFTERNOON,3,2026-10-03T15:59:46,HAPPY,OK,36.61,65.1,97.9,0.17,11.51,LOW
6b05175a-bd8f-4837-a76d-bf7f384549f2,EMP0884,Worker_0884,RFID000884,Production,WS-03,AFTERNOON,3,2026-10-03T15:59:48,OK,SAD,36.41,85.7,97.1,0.254,45.45,MODERATE
37ac6ea0-b37b-4676-8be2-69e163592eda,EMP0602,Worker_0602,RFID000602,Stores,WS-06,AFTERNOON,3,2026-10-03T16:00:10,HAPPY,OK,36.43,81.3,96.9,0.238,10.46,LOW
2b7cae68-b5c5-4434-9889-3f93680798ab,EMP0985,Worker_0985,RFID000985,Production,WS-02,AFTERNOON,3,2026-10-03T16:00:12,HAPPY,HAPPY,36.54,83.6,98.8,0.264,14.38,LOW
1069ecd7-52f7-4e4d-9bc8-9e5c8c14e367,EMP0575,Worker_0575,RFID000575,Stores,WS-08,AFTERNOON,3,2026-10-03T16:00:19,OK,HAPPY,36.88,82.8,96.8,0.422,42.98,MODERATE
75f77c7c-3d8a-437d-8d00-da037b9ef3f2,EMP0119,Worker_0119,RFID000119,Production,WS-05,AFTERNOON,3,2026-10-03T16:00:24,SAD,HAPPY,36.93,90.1,98.0,0.664,93.04,HIGH
4fd04401-e8d2-45bd-872c-a40c337ac2d0,EMP0833,Worker_0833,RFID000833,Quality,WS-08,AFTERNOON,3,2026-10-03T16:01:04,HAPPY,OK,36.6,85.6,99.4,0.232,10.49,LOW
4d9ac3a5-e506-4011-979e-8e41e228e3d3,EMP0489,Worker_0489,RFID000489,Stores,WS-09,AFTERNOON,3,2026-10-03T16:01:05,SAD,OK,36.74,81.8,97.7,0.394,68.04,HIGH
8062afc1-8420-41f2-b9eb-d3a98e974748,EMP0497,Worker_0497,RFID000497,Production,WS-05,AFTERNOON,3,2026-10-03T16:01:18,HAPPY,SAD,36.32,75.9,98.3,0.293,13.19,LOW
238c2ea1-8893-4616-aea8-49d5652c0414,EMP0917,Worker_0917,RFID000917,Packaging,WS-04,AFTERNOON,3,2026-10-03T16:01:21,OK,SAD,36.41,71.7,97.3,0.331,35.17,MODERATE
9bf15bea-32aa-4607-b0d6-edae7e587ecc,EMP0871,Worker_0871,RFID000871,Quality,WS-10,AFTERNOON,3,2026-10-03T16:01:39,HAPPY,HAPPY,36.23,78.1,97.9,0.417,14.83,LOW
fadb4933-41cc-4ae9-8228-d82c90768091,EMP0895,Worker_0895,RFID000895,Quality,WS-09,AFTERNOON,3,2026-10-03T16:01:42,HAPPY,OK,36.53,62.2,98.7,0.358,6.84,LOW
c4a227b2-544a-4d4f-96fc-25691acd8406,EMP0103,Worker_0103,RFID000103,Finishing,WS-02,AFTERNOON,3,2026-10-03T16:01:58,OK,OK,36.8,81.0,97.7,0.343,35.86,MODERATE
d1b1edb0-99ff-4e85-b5fc-3c9720df9f17,EMP0638,Worker_0638,RFID000638,Production,WS-08,AFTERNOON,3,2026-10-03T16:02:18,HAPPY,HAPPY,36.45,80.6,96.7,0.268,11.18,LOW
eb2679ee-d4b3-4224-a0a4-5eb87af8df54,EMP0912,Worker_0912,RFID000912,Quality,WS-08,AFTERNOON,3,2026-10-03T16:02:29,HAPPY,OK,36.51,74.6,98.0,0.359,14.51,LOW
dffdb04f-b08c-4171-a42b-43bbce0b2993,EMP0356,Worker_0356,RFID000356,Quality,WS-09,AFTERNOON,3,2026-10-03T16:02:39,OK,OK,36.35,72.0,98.1,0.349,33.02,LOW
596df5f9-ca02-4947-891b-727455bf8e9e,EMP0330,Worker_0330,RFID000330,Cutting,WS-02,AFTERNOON,3,2026-10-03T16:02:57,HAPPY,HAPPY,36.5,75.2,98.9,0.273,7.62,LOW
7a1bf457-a28c-4f38-948e-c4af4a8d7176,EMP0616,Worker_0616,RFID000616,Finishing,WS-06,AFTERNOON,3,2026-10-03T16:02:59,OK,HAPPY,36.33,78.0,96.8,0.382,35.5,MODERATE
81c6f1f3-157a-4444-873f-71855063eec5,EMP0429,Worker_0429,RFID000429,Finishing,WS-09,AFTERNOON,3,2026-10-03T16:03:45,SAD,HAPPY,36.79,86.2,96.9,0.566,88.11,HIGH
2820bdf3-315c-4f12-81fe-e2b097e81bb8,EMP0506,Worker_0506,RFID000506,Cutting,WS-08,AFTERNOON,3,2026-10-03T16:04:18,HAPPY,SAD,36.59,77.8,98.2,0.086,8.4,LOW
4d041b11-559b-4393-b1c1-109e1a574df3,EMP0111,Worker_0111,RFID000111,Cutting,WS-09,AFTERNOON,3,2026-10-03T16:04:19,OK,HAPPY,36.29,67.1,97.1,0.256,33.69,LOW
b11ebea4-1f75-477d-8c0e-84961070aade,EMP0394,Worker_0394,RFID000394,Maintenance,WS-03,AFTERNOON,3,2026-10-03T16:04:23,HAPPY,HAPPY,36.64,70.4,99.2,0.242,6.97,LOW
25c60400-76ae-414b-8e14-70f681330c42,EMP0662,Worker_0662,RFID000662,Quality,WS-03,AFTERNOON,3,2026-10-03T16:04:25,OK,HAPPY,36.35,89.1,97.5,0.214,40.03,MODERATE
d2a35441-3ce3-42d1-9b26-daac40f44b6a,EMP0880,Worker_0880,RFID000880,Finishing,WS-03,AFTERNOON,3,2026-10-03T16:04:31,HAPPY,HAPPY,36.3,80.1,98.2,0.261,6.92,LOW
8c30798d-bca1-41c3-9fdd-797956d77779,EMP0757,Worker_0757,RFID000757,Cutting,WS-03,AFTERNOON,3,2026-10-03T16:04:58,HAPPY,OK,36.68,80.5,98.1,0.294,9.12,LOW
f2f0397e-2ee6-480d-b078-3c344a23154c,EMP0451,Worker_0451,RFID000451,Packaging,WS-09,AFTERNOON,3,2026-10-03T16:05:04,SAD,OK,36.71,76.6,97.4,0.743,77.13,HIGH
6b0afead-bb13-427b-bf97-007b847db492,EMP0551,Worker_0551,RFID000551,Cutting,WS-07,AFTERNOON,3,2026-10-03T16:05:26,HAPPY,OK,36.37,69.2,97.1,0.117,9.69,LOW
2c6e5425-94ac-4769-8d1e-6a41a12b6df0,EMP0558,Worker_0558,RFID000558,Quality,WS-03,AFTERNOON,3,2026-10-03T16:05:28,OK,OK,36.6,71.2,97.3,0.329,39.1,MODERATE
eeaa7927-20d6-43c5-a9c0-e6b1cd213a57,EMP0350,Worker_0350,RFID000350,Production,WS-10,AFTERNOON,3,2026-10-03T16:05:59,HAPPY,HAPPY,36.47,79.2,98.7,0.084,8.91,LOW
0a84163d-46ee-4dec-a11c-cd6e827e2867,EMP0529,Worker_0529,RFID000529,Stores,WS-02,AFTERNOON,3,2026-10-03T16:06:23,SAD,OK,36.62,89.7,97.7,0.706,82.99,HIGH
d3f180ea-8533-4267-9057-240897876dc7,EMP0969,Worker_0969,RFID000969,Maintenance,WS-10,AFTERNOON,3,2026-10-03T16:06:23,HAPPY,OK,36.48,83.1,98.3,0.342,12.57,LOW
e90f4b3a-5251-4f4b-b8e3-b65025a01ef2,EMP0309,Worker_0309,RFID000309,Production,WS-09,AFTERNOON,3,2026-10-03T16:07:04,OK,OK,36.82,69.9,98.7,0.378,40.17,MODERATE
03d66d0e-51b9-4350-9495-b06e7edc80b9,EMP0544,Worker_0544,RFID000544,Packaging,WS-01,AFTERNOON,3,2026-10-03T16:07:22,OK,SAD,36.4,87.8,98.7,0.405,46.76,MODERATE
54507389-0263-447b-b697-3da9b73ad91e,EMP0649,Worker_0649,RFID000649,Packaging,WS-08,AFTERNOON,3,2026-10-03T16:07:58,OK,SAD,36.73,78.4,99.4,0.196,35.91,MODERATE
241ce161-4fb6-45c8-b7c9-da4b79ec39e3,EMP0022,Worker_0022,RFID000022,Packaging,WS-09,AFTERNOON,3,2026-10-03T16:08:16,SAD,HAPPY,36.9,90.9,97.4,0.48,80.37,HIGH
6cdd8710-6724-4ee4-8774-f84f8315124d,EMP0384,Worker_0384,RFID000384,Production,WS-05,AFTERNOON,3,2026-10-03T16:08:22,OK,OK,36.64,74.1,97.2,0.219,42.58,MODERATE
f53f3bd3-ee65-4489-a97e-5718fc05ad77,EMP0981,Worker_0981,RFID000981,Finishing,WS-09,AFTERNOON,3,2026-10-03T16:08:33,OK,HAPPY,36.5,82.9,97.2,0.391,35.26,MODERATE
6e1b4f61-5f87-44ad-8ced-2226a49a7062,EMP0893,Worker_0893,RFID000893,Maintenance,WS-10,AFTERNOON,3,2026-10-03T16:08:46,HAPPY,HAPPY,36.22,71.4,98.3,0.352,13.33,LOW
69a918c8-0f05-4ab0-a164-a789e817eb1d,EMP0311,Worker_0311,RFID000311,Stores,WS-01,AFTERNOON,3,2026-10-03T16:09:27,SAD,SAD,36.66,96.4,98.0,0.483,93.06,HIGH
c5e1dd0a-4264-4d4a-8b60-1f100ad8d0b9,EMP0460,Worker_0460,RFID000460,Cutting,WS-01,AFTERNOON,3,2026-10-03T16:09:42,OK,OK,36.78,80.7,98.4,0.146,36.22,MODERATE
6a4fb276-d6b9-4c6f-8f85-bd603f81d592,EMP0587,Worker_0587,RFID000587,Finishing,WS-07,AFTERNOON,3,2026-10-03T16:10:02,HAPPY,HAPPY,36.54,69.3,98.3,0.307,8.51,LOW
ab192378-5ac7-4957-92ab-dafb8357f63d,EMP0913,Worker_0913,RFID000913,Finishing,WS-09,AFTERNOON,3,2026-10-03T16:10:23,HAPPY,OK,36.38,79.2,98.1,0.378,8.74,LOW
1e4fce40-b73e-4076-9d84-f63838378d93,EMP0296,Worker_0296,RFID000296,Stores,WS-07,AFTERNOON,3,2026-10-03T16:10:38,HAPPY,HAPPY,36.36,77.7,97.4,0.272,6.15,LOW
e573a37a-ba03-4ccc-b170-0841dc5c5e3c,EMP0584,Worker_0584,RFID000584,Quality,WS-10,AFTERNOON,3,2026-10-03T16:10:56,OK,HAPPY,36.51,80.9,98.0,0.147,39.59,MODERATE
ba2e1666-153c-4666-aff0-58977cf2374b,EMP0312,Worker_0312,RFID000312,Production,WS-09,AFTERNOON,3,2026-10-03T16:11:04,SAD,OK,36.35,86.9,98.2,0.416,78.34,HIGH
e412d1b1-9b33-4efe-bdb5-628201adbe68,EMP0214,Worker_0214,RFID000214,Production,WS-04,AFTERNOON,3,2026-10-03T16:11:14,OK,OK,36.36,88.4,96.5,0.334,38.1,MODERATE
59b2571e-7fe7-4f16-ba3b-d96be7e1911e,EMP0987,Worker_0987,RFID000987,Stores,WS-03,AFTERNOON,3,2026-10-03T16:11:38,SAD,SAD,36.41,80.8,98.8,0.577,88.26,HIGH
d18f9c39-9125-4c1c-b1b4-6d70551629e7,EMP0536,Worker_0536,RFID000536,Stores,WS-10,AFTERNOON,3,2026-10-03T16:11:40,HAPPY,HAPPY,36.67,76.6,99.0,0.401,12.55,LOW
1948ca5f-5efa-4ff2-aa96-d1dd69c0e2ca,EMP0382,Worker_0382,RFID000382,Quality,WS-02,AFTERNOON,3,2026-10-03T16:11:47,HAPPY,OK,36.31,78.8,99.2,0.246,12.62,LOW
c230598e-1c9a-4258-ba12-19dcc8d513ab,EMP0851,Worker_0851,RFID000851,Assembly,WS-04,AFTERNOON,3,2026-10-03T16:12:04,HAPPY,HAPPY,36.55,81.7,97.6,0.334,6.7,LOW
b09d390a-44b7-4aff-9251-f20b833b63f7,EMP0897,Worker_0897,RFID000897,Cutting,WS-07,AFTERNOON,3,2026-10-03T16:12:13,HAPPY,HAPPY,36.36,72.6,97.1,0.356,11.35,LOW
aa8f67b2-7d89-4ea8-9422-654c95c65b93,EMP0185,Worker_0185,RFID000185,Production,WS-08,AFTERNOON,3,2026-10-03T16:12:15,HAPPY,HAPPY,36.41,83.7,98.4,0.245,12.01,LOW
b1556072-ff9e-43ef-910b-b0fbe8d7b82b,EMP0604,Worker_0604,RFID000604,Assembly,WS-09,AFTERNOON,3,2026-10-03T16:12:39,OK,OK,36.58,87.7,98.6,0.321,45.01,MODERATE
ebdfd2e6-3881-45a1-9bd3-09dba51f6104,EMP0448,Worker_0448,RFID000448,Cutting,WS-08,AFTERNOON,3,2026-10-03T16:13:29,OK,OK,36.64,79.6,97.5,0.252,34.72,LOW
a013223d-c416-4f98-a04b-84bd72b9ac27,EMP0322,Worker_0322,RFID000322,Stores,WS-07,AFTERNOON,3,2026-10-03T16:13:35,HAPPY,OK,36.19,78.1,99.9,0.301,7.36,LOW
b6e5bb8a-a1a6-4a24-9306-6a760475c78e,EMP0381,Worker_0381,RFID000381,Packaging,WS-03,AFTERNOON,3,2026-10-03T16:13:47,SAD,SAD,36.73,101.6,97.4,0.463,100,HIGH
10d21dff-a8ef-41bd-be42-007af3ee8e65,EMP0623,Worker_0623,RFID000623,Production,WS-04,AFTERNOON,3,2026-10-03T16:13:48,OK,HAPPY,36.68,83.1,98.2,0.279,35.01,MODERATE
c9275294-191c-4589-b93a-ea1a26e4056c,EMP0230,Worker_0230,RFID000230,Production,WS-06,AFTERNOON,3,2026-10-03T16:14:05,HAPPY,OK,36.36,74.6,98.5,0.335,8.24,LOW
d0106663-590a-4753-b9a5-600b01246291,EMP0656,Worker_0656,RFID000656,Cutting,WS-06,AFTERNOON,3,2026-10-03T16:14:36,SAD,SAD,36.39,88.3,96.6,0.483,85.81,HIGH
5214dda5-0814-49d5-a097-1b98e908d258,EMP0759,Worker_0759,RFID000759,Quality,WS-09,AFTERNOON,3,2026-10-03T16:14:53,OK,SAD,36.68,73.1,99.1,0.227,36.67,MODERATE
64479fda-32c1-4544-aed4-1d36e1066978,EMP0811,Worker_0811,RFID000811,Finishing,WS-04,AFTERNOON,3,2026-10-03T16:14:56,HAPPY,HAPPY,36.22,68.5,98.5,0.253,12.16,LOW
23113ecc-e08f-4e1c-a0ce-b00ea0aac42d,EMP0949,Worker_0949,RFID000949,Quality,WS-10,AFTERNOON,3,2026-10-03T16:14:59,SAD,HAPPY,36.85,88.7,98.0,0.52,84.45,HIGH
216242f9-49f6-47e2-b26d-2976119fa970,EMP0299,Worker_0299,RFID000299,Finishing,WS-06,AFTERNOON,3,2026-10-03T16:15:54,HAPPY,OK,36.58,67.6,97.4,0.213,9.55,LOW
7bcd1a30-3417-4be7-8587-71f2cbb1e5de,EMP0994,Worker_0994,RFID000994,Cutting,WS-01,AFTERNOON,3,2026-10-03T16:16:24,OK,HAPPY,36.43,74.3,99.1,0.258,39.28,MODERATE
2428c633-7cf9-448e-bcfb-a5ad85d0f60f,EMP0198,Worker_0198,RFID000198,Stores,WS-10,AFTERNOON,3,2026-10-03T16:16:38,HAPPY,HAPPY,36.51,91.9,98.6,0.187,21.4,LOW
284847f1-7031-49c1-ac35-ccc67edf32df,EMP0887,Worker_0887,RFID000887,Maintenance,WS-06,AFTERNOON,3,2026-10-03T16:16:42,HAPPY,SAD,36.43,72.2,99.2,0.267,11.15,LOW
d4eb3d8e-5a4c-4fa1-bbd7-44c932d7bd9f,EMP0718,Worker_0718,RFID000718,Assembly,WS-02,AFTERNOON,3,2026-10-03T16:16:43,HAPPY,HAPPY,36.48,65.4,97.7,0.217,9.56,LOW
f88ed019-30bf-4b80-94f1-a6cde56b3f71,EMP0037,Worker_0037,RFID000037,Maintenance,WS-04,AFTERNOON,3,2026-10-03T16:16:56,HAPPY,OK,36.32,77.3,97.7,0.198,12.6,LOW
3ab699bd-d6f5-4282-94c4-207a723032de,EMP0329,Worker_0329,RFID000329,Stores,WS-09,AFTERNOON,3,2026-10-03T16:17:23,HAPPY,HAPPY,36.48,72.5,97.8,0.262,9.96,LOW
b55e59e2-ae3c-4e88-b591-d252ed4414b1,EMP0745,Worker_0745,RFID000745,Finishing,WS-09,AFTERNOON,3,2026-10-03T16:17:32,HAPPY,OK,36.43,72.3,98.2,0.168,11.41,LOW
465b2f71-df1c-4af6-b867-275fedcfa91e,EMP0447,Worker_0447,RFID000447,Assembly,WS-01,AFTERNOON,3,2026-10-03T16:17:36,OK,HAPPY,36.66,74.1,99.5,0.301,42.98,MODERATE
82b95e95-20dc-4f7e-81ee-168a60ceab94,EMP0842,Worker_0842,RFID000842,Finishing,WS-10,AFTERNOON,3,2026-10-03T16:17:42,SAD,HAPPY,36.35,93.9,97.5,0.531,81.23,HIGH
7bbea56f-8c28-4451-8e84-de34da8bb5bd,EMP0278,Worker_0278,RFID000278,Finishing,WS-03,AFTERNOON,3,2026-10-03T16:17:46,OK,OK,36.67,80.1,97.5,0.385,42.32,MODERATE
d2bab8c6-2adc-4719-b38f-f45fb4abb807,EMP0233,Worker_0233,RFID000233,Quality,WS-03,AFTERNOON,3,2026-10-03T16:18:22,HAPPY,HAPPY,36.59,73.0,97.0,0.104,14.64,LOW
46fa91b8-abfa-4807-9138-b9fd5cb4cd27,EMP0120,Worker_0120,RFID000120,Finishing,WS-09,AFTERNOON,3,2026-10-03T16:18:35,SAD,OK,36.46,82.1,98.5,0.538,75.37,HIGH
539a58b2-89c6-464d-b25a-6fd2f7046618,EMP0737,Worker_0737,RFID000737,Stores,WS-08,AFTERNOON,3,2026-10-03T16:18:55,OK,HAPPY,36.68,88.3,97.5,0.343,43.97,MODERATE
4d79e103-f890-4cf5-994c-7c096d8fc8c4,EMP0663,Worker_0663,RFID000663,Cutting,WS-08,AFTERNOON,3,2026-10-03T16:19:01,OK,HAPPY,36.67,78.7,97.0,0.376,41.03,MODERATE
69e33126-cc79-456c-8eb8-0a03dc8e66ce,EMP0754,Worker_0754,RFID000754,Stores,WS-04,AFTERNOON,3,2026-10-03T16:19:03,OK,SAD,36.77,81.4,98.2,0.397,36.21,MODERATE
63254d1e-b3a5-4da4-a59c-95359cd54e7e,EMP0713,Worker_0713,RFID000713,Cutting,WS-01,AFTERNOON,3,2026-10-03T16:19:08,HAPPY,HAPPY,36.34,69.4,98.8,0.173,6.04,LOW
030edd16-1e5d-437d-abd3-633385da9af8,EMP0014,Worker_0014,RFID000014,Production,WS-02,AFTERNOON,3,2026-10-03T16:19:21,SAD,HAPPY,36.43,72.7,97.6,0.434,80.96,HIGH
4fba6954-3f42-4012-9d2e-fab8037f1bd3,EMP0116,Worker_0116,RFID000116,Quality,WS-08,AFTERNOON,3,2026-10-03T16:19:22,HAPPY,HAPPY,36.22,80.1,98.5,0.242,12.72,LOW
09c9d66d-82ea-4d94-b6c4-de71d3684d9b,EMP0582,Worker_0582,RFID000582,Maintenance,WS-03,AFTERNOON,3,2026-10-03T16:19:24,HAPPY,OK,36.36,75.0,97.9,0.276,13.69,LOW
d1bedf62-44a5-4692-a902-73afdaa59f39,EMP0186,Worker_0186,RFID000186,Production,WS-08,AFTERNOON,3,2026-10-03T16:19:38,OK,OK,36.79,68.8,97.9,0.368,39.52,MODERATE
a2adcee4-5991-4ca1-a890-2a361bd56731,EMP0321,Worker_0321,RFID000321,Assembly,WS-05,AFTERNOON,3,2026-10-03T16:19:38,OK,OK,36.34,70.2,99.3,0.329,40.89,MODERATE
6245e57a-c9dc-4862-ac0d-d3e6308ae656,EMP0900,Worker_0900,RFID000900,Finishing,WS-04,AFTERNOON,3,2026-10-03T16:19:43,OK,HAPPY,36.33,75.8,98.6,0.202,34.1,LOW
768aa0db-16ae-4dd0-af58-01bb9d66e043,EMP0794,Worker_0794,RFID000794,Cutting,WS-08,AFTERNOON,3,2026-10-03T16:19:45,HAPPY,OK,36.61,78.2,98.9,0.32,5.71,LOW
804ae45d-de78-44a5-9578-fb4f32b9223d,EMP0534,Worker_0534,RFID000534,Production,WS-07,AFTERNOON,3,2026-10-03T16:20:12,OK,HAPPY,36.85,70.1,98.9,0.304,39.03,MODERATE
a934ad66-cca5-4357-afba-538d82812656,EMP0789,Worker_0789,RFID000789,Stores,WS-01,AFTERNOON,3,2026-10-03T16:20:17,OK,HAPPY,36.71,78.1,97.0,0.116,40.66,MODERATE
bed23ab8-9154-4f2b-9644-7b5a31a1c1f0,EMP0168,Worker_0168,RFID000168,Production,WS-02,AFTERNOON,3,2026-10-03T16:20:51,HAPPY,OK,36.35,82.1,97.8,0.202,9.82,LOW
f45d761d-d478-45a8-86d1-267395e2bd71,EMP0921,Worker_0921,RFID000921,Stores,WS-03,AFTERNOON,3,2026-10-03T16:21:02,SAD,SAD,36.67,92.4,96.8,0.435,87.35,HIGH
605df76e-a0fc-4749-9c3f-6eb9e598f634,EMP0513,Worker_0513,RFID000513,Assembly,WS-08,AFTERNOON,3,2026-10-03T16:21:22,SAD,SAD,36.55,84.5,96.5,0.634,93.62,HIGH
ac2a12fe-8a66-4891-8dce-631ef246bb2e,EMP0816,Worker_0816,RFID000816,Production,WS-05,AFTERNOON,3,2026-10-03T16:21:23,HAPPY,OK,36.13,79.9,98.6,0.275,9.46,LOW
b2ae11b9-fc55-41f0-815a-67bd50d84c28,EMP0203,Worker_0203,RFID000203,Stores,WS-02,AFTERNOON,3,2026-10-03T16:21:43,OK,HAPPY,36.65,87.3,98.4,0.27,37.58,MODERATE
442bcf43-d5dc-475c-9ffb-7bca4588b35c,EMP0939,Worker_0939,RFID000939,Cutting,WS-08,AFTERNOON,3,2026-10-03T16:21:52,OK,HAPPY,36.84,77.3,98.7,0.427,38.99,MODERATE
295f3302-b1d5-42a2-a1ad-bbbaaaf1a3ce,EMP0530,Worker_0530,RFID000530,Maintenance,WS-07,AFTERNOON,3,2026-10-03T16:21:57,HAPPY,OK,36.5,80.8,97.3,0.133,12.86,LOW
01e4bdc9-7d42-4e81-beb2-3842f379e01e,EMP0411,Worker_0411,RFID000411,Finishing,WS-08,AFTERNOON,3,2026-10-03T16:22:10,HAPPY,OK,36.28,73.7,98.0,0.327,14.66,LOW
db3788a7-b4f2-4f88-8d8b-b4cf21b58d58,EMP0736,Worker_0736,RFID000736,Stores,WS-06,AFTERNOON,3,2026-10-03T16:22:47,HAPPY,SAD,36.5,71.5,98.9,0.426,9.8,LOW
f363e91d-9e7b-41e5-815c-7219baca1e18,EMP0903,Worker_0903,RFID000903,Quality,WS-02,AFTERNOON,3,2026-10-03T16:22:55,HAPPY,OK,36.3,77.7,96.7,0.335,7.79,LOW
65962029-4486-4f01-8ea8-f7e8f4788cbb,EMP0015,Worker_0015,RFID000015,Finishing,WS-09,AFTERNOON,3,2026-10-03T16:23:19,HAPPY,HAPPY,36.48,74.2,99.3,0.368,9.67,LOW
b4155bd1-252e-408b-ab00-1cd92653fbd7,EMP0219,Worker_0219,RFID000219,Assembly,WS-06,AFTERNOON,3,2026-10-03T16:23:26,HAPPY,SAD,36.23,80.3,98.7,0.247,10.84,LOW
ddcd33a5-3783-4f27-a550-24e6d421c2c8,EMP0445,Worker_0445,RFID000445,Maintenance,WS-05,AFTERNOON,3,2026-10-03T16:23:28,HAPPY,SAD,36.16,70.0,98.1,0.214,5.3,LOW
2c099d7c-fc73-4967-873c-7930dbd6476c,EMP0783,Worker_0783,RFID000783,Maintenance,WS-01,AFTERNOON,3,2026-10-03T16:23:36,HAPPY,OK,36.6,81.9,98.1,0.328,5.04,LOW
c435ba5a-fbf2-487d-aeb7-7957faa454d5,EMP0929,Worker_0929,RFID000929,Cutting,WS-07,AFTERNOON,3,2026-10-03T16:23:43,HAPPY,OK,36.56,74.1,97.6,0.131,5.14,LOW
29aff1e7-a7ea-43e7-9a8b-6fb83b79f88c,EMP0744,Worker_0744,RFID000744,Assembly,WS-08,AFTERNOON,3,2026-10-03T16:24:22,OK,SAD,36.62,83.7,98.3,0.273,37.26,MODERATE
08edd519-efab-49e8-b46b-5b55840d88c8,EMP0598,Worker_0598,RFID000598,Quality,WS-08,AFTERNOON,3,2026-10-03T16:24:48,HAPPY,HAPPY,36.43,80.6,99.5,0.31,8.37,LOW
99e23df9-8b02-4aa5-9dea-7d6bee6f3c8c,EMP0427,Worker_0427,RFID000427,Quality,WS-03,AFTERNOON,3,2026-10-03T16:24:53,OK,OK,36.49,79.0,97.8,0.424,45.98,MODERATE
7fe0f5bc-fb44-47a1-a808-8fe544f74abe,EMP0420,Worker_0420,RFID000420,Maintenance,WS-08,AFTERNOON,3,2026-10-03T16:25:42,OK,HAPPY,36.24,83.6,98.4,0.329,36.51,MODERATE
ff178583-308a-442f-b8e3-6ff18e0fb93f,EMP0167,Worker_0167,RFID000167,Maintenance,WS-06,AFTERNOON,3,2026-10-03T16:25:53,HAPPY,HAPPY,36.3,68.9,97.8,0.327,14.22,LOW
e0f15ef9-8f43-4d17-a5e0-04e07e219b56,EMP0032,Worker_0032,RFID000032,Production,WS-07,AFTERNOON,3,2026-10-03T16:26:27,SAD,HAPPY,36.81,82.1,97.5,0.547,72.39,HIGH
e0a1c5ed-cbe1-40a0-8ce6-0889b76106e1,EMP0689,Worker_0689,RFID000689,Packaging,WS-10,AFTERNOON,3,2026-10-03T16:26:42,OK,OK,36.79,86.8,98.8,0.243,37.25,MODERATE
92fb09fc-10b9-4a15-9ac6-40913b151ac1,EMP0007,Worker_0007,RFID000007,Assembly,WS-01,AFTERNOON,3,2026-10-03T16:27:11,SAD,SAD,36.84,95.0,98.5,0.689,96.29,HIGH
0ea7cff4-82b2-4553-9244-f53f2fcfcbff,EMP0716,Worker_0716,RFID000716,Quality,WS-07,AFTERNOON,3,2026-10-03T16:27:21,SAD,HAPPY,36.72,78.8,96.7,0.554,80.77,HIGH
e21d2468-bbca-4bbb-99d5-62c93e89303f,EMP0940,Worker_0940,RFID000940,Stores,WS-05,AFTERNOON,3,2026-10-03T16:27:52,SAD,SAD,37.01,83.0,97.0,0.611,87.66,HIGH
6651cabb-aa2c-4af1-a8b2-6cb2e02da519,EMP0792,Worker_0792,RFID000792,Stores,WS-09,AFTERNOON,3,2026-10-03T16:28:41,OK,OK,36.32,88.5,98.9,0.326,37.79,MODERATE
c54ea8b1-a9ef-4bcc-84b1-b6d1b86a2360,EMP0906,Worker_0906,RFID000906,Finishing,WS-02,AFTERNOON,3,2026-10-03T16:29:18,HAPPY,HAPPY,36.64,69.9,97.2,0.337,11.41,LOW
79ae94f9-c6b4-4207-9fce-ed8a212b41cd,EMP0227,Worker_0227,RFID000227,Quality,WS-02,AFTERNOON,3,2026-10-03T16:29:25,SAD,HAPPY,36.93,91.3,96.5,0.208,80.75,HIGH
9f993dd1-0d9b-4c4e-9ec4-79813bd1a4cc,EMP0338,Worker_0338,RFID000338,Production,WS-08,AFTERNOON,3,2026-10-03T16:30:10,HAPPY,HAPPY,36.27,81.4,98.2,0.272,12.93,LOW
5289ab77-9511-4800-a406-96e209b1a34c,EMP0541,Worker_0541,RFID000541,Quality,WS-09,AFTERNOON,3,2026-10-03T16:30:19,HAPPY,HAPPY,36.44,65.7,98.2,0.314,7.97,LOW
b62bda75-622a-4f5a-bc36-b98a7eda3ffc,EMP0843,Worker_0843,RFID000843,Cutting,WS-03,AFTERNOON,3,2026-10-03T16:30:23,OK,HAPPY,36.35,86.5,98.1,0.376,46.7,MODERATE
6d822ccf-cd42-4bb0-9be3-86d9a25ace70,EMP0398,Worker_0398,RFID000398,Production,WS-04,AFTERNOON,3,2026-10-03T16:30:37,SAD,SAD,36.63,88.8,98.1,0.458,91.84,HIGH
cc514f95-a687-4be8-9480-c8a63f8045af,EMP0502,Worker_0502,RFID000502,Assembly,WS-05,AFTERNOON,3,2026-10-03T16:30:39,HAPPY,HAPPY,36.41,71.2,99.1,0.202,9.07,LOW
9a8c9789-3f57-4cde-86d4-db126da45b52,EMP0172,Worker_0172,RFID000172,Production,WS-04,AFTERNOON,3,2026-10-03T16:30:57,HAPPY,OK,36.58,67.2,96.9,0.181,9.14,LOW
7e564605-d18c-468a-a2e6-f508a7eac466,EMP0569,Worker_0569,RFID000569,Quality,WS-09,AFTERNOON,3,2026-10-03T16:30:59,OK,OK,36.35,72.6,97.3,0.37,38.37,MODERATE
82a4eb5c-640f-4e75-a9a0-4f5dfcc25e19,EMP0424,Worker_0424,RFID000424,Packaging,WS-01,AFTERNOON,3,2026-10-03T16:31:02,SAD,SAD,36.85,98.1,97.2,0.544,91.68,HIGH
3ce544dc-58ac-4107-b079-40ae263e5dc8,EMP0126,Worker_0126,RFID000126,Cutting,WS-06,AFTERNOON,3,2026-10-03T16:31:09,SAD,SAD,37.01,99.1,97.4,0.577,100,HIGH
159da6b8-0f05-4b80-bd3b-49566e877450,EMP0277,Worker_0277,RFID000277,Maintenance,WS-02,AFTERNOON,3,2026-10-03T16:31:13,HAPPY,HAPPY,36.87,82.1,97.8,0.176,9.61,LOW
faa8f082-dccd-40a2-99ac-073dfa93e372,EMP0741,Worker_0741,RFID000741,Quality,WS-10,AFTERNOON,3,2026-10-03T16:31:18,HAPPY,OK,36.26,74.9,96.4,0.283,5.94,LOW
b6628200-2061-457f-a060-0e99481c7522,EMP0292,Worker_0292,RFID000292,Packaging,WS-09,AFTERNOON,3,2026-10-03T16:31:38,SAD,HAPPY,36.77,81.6,96.9,0.505,79.3,HIGH
e57f2a8c-695c-4f28-a8b3-eb66fa05825d,EMP0453,Worker_0453,RFID000453,Quality,WS-02,AFTERNOON,3,2026-10-03T16:31:38,HAPPY,HAPPY,36.57,83.2,99.2,0.198,6.79,LOW
07841515-5842-4485-a7fc-11ee4b920236,EMP0061,Worker_0061,RFID000061,Quality,WS-02,AFTERNOON,3,2026-10-03T16:31:40,SAD,SAD,36.57,84.2,97.9,0.428,83.63,HIGH
7fca1546-31fd-4e29-9034-9ac0948d8aee,EMP0325,Worker_0325,RFID000325,Cutting,WS-07,AFTERNOON,3,2026-10-03T16:31:40,HAPPY,SAD,36.58,72.5,98.3,0.293,9.98,LOW
d5b2b8d2-d0be-43f9-b3a1-ced294f2fd36,EMP0129,Worker_0129,RFID000129,Stores,WS-06,AFTERNOON,3,2026-10-03T16:31:43,HAPPY,OK,36.4,66.0,98.6,0.26,9.68,LOW
d0c7d7e0-e131-439a-837b-490395c21f08,EMP0579,Worker_0579,RFID000579,Production,WS-10,AFTERNOON,3,2026-10-03T16:31:54,SAD,OK,36.48,91.5,98.9,0.624,89.12,HIGH
32a9bec5-769b-4bd4-ab53-8d404af6c383,EMP0866,Worker_0866,RFID000866,Packaging,WS-10,AFTERNOON,3,2026-10-03T16:32:02,HAPPY,HAPPY,36.6,74.9,99.3,0.089,5.79,LOW
21e6ece1-c683-4ad6-a303-30c81946f3e9,EMP0782,Worker_0782,RFID000782,Maintenance,WS-05,AFTERNOON,3,2026-10-03T16:32:41,OK,SAD,36.8,71.9,97.5,0.275,36.4,MODERATE
a28cca08-44bf-4389-a42e-46939415d042,EMP0931,Worker_0931,RFID000931,Packaging,WS-05,AFTERNOON,3,2026-10-03T16:33:25,HAPPY,OK,36.46,74.7,98.1,0.309,14.99,LOW
5e56c449-df6c-4da2-b9c1-a44e58c7450f,EMP0112,Worker_0112,RFID000112,Production,WS-09,AFTERNOON,3,2026-10-03T16:33:31,HAPPY,OK,36.1,74.6,98.2,0.251,6.02,LOW
dab3f438-46a6-4c1c-86bf-1a3dcf0527ce,EMP0152,Worker_0152,RFID000152,Quality,WS-02,AFTERNOON,3,2026-10-03T16:34:02,OK,HAPPY,36.16,81.8,96.7,0.422,46.44,MODERATE
ad1448e2-09be-424f-a5e0-4b7a33aa0826,EMP0704,Worker_0704,RFID000704,Production,WS-06,AFTERNOON,3,2026-10-03T16:34:26,OK,SAD,36.49,86.5,97.3,0.259,42.49,MODERATE
68050a38-a1b4-4445-89bc-1306a2782a24,EMP0376,Worker_0376,RFID000376,Quality,WS-01,AFTERNOON,3,2026-10-03T16:34:27,OK,HAPPY,36.42,76.1,98.5,0.196,39.74,MODERATE
7d0e563e-962a-42c5-8c2b-3360e4eb2b31,EMP0824,Worker_0824,RFID000824,Finishing,WS-10,AFTERNOON,3,2026-10-03T16:34:32,OK,OK,36.57,87.6,98.6,0.347,43.06,MODERATE
346a42d3-7f40-4d6f-ab34-3ec7740c7f90,EMP0206,Worker_0206,RFID000206,Maintenance,WS-02,AFTERNOON,3,2026-10-03T16:35:18,OK,HAPPY,36.52,66.2,98.8,0.349,38.53,MODERATE
febbedf4-07ac-4ea3-bf0f-6b834fda6c1b,EMP0232,Worker_0232,RFID000232,Assembly,WS-03,AFTERNOON,3,2026-10-03T16:35:42,HAPPY,HAPPY,36.64,78.1,98.5,0.352,9.44,LOW
26237342-7382-4ed1-a038-8b1fe5e59664,EMP0313,Worker_0313,RFID000313,Production,WS-09,AFTERNOON,3,2026-10-03T16:36:56,OK,HAPPY,36.76,83.8,98.2,0.445,45.86,MODERATE
ea1b08b8-a0d2-4814-bbe8-11f30dadfb15,EMP0264,Worker_0264,RFID000264,Finishing,WS-04,AFTERNOON,3,2026-10-03T16:37:18,SAD,SAD,36.62,84.9,97.8,0.64,91.46,HIGH
377767d7-15bb-4473-bb5a-55a739ad4731,EMP0992,Worker_0992,RFID000992,Packaging,WS-02,AFTERNOON,3,2026-10-03T16:37:22,HAPPY,OK,36.36,76.4,98.6,0.12,12.3,LOW
6532eeef-5ba7-4781-9e65-a2c80b406e7e,EMP0133,Worker_0133,RFID000133,Cutting,WS-05,AFTERNOON,3,2026-10-03T16:37:31,HAPPY,OK,36.38,74.7,99.2,0.357,8.48,LOW
6ced5fe4-51f4-4a4f-aa45-83d9e5918356,EMP0177,Worker_0177,RFID000177,Stores,WS-02,AFTERNOON,3,2026-10-03T16:37:59,OK,HAPPY,36.42,78.6,98.1,0.295,39.51,MODERATE
53db60c9-e205-4342-94c2-2994884b0523,EMP0342,Worker_0342,RFID000342,Assembly,WS-02,AFTERNOON,3,2026-10-03T16:38:00,HAPPY,HAPPY,36.61,83.9,98.6,0.271,12.28,LOW
60139581-421e-4a1a-b82a-0ad3e63ae1ad,EMP0433,Worker_0433,RFID000433,Quality,WS-03,AFTERNOON,3,2026-10-03T16:38:04,HAPPY,OK,36.44,78.0,98.0,0.239,12.54,LOW
c49c172a-ad40-452c-8d4b-5d956a231ebf,EMP0284,Worker_0284,RFID000284,Production,WS-07,AFTERNOON,3,2026-10-03T16:38:48,HAPPY,HAPPY,36.23,75.6,99.2,0.39,11.95,LOW
ac8023f7-b5ea-4eac-be5d-daa98d6830c7,EMP0676,Worker_0676,RFID000676,Quality,WS-03,AFTERNOON,3,2026-10-03T16:39:01,HAPPY,HAPPY,36.7,67.1,97.2,0.224,12.91,LOW
51c334c5-dc29-4a53-8557-e898d0e24416,EMP0393,Worker_0393,RFID000393,Assembly,WS-01,AFTERNOON,3,2026-10-03T16:39:10,OK,HAPPY,36.73,78.5,98.3,0.462,42.96,MODERATE
40d5665e-ec05-47ae-b206-c74d2d952473,EMP0097,Worker_0097,RFID000097,Production,WS-05,AFTERNOON,3,2026-10-03T16:39:25,HAPPY,OK,36.64,87.5,98.9,0.192,11.78,LOW
c9b13194-36fc-4741-bdcb-fd44d17a9f7e,EMP0666,Worker_0666,RFID000666,Maintenance,WS-09,AFTERNOON,3,2026-10-03T16:39:26,HAPPY,OK,36.15,66.5,97.2,0.409,17.92,LOW
d8e583c2-8722-46d7-aa96-ef31bd02e44e,EMP0852,Worker_0852,RFID000852,Assembly,WS-02,AFTERNOON,3,2026-10-03T16:39:46,OK,OK,36.29,75.9,97.3,0.296,38.69,MODERATE
420fd16e-8750-4565-a384-5eaaa369e1c1,EMP0131,Worker_0131,RFID000131,Packaging,WS-08,AFTERNOON,3,2026-10-03T16:40:00,SAD,SAD,36.79,88.1,98.0,0.498,84.32,HIGH
c7f46bee-bd14-4ccc-b4bd-dcd725a084ce,EMP0134,Worker_0134,RFID000134,Cutting,WS-10,AFTERNOON,3,2026-10-03T16:40:03,OK,SAD,36.37,79.2,98.2,0.166,33.04,LOW
7fc8b5fe-7de7-40ba-86cd-91e22289572a,EMP0347,Worker_0347,RFID000347,Finishing,WS-08,AFTERNOON,3,2026-10-03T16:41:06,SAD,OK,36.7,82.2,98.2,0.242,75.9,HIGH
33e00738-87d0-4270-9fa5-6f3cd90c7b8a,EMP0235,Worker_0235,RFID000235,Assembly,WS-05,AFTERNOON,3,2026-10-03T16:41:11,OK,OK,36.78,76.2,97.5,0.382,33.63,LOW
e89898f0-9c13-499a-9c5b-49c021a0f036,EMP0693,Worker_0693,RFID000693,Production,WS-02,AFTERNOON,3,2026-10-03T16:41:15,OK,SAD,36.44,78.3,98.6,0.344,38.04,MODERATE
980ceb7f-c1b0-4b50-8327-65c11ab913b8,EMP0199,Worker_0199,RFID000199,Quality,WS-04,AFTERNOON,3,2026-10-03T16:41:25,OK,SAD,36.36,82.2,97.8,0.486,42.23,MODERATE
4d5cbb90-b278-4c5e-9a59-9f87480eb65b,EMP0605,Worker_0605,RFID000605,Cutting,WS-10,AFTERNOON,3,2026-10-03T16:41:42,OK,SAD,36.49,75.1,97.0,0.463,41.8,MODERATE
32d4d83a-5a79-4155-b266-ff41763c67d5,EMP0310,Worker_0310,RFID000310,Cutting,WS-03,AFTERNOON,3,2026-10-03T16:42:02,OK,HAPPY,36.26,80.9,98.0,0.261,36.39,MODERATE
ecb42d30-d27b-40f3-b977-90270073afa3,EMP0201,Worker_0201,RFID000201,Quality,WS-07,AFTERNOON,3,2026-10-03T16:42:06,HAPPY,SAD,36.75,67.9,99.0,0.391,7.57,LOW
058b9053-ba6a-413f-84d1-6616c1840922,EMP0021,Worker_0021,RFID000021,Quality,WS-03,AFTERNOON,3,2026-10-03T16:42:16,OK,OK,36.7,83.5,97.5,0.233,40.75,MODERATE
eddac9da-faa2-45a6-96ce-6247a8900e81,EMP0896,Worker_0896,RFID000896,Finishing,WS-06,AFTERNOON,3,2026-10-03T16:42:37,SAD,HAPPY,36.44,82.9,97.5,0.234,74.01,HIGH
894e33f4-b038-47dc-bae2-93e8a9e2262e,EMP0546,Worker_0546,RFID000546,Production,WS-05,AFTERNOON,3,2026-10-03T16:43:03,HAPPY,HAPPY,36.2,82.8,97.6,0.317,10.41,LOW
59adee98-e20e-4139-9ce5-cf763aa06827,EMP0290,Worker_0290,RFID000290,Production,WS-07,AFTERNOON,3,2026-10-03T16:43:09,HAPPY,HAPPY,36.88,75.6,98.8,0.141,10.4,LOW
70ad68d4-f56b-4117-adb1-b5d43e4b276f,EMP0247,Worker_0247,RFID000247,Cutting,WS-06,AFTERNOON,3,2026-10-03T16:43:22,OK,HAPPY,36.22,72.4,98.3,0.291,38.75,MODERATE
0b9252e0-5ebd-4e36-b204-89ed8eefb964,EMP0163,Worker_0163,RFID000163,Cutting,WS-01,AFTERNOON,3,2026-10-03T16:43:26,HAPPY,HAPPY,36.52,81.5,97.1,0.357,5.71,LOW
7d8b598a-09e0-4b42-aef7-425d5e83efbb,EMP0136,Worker_0136,RFID000136,Finishing,WS-05,AFTERNOON,3,2026-10-03T16:43:41,HAPPY,HAPPY,36.31,81.6,98.4,0.18,9.7,LOW
10ead89a-254e-4e25-bee2-9cdb9e6c2f38,EMP0512,Worker_0512,RFID000512,Production,WS-01,AFTERNOON,3,2026-10-03T16:43:54,HAPPY,OK,36.31,73.9,99.9,0.311,10.37,LOW
5b284f2e-a882-47b1-b7bd-f95fc1657838,EMP0661,Worker_0661,RFID000661,Maintenance,WS-06,AFTERNOON,3,2026-10-03T16:44:49,HAPPY,SAD,36.34,69.3,97.5,0.343,9.4,LOW
dc27abf3-3995-4758-aa56-9287f6a58daa,EMP0822,Worker_0822,RFID000822,Maintenance,WS-07,AFTERNOON,3,2026-10-03T16:45:04,HAPPY,HAPPY,36.63,72.9,98.7,0.152,11.48,LOW
e0b9472d-c901-4513-88cf-dab88eb9ad92,EMP0777,Worker_0777,RFID000777,Stores,WS-01,AFTERNOON,3,2026-10-03T16:45:28,HAPPY,HAPPY,36.52,85.4,99.0,0.146,10.86,LOW
b6424e0c-8205-426c-9d22-e2472bb928d6,EMP0539,Worker_0539,RFID000539,Production,WS-03,AFTERNOON,3,2026-10-03T16:46:29,SAD,OK,36.79,100.4,98.8,0.452,89.92,HIGH
c55102e8-74cf-445d-bf81-1f185a11826c,EMP0068,Worker_0068,RFID000068,Quality,WS-08,AFTERNOON,3,2026-10-03T16:47:08,HAPPY,OK,36.53,73.2,99.1,0.196,6.71,LOW
2a076aa3-70c5-4c78-b68e-0b65fc226d42,EMP0093,Worker_0093,RFID000093,Assembly,WS-09,AFTERNOON,3,2026-10-03T16:47:47,HAPPY,OK,36.48,79.4,96.8,0.269,6.47,LOW
567496e1-8807-4151-94c1-006fb3c25137,EMP0577,Worker_0577,RFID000577,Assembly,WS-04,AFTERNOON,3,2026-10-03T16:48:01,HAPPY,OK,36.34,77.7,97.3,0.282,14.73,LOW
d40b4dec-c26c-4397-975f-c73c2fe4756e,EMP0542,Worker_0542,RFID000542,Packaging,WS-04,AFTERNOON,3,2026-10-03T16:48:44,HAPPY,OK,36.4,73.5,97.6,0.415,13.63,LOW
bab36d1c-d2f7-475e-9ec9-e4ebf5426ba6,EMP0509,Worker_0509,RFID000509,Finishing,WS-08,AFTERNOON,3,2026-10-03T16:49:12,HAPPY,HAPPY,36.54,72.1,97.8,0.241,11.68,LOW
f3c9a00b-a602-4b38-9fa4-63b1b2c25df1,EMP0485,Worker_0485,RFID000485,Finishing,WS-03,AFTERNOON,3,2026-10-03T16:49:14,OK,OK,36.75,73.8,98.4,0.246,40.59,MODERATE
23a907a1-b143-49c2-8f60-43bed9547c41,EMP0245,Worker_0245,RFID000245,Cutting,WS-09,AFTERNOON,3,2026-10-03T16:49:16,HAPPY,OK,36.47,77.5,99.0,0.137,7.67,LOW
fdbbbf28-3516-4b67-9289-44b3deba917c,EMP0319,Worker_0319,RFID000319,Maintenance,WS-01,AFTERNOON,3,2026-10-03T16:49:43,HAPPY,OK,36.59,82.3,97.3,0.354,8.56,LOW
1905df7f-1813-4305-9463-6a2e31039038,EMP0351,Worker_0351,RFID000351,Maintenance,WS-02,AFTERNOON,3,2026-10-03T16:50:02,HAPPY,HAPPY,36.81,77.1,97.8,0.172,13.43,LOW
bed4c421-14a4-4f3a-be64-6fa7239ad121,EMP0597,Worker_0597,RFID000597,Cutting,WS-10,AFTERNOON,3,2026-10-03T16:50:10,SAD,OK,36.58,91.2,98.0,0.429,81.27,HIGH
a96d1f27-e304-40c1-a101-90c852764dfd,EMP0354,Worker_0354,RFID000354,Maintenance,WS-10,AFTERNOON,3,2026-10-03T16:50:19,HAPPY,HAPPY,36.46,72.3,98.0,0.248,9.0,LOW
ee8922e6-5010-47cf-a7a2-f92715e26b32,EMP0651,Worker_0651,RFID000651,Assembly,WS-04,AFTERNOON,3,2026-10-03T16:50:54,HAPPY,HAPPY,36.37,72.1,97.0,0.173,11.98,LOW
c759aca0-e222-4dbd-a6f5-baf8c295ef41,EMP0096,Worker_0096,RFID000096,Finishing,WS-02,AFTERNOON,3,2026-10-03T16:50:55,HAPPY,HAPPY,36.64,83.1,97.8,0.166,8.72,LOW
a9e6cec7-f923-4c90-bfeb-0243d8b7222e,EMP0005,Worker_0005,RFID000005,Assembly,WS-06,AFTERNOON,3,2026-10-03T16:51:02,HAPPY,SAD,36.59,79.2,99.7,0.333,12.33,LOW
14b3dd1d-cd02-44a5-9c3e-6af55fd4604c,EMP0797,Worker_0797,RFID000797,Production,WS-10,AFTERNOON,3,2026-10-03T16:51:22,HAPPY,HAPPY,36.64,78.9,98.9,0.342,9.58,LOW
ada2adbd-013b-4537-9807-6210e677c4f7,EMP0003,Worker_0003,RFID000003,Packaging,WS-09,AFTERNOON,3,2026-10-03T16:51:34,OK,OK,36.71,73.4,98.4,0.341,37.06,MODERATE
656e06cb-0d7a-4b83-b3c8-703c90632385,EMP0404,Worker_0404,RFID000404,Packaging,WS-03,AFTERNOON,3,2026-10-03T16:51:58,OK,OK,36.35,71.9,96.7,0.243,41.13,MODERATE
a98c6667-912e-4b51-bc2e-226c26d52a2a,EMP0024,Worker_0024,RFID000024,Packaging,WS-10,AFTERNOON,3,2026-10-03T16:52:04,HAPPY,HAPPY,36.14,76.0,99.0,0.293,9.54,LOW
afc6fcce-f553-4fab-9d27-a0d05fd7c2c0,EMP0218,Worker_0218,RFID000218,Assembly,WS-07,AFTERNOON,3,2026-10-03T16:52:07,HAPPY,HAPPY,36.54,66.8,99.1,0.319,5.36,LOW
3cb39ace-1c62-4b5f-b035-eaeaee46152c,EMP0555,Worker_0555,RFID000555,Quality,WS-05,AFTERNOON,3,2026-10-03T16:52:59,SAD,OK,36.93,90.4,98.9,0.457,83.67,HIGH
20cb353b-1542-4fa1-a1db-1e2ba97717aa,EMP0490,Worker_0490,RFID000490,Stores,WS-05,AFTERNOON,3,2026-10-03T16:53:12,OK,HAPPY,36.5,70.5,97.7,0.253,40.75,MODERATE
d6a03624-a07e-40bd-ac70-02bf5688fe3d,EMP0147,Worker_0147,RFID000147,Stores,WS-04,AFTERNOON,3,2026-10-03T16:53:22,SAD,HAPPY,36.91,85.3,98.3,0.535,84.29,HIGH
f239f53d-02e1-4314-a484-961f30055cba,EMP0254,Worker_0254,RFID000254,Maintenance,WS-01,AFTERNOON,3,2026-10-03T16:53:35,OK,HAPPY,36.34,80.4,99.2,0.475,41.97,MODERATE
0f176ca5-6372-4c18-995f-acbbf31d2f40,EMP0275,Worker_0275,RFID000275,Packaging,WS-08,AFTERNOON,3,2026-10-03T16:53:42,HAPPY,OK,36.79,83.4,97.5,0.294,10.0,LOW
ced05807-aa4d-4f2b-a59c-ce36e32aa31a,EMP0359,Worker_0359,RFID000359,Packaging,WS-05,AFTERNOON,3,2026-10-03T16:53:59,HAPPY,SAD,36.26,65.9,97.9,0.34,11.02,LOW
4ddeae9b-791f-4417-88df-d4e9f9842146,EMP0469,Worker_0469,RFID000469,Cutting,WS-01,AFTERNOON,3,2026-10-03T16:54:03,HAPPY,HAPPY,36.41,74.0,99.7,0.397,8.6,LOW
7fda1ae4-d3ac-4931-bb93-db5f2a2a2760,EMP0739,Worker_0739,RFID000739,Stores,WS-09,AFTERNOON,3,2026-10-03T16:54:09,HAPPY,SAD,36.38,77.9,98.7,0.289,11.93,LOW
bd989854-d5b7-40be-85b6-fd918b0eff54,EMP0583,Worker_0583,RFID000583,Cutting,WS-03,AFTERNOON,3,2026-10-03T16:54:20,OK,SAD,36.38,75.1,98.3,0.364,34.3,LOW
d71dcd8d-4e14-452d-bd16-95c39d618c40,EMP0306,Worker_0306,RFID000306,Cutting,WS-05,AFTERNOON,3,2026-10-03T16:54:24,OK,SAD,36.53,74.5,97.6,0.391,39.43,MODERATE
a8315a84-79d1-479c-b02c-0de0e7d32181,EMP0491,Worker_0491,RFID000491,Maintenance,WS-05,AFTERNOON,3,2026-10-03T16:54:50,SAD,SAD,36.75,80.9,97.4,0.516,82.77,HIGH
579dac4d-7438-4b5f-a8af-9a6409809044,EMP0454,Worker_0454,RFID000454,Packaging,WS-03,AFTERNOON,3,2026-10-03T16:55:16,OK,OK,36.39,78.4,97.4,0.267,41.8,MODERATE
28a5a042-a7b4-4c67-8aff-73995e6b7fca,EMP0829,Worker_0829,RFID000829,Quality,WS-03,AFTERNOON,3,2026-10-03T16:55:20,OK,SAD,36.43,85.2,97.6,0.425,46.57,MODERATE
533a01df-ad54-4f04-bcf0-8d19efa36868,EMP0149,Worker_0149,RFID000149,Packaging,WS-10,AFTERNOON,3,2026-10-03T16:55:25,SAD,SAD,36.43,105.4,97.4,0.589,100,HIGH
4f4dbe30-5986-49e5-b0e1-8c2ebf3794dc,EMP0646,Worker_0646,RFID000646,Quality,WS-01,AFTERNOON,3,2026-10-03T16:55:39,OK,SAD,36.55,72.5,98.2,0.185,33.21,LOW
644b2878-d690-49b1-b49e-d3a619c8e689,EMP0467,Worker_0467,RFID000467,Production,WS-04,AFTERNOON,3,2026-10-03T16:55:41,HAPPY,HAPPY,36.61,72.0,96.8,0.392,6.06,LOW
9421cf50-0498-4850-bf16-3a7a2f4a2117,EMP0364,Worker_0364,RFID000364,Quality,WS-10,AFTERNOON,3,2026-10-03T16:55:43,OK,OK,36.42,74.7,96.2,0.212,38.23,MODERATE
2e9e3941-fef6-4bd8-88d0-b8f4811e489d,EMP0784,Worker_0784,RFID000784,Production,WS-05,AFTERNOON,3,2026-10-03T16:55:56,HAPPY,OK,36.36,75.6,97.4,0.275,11.2,LOW
7380756a-d9bc-4531-b7c7-7a49ff8ec580,EMP0048,Worker_0048,RFID000048,Cutting,WS-10,AFTERNOON,3,2026-10-03T16:57:08,HAPPY,SAD,36.78,81.1,97.4,0.165,7.12,LOW
3c1c76ac-b75b-4fe3-9dd0-4859cad24d88,EMP0504,Worker_0504,RFID000504,Production,WS-01,AFTERNOON,3,2026-10-03T16:57:27,HAPPY,OK,36.53,77.4,96.6,0.191,12.06,LOW
9f821e9d-3061-4b0c-85cd-b1c4833ba291,EMP0703,Worker_0703,RFID000703,Stores,WS-02,AFTERNOON,3,2026-10-03T16:57:27,SAD,HAPPY,36.83,85.1,97.1,0.578,80.07,HIGH
29e6b030-fcfc-4535-94c5-adb3ca394855,EMP0740,Worker_0740,RFID000740,Stores,WS-02,AFTERNOON,3,2026-10-03T16:57:41,HAPPY,OK,36.31,84.9,97.3,0.323,7.87,LOW
e3a377f7-fd06-47b2-8644-afdebd363b4f,EMP0978,Worker_0978,RFID000978,Stores,WS-02,AFTERNOON,3,2026-10-03T16:58:00,HAPPY,OK,36.59,82.5,98.2,0.384,14.04,LOW
3ac45697-6b13-4992-83b9-245e88126f29,EMP0576,Worker_0576,RFID000576,Packaging,WS-02,AFTERNOON,3,2026-10-03T16:58:11,HAPPY,OK,36.44,77.5,96.8,0.082,13.23,LOW
6bd5bed4-d356-4908-b809-776f392d42df,EMP0039,Worker_0039,RFID000039,Assembly,WS-02,AFTERNOON,3,2026-10-03T16:58:34,HAPPY,HAPPY,36.55,73.0,96.9,0.137,11.66,LOW
4109530a-51a0-4882-b6b7-db9d25ba6501,EMP0993,Worker_0993,RFID000993,Quality,WS-08,AFTERNOON,3,2026-10-03T16:59:17,HAPPY,HAPPY,36.48,84.4,98.6,0.248,13.73,LOW
9f9913d4-9e7b-464d-8a02-75d3b41f90cb,EMP0487,Worker_0487,RFID000487,Quality,WS-08,AFTERNOON,3,2026-10-03T16:59:24,HAPPY,HAPPY,36.69,78.2,97.0,0.146,14.52,LOW
b6f59f27-0c3c-468a-b3d3-a2591752a8d1,EMP0702,Worker_0702,RFID000702,Quality,WS-07,AFTERNOON,3,2026-10-03T16:59:30,HAPPY,OK,36.78,81.3,97.7,0.35,9.54,LOW
037ee48c-ed57-4902-b1e1-cb89a0a4639e,EMP0348,Worker_0348,RFID000348,Assembly,WS-03,AFTERNOON,3,2026-10-03T16:59:41,HAPPY,OK,36.63,79.8,98.8,0.185,8.96,LOW
119eccbd-ed93-4c92-a523-4242b713e0fd,EMP0622,Worker_0622,RFID000622,Stores,WS-08,AFTERNOON,4,2026-10-04T13:00:35,OK,HAPPY,36.73,69.3,97.3,0.268,36.22,MODERATE
4d8f598e-171a-42d4-9efe-0f4edcb51636,EMP0186,Worker_0186,RFID000186,Production,WS-08,AFTERNOON,4,2026-10-04T13:00:55,SAD,OK,36.81,77.7,97.2,0.465,73.35,HIGH
a134eadb-3288-4675-b4c0-61d65bd3aed9,EMP0061,Worker_0061,RFID000061,Quality,WS-02,AFTERNOON,4,2026-10-04T13:01:25,SAD,SAD,36.77,87.1,97.9,0.3,85.76,HIGH
6017c236-fe40-46b1-bb6b-c18694dabd5e,EMP0859,Worker_0859,RFID000859,Quality,WS-03,AFTERNOON,4,2026-10-04T13:01:32,HAPPY,OK,36.31,69.6,97.6,0.177,14.53,LOW
f18ffa73-dfc4-4909-935b-8e38c3e0669f,EMP0901,Worker_0901,RFID000901,Finishing,WS-06,AFTERNOON,4,2026-10-04T13:01:37,HAPPY,HAPPY,36.85,69.1,97.9,0.143,5.47,LOW
937fc19c-d14d-47da-b38e-22a9e17e292c,EMP0782,Worker_0782,RFID000782,Maintenance,WS-05,AFTERNOON,4,2026-10-04T13:01:49,SAD,OK,36.78,83.5,97.7,0.444,76.08,HIGH
dea6ccb0-cba7-4c4d-8545-a7ab4f0396a7,EMP0707,Worker_0707,RFID000707,Finishing,WS-03,AFTERNOON,4,2026-10-04T13:01:59,OK,OK,36.6,79.0,97.8,0.315,40.0,MODERATE
b08f76a3-b45d-447e-8178-fd0ade2965b7,EMP0556,Worker_0556,RFID000556,Production,WS-09,AFTERNOON,4,2026-10-04T13:02:01,HAPPY,SAD,36.24,76.9,97.0,0.237,11.94,LOW
815970b6-44d3-41c2-ad46-c3fcd0dfe502,EMP0451,Worker_0451,RFID000451,Packaging,WS-09,AFTERNOON,4,2026-10-04T13:02:04,SAD,SAD,36.61,75.2,97.4,0.528,82.4,HIGH
a54f016b-f336-409b-9bef-0112e7165cd7,EMP0892,Worker_0892,RFID000892,Assembly,WS-10,AFTERNOON,4,2026-10-04T13:02:17,HAPPY,HAPPY,36.54,65.1,97.1,0.19,13.65,LOW
cbb67b8f-1130-4cb9-ae00-932e84aad676,EMP0092,Worker_0092,RFID000092,Stores,WS-06,AFTERNOON,4,2026-10-04T13:02:47,OK,HAPPY,36.41,84.7,97.2,0.246,35.06,MODERATE
a0072846-7bce-4f8c-be53-16afc4d5ee42,EMP0287,Worker_0287,RFID000287,Quality,WS-06,AFTERNOON,4,2026-10-04T13:03:15,SAD,HAPPY,36.9,77.9,98.5,0.494,71.42,HIGH
cb2720bf-de55-4aba-8c91-afd5f262178a,EMP0425,Worker_0425,RFID000425,Packaging,WS-03,AFTERNOON,4,2026-10-04T13:03:24,HAPPY,SAD,36.53,67.1,97.7,0.368,10.4,LOW
ddeeb1bf-47c9-4d4f-b5ef-88e9ac46304b,EMP0564,Worker_0564,RFID000564,Stores,WS-05,AFTERNOON,4,2026-10-04T13:04:09,HAPPY,HAPPY,36.22,76.0,98.2,0.182,8.37,LOW
0a294f77-09cf-41ab-ac93-a38557a3a311,EMP0869,Worker_0869,RFID000869,Stores,WS-06,AFTERNOON,4,2026-10-04T13:04:49,SAD,HAPPY,36.7,90.2,97.7,0.436,80.64,HIGH
cb9259e5-2831-4b05-8a34-c7c0dfccc8f1,EMP0643,Worker_0643,RFID000643,Stores,WS-01,AFTERNOON,4,2026-10-04T13:05:39,HAPPY,OK,36.74,69.3,96.8,0.401,10.39,LOW
8ed69aab-d4a1-4b41-96b9-8092a1a959ac,EMP0524,Worker_0524,RFID000524,Quality,WS-10,AFTERNOON,4,2026-10-04T13:05:50,HAPPY,SAD,36.66,75.5,98.3,0.251,7.03,LOW
2feb96dc-307d-4806-821e-c4903abcd147,EMP0608,Worker_0608,RFID000608,Maintenance,WS-02,AFTERNOON,4,2026-10-04T13:06:21,HAPPY,HAPPY,36.49,73.6,97.8,0.334,5.71,LOW
71d307e0-8153-476f-b383-89460aaa9be1,EMP0246,Worker_0246,RFID000246,Finishing,WS-05,AFTERNOON,4,2026-10-04T13:06:25,OK,OK,36.71,76.2,97.2,0.411,43.05,MODERATE
80bce3b7-3f22-4ef1-8fa4-27dc297491d5,EMP0694,Worker_0694,RFID000694,Production,WS-05,AFTERNOON,4,2026-10-04T13:06:32,SAD,SAD,36.76,99.0,96.8,0.375,89.72,HIGH
1775f4d8-5627-45b3-a978-c709fd60a026,EMP0304,Worker_0304,RFID000304,Finishing,WS-02,AFTERNOON,4,2026-10-04T13:07:47,HAPPY,HAPPY,36.74,81.0,99.0,0.319,7.79,LOW
1e085acb-7d74-464b-b2dc-e66247d00b2a,EMP0950,Worker_0950,RFID000950,Maintenance,WS-03,AFTERNOON,4,2026-10-04T13:08:24,OK,OK,36.72,81.6,98.4,0.289,39.27,MODERATE
ec462eae-7aa6-46b6-8541-5fa85ea4fa19,EMP0961,Worker_0961,RFID000961,Production,WS-10,AFTERNOON,4,2026-10-04T13:08:26,OK,OK,36.32,78.6,97.7,0.303,42.63,MODERATE
08e8292a-1361-45b8-a369-debddfe2c8d8,EMP0978,Worker_0978,RFID000978,Stores,WS-02,AFTERNOON,4,2026-10-04T13:09:07,OK,HAPPY,36.55,86.7,97.5,0.365,41.78,MODERATE
7c7ffb54-cce5-48cd-bd86-51a910f72b90,EMP0132,Worker_0132,RFID000132,Maintenance,WS-09,AFTERNOON,4,2026-10-04T13:09:44,OK,HAPPY,36.51,74.3,97.6,0.444,46.93,MODERATE
da3adb9c-d9e2-47a5-b4c5-fbdf38bb611e,EMP0263,Worker_0263,RFID000263,Quality,WS-05,AFTERNOON,4,2026-10-04T13:09:45,SAD,OK,37.05,84.6,97.1,0.543,78.08,HIGH
3ca9a420-322d-4458-bc6d-c77772e9c591,EMP0709,Worker_0709,RFID000709,Maintenance,WS-07,AFTERNOON,4,2026-10-04T13:09:47,HAPPY,OK,36.68,69.7,97.5,0.243,8.33,LOW
1f807549-331e-4f55-940b-b0fc33bf6f1e,EMP0862,Worker_0862,RFID000862,Finishing,WS-06,AFTERNOON,4,2026-10-04T13:10:16,SAD,SAD,36.91,74.1,98.2,0.459,84.82,HIGH
0f6b8398-7f6c-42b1-8291-283bf0271f62,EMP0250,Worker_0250,RFID000250,Packaging,WS-10,AFTERNOON,4,2026-10-04T13:10:41,OK,OK,36.5,75.7,97.0,0.185,36.08,MODERATE
e65b67da-86d5-42c1-be83-483b9e71542d,EMP0341,Worker_0341,RFID000341,Cutting,WS-09,AFTERNOON,4,2026-10-04T13:11:29,HAPPY,SAD,36.58,64.7,98.0,0.401,18.67,LOW
a8a7c345-394a-4d3f-963f-700face862e5,EMP0488,Worker_0488,RFID000488,Cutting,WS-08,AFTERNOON,4,2026-10-04T13:11:47,HAPPY,HAPPY,36.12,74.9,98.2,0.196,10.85,LOW
d98c9126-e6a9-4558-aadc-a424a8f3cfe5,EMP0753,Worker_0753,RFID000753,Quality,WS-10,AFTERNOON,4,2026-10-04T13:11:54,OK,OK,36.65,84.4,98.2,0.332,41.35,MODERATE
f62464f0-488d-4f40-a152-974f75b954aa,EMP0595,Worker_0595,RFID000595,Production,WS-03,AFTERNOON,4,2026-10-04T13:12:05,HAPPY,OK,36.52,79.2,98.9,0.343,13.27,LOW
5a9add34-9302-43b7-8552-4c5e289af6bd,EMP0999,Worker_0999,RFID000999,Stores,WS-10,AFTERNOON,4,2026-10-04T13:12:15,SAD,SAD,37.03,97.1,97.4,0.492,99.59,HIGH
9ba72c3f-55e4-4e47-a21f-c3c751217ede,EMP0443,Worker_0443,RFID000443,Assembly,WS-06,AFTERNOON,4,2026-10-04T13:13:08,OK,SAD,36.67,85.8,98.5,0.197,45.24,MODERATE
2be6219a-22e0-42a5-b50e-cf0bd928c1dc,EMP0919,Worker_0919,RFID000919,Cutting,WS-05,AFTERNOON,4,2026-10-04T13:13:08,OK,HAPPY,36.47,70.2,97.1,0.225,34.21,LOW
e6139246-71d7-46ea-b90b-1cd7966e593b,EMP0058,Worker_0058,RFID000058,Packaging,WS-07,AFTERNOON,4,2026-10-04T13:13:27,OK,HAPPY,36.36,77.1,97.6,0.253,33.4,LOW
26fd9cb1-ed2d-43f3-b14a-fa2172419de2,EMP0661,Worker_0661,RFID000661,Maintenance,WS-06,AFTERNOON,4,2026-10-04T13:13:54,OK,HAPPY,36.35,78.7,97.2,0.377,34.67,LOW
ba5ea5ad-3a22-4087-8d65-34e94939e867,EMP0783,Worker_0783,RFID000783,Maintenance,WS-01,AFTERNOON,4,2026-10-04T13:13:58,HAPPY,HAPPY,36.58,79.4,97.9,0.327,12.24,LOW
1d869417-cd68-4f12-908a-a7f832cb8617,EMP0916,Worker_0916,RFID000916,Production,WS-06,AFTERNOON,4,2026-10-04T13:13:58,HAPPY,HAPPY,36.36,70.2,99.5,0.276,8.33,LOW
985f0a12-7ae8-4055-9589-bae19e34bc03,EMP0879,Worker_0879,RFID000879,Stores,WS-09,AFTERNOON,4,2026-10-04T13:14:06,OK,HAPPY,36.24,78.8,97.9,0.357,42.31,MODERATE
2cc6b2ac-fc61-427a-afa6-1f7fb02f8b21,EMP0653,Worker_0653,RFID000653,Assembly,WS-04,AFTERNOON,4,2026-10-04T13:14:14,OK,OK,36.47,75.8,98.0,0.447,45.25,MODERATE
a67f280e-9472-4a9a-9f83-57c4a8e1f822,EMP0120,Worker_0120,RFID000120,Finishing,WS-09,AFTERNOON,4,2026-10-04T13:14:19,OK,SAD,36.44,77.0,98.8,0.313,37.24,MODERATE
b8201d05-a841-4529-b36a-1600d3f60aa6,EMP0672,Worker_0672,RFID000672,Packaging,WS-07,AFTERNOON,4,2026-10-04T13:14:38,HAPPY,OK,36.71,74.9,98.1,0.364,7.15,LOW
4755f5ea-bcc0-4283-8711-d9cceac5074f,EMP0057,Worker_0057,RFID000057,Assembly,WS-05,AFTERNOON,4,2026-10-04T13:14:43,HAPPY,HAPPY,36.55,75.7,96.6,0.287,7.89,LOW
11543611-cd01-48bb-903c-557c50780c74,EMP0374,Worker_0374,RFID000374,Finishing,WS-08,AFTERNOON,4,2026-10-04T13:15:13,HAPPY,HAPPY,36.77,62.5,98.9,0.29,12.76,LOW
ac0f8214-eff0-44fa-8098-3cc5f9625bd5,EMP0458,Worker_0458,RFID000458,Assembly,WS-10,AFTERNOON,4,2026-10-04T13:16:08,HAPPY,OK,36.58,78.2,98.5,0.364,8.97,LOW
1457b298-a935-4bf5-ba8a-faf5a18b02a5,EMP0566,Worker_0566,RFID000566,Production,WS-10,AFTERNOON,4,2026-10-04T13:16:20,OK,HAPPY,36.63,76.2,97.0,0.238,40.46,MODERATE
4a7f1bb1-669b-486b-a01a-39f0fb281877,EMP0204,Worker_0204,RFID000204,Finishing,WS-03,AFTERNOON,4,2026-10-04T13:16:29,HAPPY,HAPPY,36.48,78.5,99.2,0.392,12.61,LOW
c18ff3f8-ac0c-46bc-8d8e-4852c7f0a615,EMP0828,Worker_0828,RFID000828,Cutting,WS-05,AFTERNOON,4,2026-10-04T13:16:29,SAD,SAD,36.74,85.9,97.3,0.31,86.41,HIGH
99a7ea7f-21c6-4dd7-a204-9f360ff7c98d,EMP0432,Worker_0432,RFID000432,Stores,WS-02,AFTERNOON,4,2026-10-04T13:16:36,OK,HAPPY,36.77,86.8,98.1,0.246,46.31,MODERATE
096de0f7-5d37-4ad3-8d56-10812c7f0936,EMP0344,Worker_0344,RFID000344,Packaging,WS-08,AFTERNOON,4,2026-10-04T13:17:10,HAPPY,HAPPY,36.59,74.0,99.0,0.32,9.47,LOW
750a521b-ea90-48bb-baa6-0af83c013abf,EMP0199,Worker_0199,RFID000199,Quality,WS-04,AFTERNOON,4,2026-10-04T13:17:37,OK,OK,36.38,81.8,97.8,0.34,36.94,MODERATE
f60c68a6-6a43-4bd1-96c1-a122eb73d291,EMP0087,Worker_0087,RFID000087,Assembly,WS-05,AFTERNOON,4,2026-10-04T13:18:12,HAPPY,HAPPY,36.43,82.0,97.8,0.245,13.33,LOW
41422e1c-6867-43aa-ab3d-742a54d61c6b,EMP0148,Worker_0148,RFID000148,Stores,WS-01,AFTERNOON,4,2026-10-04T13:18:49,OK,OK,36.31,76.6,97.1,0.436,43.8,MODERATE
ab11d7ce-a1e4-46be-a3d7-22317a55c6e0,EMP0805,Worker_0805,RFID000805,Quality,WS-01,AFTERNOON,4,2026-10-04T13:19:09,SAD,SAD,36.79,103.7,97.4,0.358,96.17,HIGH
6df1d5b2-5f88-4bc2-a87c-a41bb9a3512c,EMP0994,Worker_0994,RFID000994,Cutting,WS-01,AFTERNOON,4,2026-10-04T13:19:22,HAPPY,OK,36.31,70.3,98.5,0.191,11.46,LOW
b9b6b176-a89f-4d8a-86a2-b0a4a2386582,EMP0227,Worker_0227,RFID000227,Quality,WS-02,AFTERNOON,4,2026-10-04T13:19:44,SAD,SAD,36.83,84.2,97.6,0.376,79.39,HIGH
5fde3e98-9600-4e8b-a8c4-5ee13a5adf72,EMP0803,Worker_0803,RFID000803,Quality,WS-09,AFTERNOON,4,2026-10-04T13:19:45,HAPPY,OK,36.34,82.2,98.9,0.293,11.77,LOW
785af40d-44a5-4130-bd1f-f3a6fa10dce8,EMP0295,Worker_0295,RFID000295,Cutting,WS-09,AFTERNOON,4,2026-10-04T13:19:56,HAPPY,SAD,36.86,72.2,99.2,0.289,11.64,LOW
bde9dc00-ec28-4d1b-bd9b-4f60eb219dec,EMP0231,Worker_0231,RFID000231,Assembly,WS-02,AFTERNOON,4,2026-10-04T13:20:07,OK,OK,36.77,74.0,98.3,0.383,39.29,MODERATE
613d565a-d3f8-4858-b6d8-12536a1d24e8,EMP0765,Worker_0765,RFID000765,Production,WS-02,AFTERNOON,4,2026-10-04T13:20:15,OK,HAPPY,36.34,71.4,97.8,0.397,35.33,MODERATE
41eafddd-f610-4e5a-a4fb-bd871c21fdde,EMP0715,Worker_0715,RFID000715,Quality,WS-08,AFTERNOON,4,2026-10-04T13:21:12,SAD,SAD,36.51,91.3,98.2,0.356,92.9,HIGH
84b10455-0141-4e26-bcd2-4dea0ee7235b,EMP0734,Worker_0734,RFID000734,Cutting,WS-07,AFTERNOON,4,2026-10-04T13:21:14,SAD,OK,36.53,74.0,98.0,0.37,70.53,HIGH
3d937156-4123-4257-9f87-9e5b3b7fab43,EMP0762,Worker_0762,RFID000762,Stores,WS-09,AFTERNOON,4,2026-10-04T13:21:33,OK,SAD,36.38,82.3,97.1,0.433,45.18,MODERATE
d83e4cbf-4a63-4dfb-8014-304d71da8c51,EMP0772,Worker_0772,RFID000772,Cutting,WS-06,AFTERNOON,4,2026-10-04T13:21:40,HAPPY,HAPPY,36.4,81.3,99.2,0.309,14.89,LOW
e7c6317d-f8cd-4d74-9d0f-fa957b5928d9,EMP0416,Worker_0416,RFID000416,Packaging,WS-03,AFTERNOON,4,2026-10-04T13:21:48,HAPPY,OK,36.51,65.5,99.3,0.391,7.72,LOW
d5861090-c8ce-4926-95c6-10ddcf385686,EMP0838,Worker_0838,RFID000838,Packaging,WS-10,AFTERNOON,4,2026-10-04T13:22:01,HAPPY,OK,36.71,84.7,98.9,0.22,7.22,LOW
9701bca5-2247-49b2-a9bf-e44fa85ed089,EMP0404,Worker_0404,RFID000404,Packaging,WS-03,AFTERNOON,4,2026-10-04T13:22:11,SAD,OK,36.63,77.4,97.5,0.284,67.47,HIGH
88c0d4d6-17e9-4130-97e7-4c24ed49f232,EMP0353,Worker_0353,RFID000353,Cutting,WS-10,AFTERNOON,4,2026-10-04T13:22:18,SAD,OK,36.52,82.8,96.6,0.462,75.8,HIGH
cc835641-9d47-4c70-b1a5-891d7bc25fa5,EMP0384,Worker_0384,RFID000384,Production,WS-05,AFTERNOON,4,2026-10-04T13:22:41,HAPPY,OK,36.59,70.4,97.9,0.196,7.95,LOW
ea7be5d4-e5fb-49ff-af5e-d3090a0fdb9b,EMP0185,Worker_0185,RFID000185,Production,WS-08,AFTERNOON,4,2026-10-04T13:22:42,OK,HAPPY,36.58,91.2,96.9,0.302,45.54,MODERATE
58dd432b-fd18-476b-8b2e-1ab0c0245c78,EMP0695,Worker_0695,RFID000695,Assembly,WS-06,AFTERNOON,4,2026-10-04T13:22:54,SAD,SAD,36.64,83.5,97.6,0.361,79.48,HIGH
06555373-d8b9-4074-8344-cddab70d060a,EMP0467,Worker_0467,RFID000467,Production,WS-04,AFTERNOON,4,2026-10-04T13:22:56,HAPPY,HAPPY,36.45,72.1,98.1,0.362,6.65,LOW
1ce74bdb-11a5-44a2-85c6-20ed1178ae53,EMP0779,Worker_0779,RFID000779,Assembly,WS-09,AFTERNOON,4,2026-10-04T13:23:27,OK,OK,36.18,81.7,97.6,0.482,42.87,MODERATE
19b40625-1a56-4d7b-86a3-9cc8debcb48c,EMP0586,Worker_0586,RFID000586,Cutting,WS-09,AFTERNOON,4,2026-10-04T13:23:35,HAPPY,HAPPY,36.74,73.3,98.5,0.232,9.15,LOW
b9942cb4-3490-4a9d-b75d-c84f7ac2a1d6,EMP0651,Worker_0651,RFID000651,Assembly,WS-04,AFTERNOON,4,2026-10-04T13:23:53,HAPPY,HAPPY,36.39,78.0,97.2,0.268,12.6,LOW
3d9ca083-adc2-4873-a7af-c66c63ea219b,EMP0369,Worker_0369,RFID000369,Assembly,WS-07,AFTERNOON,4,2026-10-04T13:24:46,SAD,HAPPY,36.51,90.5,98.2,0.586,90.96,HIGH
48b2f6b5-db12-4775-b689-d853a93bd7e8,EMP0958,Worker_0958,RFID000958,Stores,WS-07,AFTERNOON,4,2026-10-04T13:24:48,HAPPY,OK,36.68,76.3,98.5,0.369,7.75,LOW
0114eb24-8138-4fa9-94d8-4f31ad1a1234,EMP0043,Worker_0043,RFID000043,Maintenance,WS-09,AFTERNOON,4,2026-10-04T13:24:50,HAPPY,OK,36.7,77.2,98.9,0.2,8.93,LOW
77cdfc6f-c453-4035-a5e8-542a4be78f53,EMP0756,Worker_0756,RFID000756,Finishing,WS-08,AFTERNOON,4,2026-10-04T13:24:54,OK,SAD,36.28,74.8,98.8,0.352,37.19,MODERATE
a7a192fd-dc43-45bd-9e71-2512469bd993,EMP0712,Worker_0712,RFID000712,Production,WS-09,AFTERNOON,4,2026-10-04T13:25:06,OK,OK,36.61,72.6,98.3,0.408,37.21,MODERATE
1e0b3037-5b52-4738-b717-b3de16c51927,EMP0557,Worker_0557,RFID000557,Assembly,WS-05,AFTERNOON,4,2026-10-04T13:25:09,SAD,OK,36.62,87.1,98.3,0.334,71.85,HIGH
660e66c7-adb8-49d9-b8c3-977de7221fda,EMP0598,Worker_0598,RFID000598,Quality,WS-08,AFTERNOON,4,2026-10-04T13:25:28,HAPPY,HAPPY,36.41,72.5,98.7,0.327,13.34,LOW
c3ec859f-4f8b-4654-9d99-11325353ea5a,EMP0270,Worker_0270,RFID000270,Maintenance,WS-01,AFTERNOON,4,2026-10-04T13:25:31,HAPPY,HAPPY,36.44,60.8,96.4,0.347,10.13,LOW
83e50b0d-e826-4f4d-9c77-dd674f161dac,EMP0497,Worker_0497,RFID000497,Production,WS-05,AFTERNOON,4,2026-10-04T13:25:39,OK,HAPPY,36.44,79.2,98.3,0.352,35.26,MODERATE
41eee8bc-75d7-4dc6-a4a5-3d834f9293ec,EMP0496,Worker_0496,RFID000496,Cutting,WS-08,AFTERNOON,4,2026-10-04T13:26:40,OK,OK,36.54,75.9,97.8,0.225,34.28,LOW
f9516c53-cc79-432c-b7cc-3c8848a5ad4f,EMP0125,Worker_0125,RFID000125,Maintenance,WS-06,AFTERNOON,4,2026-10-04T13:27:25,SAD,OK,36.53,86.9,96.2,0.568,86.22,HIGH
9df1b3b8-e607-4b77-9c11-18f925cd2822,EMP0900,Worker_0900,RFID000900,Finishing,WS-04,AFTERNOON,4,2026-10-04T13:27:42,HAPPY,OK,36.3,76.4,98.2,0.223,6.79,LOW
2bc112d0-1182-45b9-b264-1e1406a91335,EMP0597,Worker_0597,RFID000597,Cutting,WS-10,AFTERNOON,4,2026-10-04T13:27:48,OK,SAD,36.36,81.1,98.8,0.24,34.23,LOW
a4b99bba-ae79-41db-9bb6-8813864a005f,EMP0984,Worker_0984,RFID000984,Assembly,WS-08,AFTERNOON,4,2026-10-04T13:27:51,HAPPY,HAPPY,36.53,74.2,97.8,0.182,6.32,LOW
17bd2565-4393-4a22-9687-cfc0e546c0dd,EMP0880,Worker_0880,RFID000880,Finishing,WS-03,AFTERNOON,4,2026-10-04T13:27:54,OK,HAPPY,36.31,72.1,97.8,0.332,34.18,LOW
bf8f613d-266b-4e76-a99c-5294324d4912,EMP0573,Worker_0573,RFID000573,Maintenance,WS-10,AFTERNOON,4,2026-10-04T13:27:55,OK,OK,36.28,79.1,98.6,0.311,42.49,MODERATE
325a1eb8-faa7-4278-8539-425355b3be3b,EMP0008,Worker_0008,RFID000008,Cutting,WS-05,AFTERNOON,4,2026-10-04T13:27:56,OK,OK,36.86,76.5,96.9,0.214,39.24,MODERATE
5eb0a101-1f0b-47bf-819a-04f7a799d6bf,EMP0809,Worker_0809,RFID000809,Stores,WS-02,AFTERNOON,4,2026-10-04T13:28:06,SAD,HAPPY,36.72,91.7,96.8,0.312,79.33,HIGH
9cfafc81-f1db-46e0-bcb5-83e7528b1c10,EMP0591,Worker_0591,RFID000591,Maintenance,WS-05,AFTERNOON,4,2026-10-04T13:28:08,HAPPY,OK,36.43,78.2,98.4,0.246,12.62,LOW
475bdfd7-69d6-4ccc-9c3b-466704a2f908,EMP0430,Worker_0430,RFID000430,Finishing,WS-01,AFTERNOON,4,2026-10-04T13:28:32,HAPPY,HAPPY,36.55,73.2,98.9,0.217,14.79,LOW
4f95cc79-eaeb-4147-866a-dd7dfae1b89e,EMP0852,Worker_0852,RFID000852,Assembly,WS-02,AFTERNOON,4,2026-10-04T13:28:47,SAD,OK,36.59,79.2,96.8,0.295,76.25,HIGH
c0671e68-477b-40fb-8c37-140c9dd9daf1,EMP0570,Worker_0570,RFID000570,Quality,WS-08,AFTERNOON,4,2026-10-04T13:29:00,HAPPY,OK,36.18,77.0,98.7,0.144,14.47,LOW
0f90b061-7e43-497f-bcea-745b43881c1b,EMP0059,Worker_0059,RFID000059,Cutting,WS-09,AFTERNOON,4,2026-10-04T13:29:04,SAD,HAPPY,36.7,98.0,97.3,0.517,84.52,HIGH
8f53fcab-d4b9-4787-b589-b725d0a2bb83,EMP0541,Worker_0541,RFID000541,Quality,WS-09,AFTERNOON,4,2026-10-04T13:29:13,HAPPY,HAPPY,36.52,71.8,97.7,0.305,8.56,LOW
637c964c-aeaf-4bd2-bb75-0f8559a53f7b,EMP0507,Worker_0507,RFID000507,Production,WS-03,AFTERNOON,4,2026-10-04T13:29:38,HAPPY,HAPPY,36.87,71.3,98.0,0.261,6.16,LOW
651075c8-3dc0-494e-aac6-49189b7376d3,EMP0149,Worker_0149,RFID000149,Packaging,WS-10,AFTERNOON,4,2026-10-04T13:30:04,HAPPY,SAD,36.26,80.1,97.4,0.4,10.98,LOW
73050f5e-271c-48f9-bdae-930ef8b63ab4,EMP0237,Worker_0237,RFID000237,Stores,WS-10,AFTERNOON,4,2026-10-04T13:30:21,OK,SAD,36.8,71.5,97.7,0.469,40.08,MODERATE
b9434b6e-763f-403f-b646-afe91ff4f4fb,EMP0363,Worker_0363,RFID000363,Packaging,WS-04,AFTERNOON,4,2026-10-04T13:30:40,OK,HAPPY,36.54,90.7,97.2,0.415,53.38,MODERATE
4152a616-d229-4768-849e-c72ae2dac2d0,EMP0702,Worker_0702,RFID000702,Quality,WS-07,AFTERNOON,4,2026-10-04T13:30:44,OK,HAPPY,36.9,85.1,97.5,0.441,46.3,MODERATE
e9895129-b9e8-4371-8c5c-c17e0e07426f,EMP0675,Worker_0675,RFID000675,Maintenance,WS-09,AFTERNOON,4,2026-10-04T13:31:14,OK,OK,36.61,81.4,97.4,0.216,37.14,MODERATE
36b195fa-e96e-4718-8a64-2b485183e777,EMP0113,Worker_0113,RFID000113,Finishing,WS-01,AFTERNOON,4,2026-10-04T13:31:31,OK,SAD,36.67,77.1,99.3,0.366,40.44,MODERATE
3209ce19-5011-4832-bfae-7cd6b5f5d4f7,EMP0890,Worker_0890,RFID000890,Assembly,WS-01,AFTERNOON,4,2026-10-04T13:32:49,OK,SAD,36.76,87.5,97.0,0.155,42.79,MODERATE
ccd8ec61-d0f7-4f8f-aa88-ce99bedd07e6,EMP0350,Worker_0350,RFID000350,Production,WS-10,AFTERNOON,4,2026-10-04T13:32:59,OK,HAPPY,36.57,83.2,97.1,0.243,36.2,MODERATE
28c33eca-3298-4ede-9dcc-8a4947583efc,EMP0101,Worker_0101,RFID000101,Packaging,WS-04,AFTERNOON,4,2026-10-04T13:33:02,HAPPY,HAPPY,36.35,75.1,97.5,0.239,13.67,LOW
2f356ec1-852d-442e-b1ee-2fc51032ed8b,EMP0031,Worker_0031,RFID000031,Packaging,WS-03,AFTERNOON,4,2026-10-04T13:33:07,OK,HAPPY,36.44,81.3,98.4,0.482,37.02,MODERATE
e7b698a4-13a3-4df2-b5bd-d5ebbbf043dc,EMP0568,Worker_0568,RFID000568,Finishing,WS-09,AFTERNOON,4,2026-10-04T13:33:18,OK,SAD,36.44,75.7,98.0,0.352,33.55,LOW
1114000c-ce02-449f-9821-9beadd9a6d05,EMP0131,Worker_0131,RFID000131,Packaging,WS-08,AFTERNOON,4,2026-10-04T13:34:17,SAD,SAD,36.62,91.2,97.4,0.644,96.44,HIGH
2c40b954-3566-4a26-b54a-4e0561d6af66,EMP0277,Worker_0277,RFID000277,Maintenance,WS-02,AFTERNOON,4,2026-10-04T13:34:24,OK,HAPPY,36.8,77.9,97.7,0.274,37.61,MODERATE
c5338e36-89fb-4bf5-b820-4053e29d0afe,EMP0697,Worker_0697,RFID000697,Stores,WS-06,AFTERNOON,4,2026-10-04T13:34:28,OK,HAPPY,36.36,78.3,98.6,0.442,41.28,MODERATE
52c562ba-1e8c-460e-b86a-a20437d099ef,EMP0624,Worker_0624,RFID000624,Stores,WS-06,AFTERNOON,4,2026-10-04T13:34:45,HAPPY,HAPPY,36.77,78.3,97.3,0.202,8.5,LOW
5d3205d9-908b-47ba-9f9a-ad264200e4d6,EMP0456,Worker_0456,RFID000456,Cutting,WS-09,AFTERNOON,4,2026-10-04T13:35:10,HAPPY,OK,36.49,72.6,98.1,0.326,8.04,LOW
b0bf115e-e6b3-4986-8999-23ef071ae2a1,EMP0535,Worker_0535,RFID000535,Production,WS-05,AFTERNOON,4,2026-10-04T13:35:18,HAPPY,HAPPY,36.63,68.2,99.3,0.248,14.07,LOW
5361f48e-d613-40c9-bab5-cf7cd849740d,EMP0798,Worker_0798,RFID000798,Assembly,WS-02,AFTERNOON,4,2026-10-04T13:35:26,SAD,OK,36.48,94.8,97.3,0.551,85.96,HIGH
a4cc3d08-86dd-44a8-bbcd-67ae1bf57be9,EMP0309,Worker_0309,RFID000309,Production,WS-09,AFTERNOON,4,2026-10-04T13:35:29,OK,OK,36.78,66.2,98.5,0.409,44.78,MODERATE
d39183ca-84ed-4f4a-bb06-64392cbb4e80,EMP0713,Worker_0713,RFID000713,Cutting,WS-01,AFTERNOON,4,2026-10-04T13:35:36,OK,HAPPY,36.51,80.9,97.6,0.156,38.4,MODERATE
cfb04592-034c-4ea0-9bfc-a60724c5eadd,EMP0998,Worker_0998,RFID000998,Quality,WS-05,AFTERNOON,4,2026-10-04T13:35:37,OK,OK,36.48,78.8,97.5,0.35,35.99,MODERATE
b4220ba4-b301-4eb9-ad0e-951fa95e796b,EMP0877,Worker_0877,RFID000877,Packaging,WS-01,AFTERNOON,4,2026-10-04T13:35:42,HAPPY,OK,36.14,70.6,98.7,0.078,12.69,LOW
85cff76a-5b6c-4735-b290-4b20a329ec2d,EMP0319,Worker_0319,RFID000319,Maintenance,WS-01,AFTERNOON,4,2026-10-04T13:35:50,OK,HAPPY,36.8,84.9,97.2,0.352,36.9,MODERATE
f0d059db-9801-43e1-bcfe-31313f4c04a2,EMP0235,Worker_0235,RFID000235,Assembly,WS-05,AFTERNOON,4,2026-10-04T13:36:06,OK,OK,36.83,73.1,97.7,0.454,37.39,MODERATE
544aff54-a716-4478-b5fe-875cc9743a39,EMP0993,Worker_0993,RFID000993,Quality,WS-08,AFTERNOON,4,2026-10-04T13:36:22,OK,HAPPY,36.43,85.4,98.1,0.458,50.91,MODERATE
043a7e5c-b39f-44dc-b362-c07dcbec3f98,EMP0627,Worker_0627,RFID000627,Quality,WS-06,AFTERNOON,4,2026-10-04T13:36:27,HAPPY,OK,36.42,74.6,98.0,0.322,5.44,LOW
45c9ceb4-779c-46ed-a365-83c6897a7c4f,EMP0001,Worker_0001,RFID000001,Assembly,WS-01,AFTERNOON,4,2026-10-04T13:36:34,HAPPY,HAPPY,36.2,81.1,97.0,0.14,11.18,LOW
3788938d-c4cd-42af-8ff9-41cb18cb4d03,EMP0365,Worker_0365,RFID000365,Maintenance,WS-10,AFTERNOON,4,2026-10-04T13:37:09,HAPPY,OK,36.32,76.0,99.3,0.233,12.42,LOW
45eaf278-133d-4e61-a003-96a267167857,EMP0724,Worker_0724,RFID000724,Packaging,WS-09,AFTERNOON,4,2026-10-04T13:37:09,OK,OK,36.57,72.5,98.8,0.212,33.16,LOW
dca7118a-8b4b-4356-a284-eacae2764b77,EMP0260,Worker_0260,RFID000260,Maintenance,WS-10,AFTERNOON,4,2026-10-04T13:37:32,HAPPY,OK,36.68,73.0,97.5,0.203,10.85,LOW
48ed999b-9062-4747-a9e7-6a5b881b3f59,EMP0324,Worker_0324,RFID000324,Cutting,WS-06,AFTERNOON,4,2026-10-04T13:37:33,HAPPY,HAPPY,36.31,66.7,98.9,0.238,7.1,LOW
719c5fdc-f7bf-40b4-837c-2f07b5fec15e,EMP0972,Worker_0972,RFID000972,Assembly,WS-08,AFTERNOON,4,2026-10-04T13:37:43,SAD,OK,36.89,91.2,97.3,0.544,80.93,HIGH
ffecc198-f27f-45dd-9299-8a3f269b18fb,EMP0241,Worker_0241,RFID000241,Stores,WS-06,AFTERNOON,4,2026-10-04T13:37:56,HAPPY,OK,36.34,81.7,98.3,0.26,6.96,LOW
b827133a-3ca6-46a4-bd42-266b5b14607b,EMP0812,Worker_0812,RFID000812,Assembly,WS-09,AFTERNOON,4,2026-10-04T13:38:33,SAD,OK,36.87,87.6,98.4,0.487,83.72,HIGH
2df5d818-cdae-4cc8-83bb-2f9a5d767563,EMP0846,Worker_0846,RFID000846,Stores,WS-01,AFTERNOON,4,2026-10-04T13:38:35,OK,OK,36.52,70.8,98.1,0.228,36.62,MODERATE
0fa68a13-c041-48a7-9b29-c1645ba0b016,EMP0139,Worker_0139,RFID000139,Stores,WS-09,AFTERNOON,4,2026-10-04T13:39:57,OK,HAPPY,36.38,82.4,97.3,0.418,46.26,MODERATE
a8bca864-3250-4e8d-be6f-ffca1f3b46e5,EMP0481,Worker_0481,RFID000481,Stores,WS-02,AFTERNOON,4,2026-10-04T13:40:04,OK,OK,36.36,76.0,97.7,0.225,38.82,MODERATE
6098a76f-3b5e-4670-b94b-4844b127dca1,EMP0937,Worker_0937,RFID000937,Cutting,WS-04,AFTERNOON,4,2026-10-04T13:40:07,HAPPY,HAPPY,36.35,78.0,97.6,0.188,14.97,LOW
888ed6df-fc2a-43a6-9641-a2a1a2fe5391,EMP0683,Worker_0683,RFID000683,Production,WS-09,AFTERNOON,4,2026-10-04T13:40:16,HAPPY,OK,36.36,73.6,97.9,0.363,13.9,LOW
a4dc8378-f760-42fa-98c0-c6c54b34f7c5,EMP0490,Worker_0490,RFID000490,Stores,WS-05,AFTERNOON,4,2026-10-04T13:40:20,OK,OK,36.47,77.4,98.5,0.281,34.32,LOW
a3eeb476-358f-4fce-8f44-1d08b5fc53b3,EMP0865,Worker_0865,RFID000865,Maintenance,WS-01,AFTERNOON,4,2026-10-04T13:40:26,HAPPY,OK,36.72,73.0,98.8,0.214,11.9,LOW
9f4eb527-6d53-4907-ba37-0cbb673155bb,EMP0985,Worker_0985,RFID000985,Production,WS-02,AFTERNOON,4,2026-10-04T13:40:31,OK,HAPPY,36.54,85.3,98.8,0.364,46.4,MODERATE
55d98209-3a1a-4cbf-879e-b33047589540,EMP0011,Worker_0011,RFID000011,Maintenance,WS-02,AFTERNOON,4,2026-10-04T13:40:50,SAD,OK,36.75,80.5,98.8,0.362,67.94,HIGH
edc8ad84-f10f-4a54-8d2e-918b29ff9fb5,EMP0640,Worker_0640,RFID000640,Cutting,WS-07,AFTERNOON,4,2026-10-04T13:41:04,OK,HAPPY,36.2,78.5,98.5,0.389,40.42,MODERATE
cb07ef08-9cc3-4504-879e-2ca913e42f70,EMP0835,Worker_0835,RFID000835,Maintenance,WS-10,AFTERNOON,4,2026-10-04T13:41:09,OK,HAPPY,36.6,73.1,98.6,0.342,33.58,LOW
abaa3e08-9881-4be1-bb1f-1f7faa1caafa,EMP0487,Worker_0487,RFID000487,Quality,WS-08,AFTERNOON,4,2026-10-04T13:41:29,OK,HAPPY,36.74,76.3,97.3,0.256,34.29,LOW
387f8175-80a0-4b83-9725-d8f6604cd8ee,EMP0421,Worker_0421,RFID000421,Cutting,WS-09,AFTERNOON,4,2026-10-04T13:41:37,OK,OK,36.39,73.8,97.3,0.38,40.9,MODERATE
945b37a5-cdf7-4b84-a39d-fc9911b060bd,EMP0145,Worker_0145,RFID000145,Quality,WS-07,AFTERNOON,4,2026-10-04T13:41:43,HAPPY,OK,36.56,78.8,98.3,0.284,13.87,LOW
ac18ee14-c426-4149-bfa3-dbb2daf1779a,EMP0942,Worker_0942,RFID000942,Assembly,WS-09,AFTERNOON,4,2026-10-04T13:41:44,HAPPY,OK,36.62,84.5,97.9,0.344,6.2,LOW
3aa4a63a-61b8-4ceb-90be-552723622fe4,EMP0055,Worker_0055,RFID000055,Cutting,WS-10,AFTERNOON,4,2026-10-04T13:41:45,OK,SAD,36.25,71.7,98.4,0.336,42.61,MODERATE
84107de2-97a1-47f7-8420-208952d65ea2,EMP0228,Worker_0228,RFID000228,Stores,WS-06,AFTERNOON,4,2026-10-04T13:42:02,HAPPY,HAPPY,36.59,87.9,97.3,0.178,12.31,LOW
9c9b70e2-d57f-49b9-b2c4-6e4d96cb029f,EMP0351,Worker_0351,RFID000351,Maintenance,WS-02,AFTERNOON,4,2026-10-04T13:42:12,HAPPY,HAPPY,36.79,81.8,98.2,0.274,14.51,LOW
2772c619-f8e8-4394-93ef-cfaeeffd44ee,EMP0959,Worker_0959,RFID000959,Assembly,WS-09,AFTERNOON,4,2026-10-04T13:42:18,HAPPY,HAPPY,36.26,72.9,97.9,0.403,10.9,LOW
503f0d4a-f3a3-46b9-9f81-a736db2eda71,EMP0771,Worker_0771,RFID000771,Cutting,WS-07,AFTERNOON,4,2026-10-04T13:42:25,HAPPY,HAPPY,36.58,72.2,98.8,0.23,9.54,LOW
1c0bf9bd-2c0b-4f95-a8e0-a8b59fdd506f,EMP0905,Worker_0905,RFID000905,Cutting,WS-06,AFTERNOON,4,2026-10-04T13:42:27,HAPPY,SAD,36.62,77.8,97.2,0.209,5.78,LOW
2b1d63a0-8e16-48a5-b86f-83eed3445f8d,EMP0657,Worker_0657,RFID000657,Finishing,WS-04,AFTERNOON,4,2026-10-04T13:42:42,SAD,OK,36.59,91.4,98.1,0.38,76.25,HIGH
4d281133-a098-415f-94e8-3f7fc7a5536e,EMP0646,Worker_0646,RFID000646,Quality,WS-01,AFTERNOON,4,2026-10-04T13:42:47,SAD,OK,36.6,81.5,97.6,0.377,75.4,HIGH
62a11f68-290b-4c05-aeda-8bccbf1a03c4,EMP0039,Worker_0039,RFID000039,Assembly,WS-02,AFTERNOON,4,2026-10-04T13:42:55,HAPPY,HAPPY,36.54,75.5,97.5,0.149,8.49,LOW
db740c65-60fa-4e10-9582-8c241bdb04d4,EMP0787,Worker_0787,RFID000787,Production,WS-06,AFTERNOON,4,2026-10-04T13:43:01,HAPPY,OK,36.82,78.3,98.0,0.26,6.94,LOW
3ca29319-7348-41df-b3dc-0249235460d4,EMP0631,Worker_0631,RFID000631,Assembly,WS-02,AFTERNOON,4,2026-10-04T13:43:13,HAPPY,HAPPY,36.74,67.7,98.1,0.178,7.51,LOW
705e80e4-099c-4f8c-9644-5b761698073b,EMP0494,Worker_0494,RFID000494,Quality,WS-02,AFTERNOON,4,2026-10-04T13:43:56,HAPPY,HAPPY,36.61,77.6,96.6,0.318,9.01,LOW
bf11fc07-f415-4b28-8d62-451ca95fe6ee,EMP0283,Worker_0283,RFID000283,Finishing,WS-05,AFTERNOON,4,2026-10-04T13:44:21,OK,OK,36.34,82.0,98.8,0.352,40.21,MODERATE
2714ef47-201a-4b1d-86a1-9eaf72e8e319,EMP0743,Worker_0743,RFID000743,Maintenance,WS-04,AFTERNOON,4,2026-10-04T13:44:33,SAD,OK,36.58,74.3,97.8,0.289,71.76,HIGH
5b82535f-e014-456b-b50d-54764d62f1be,EMP0072,Worker_0072,RFID000072,Production,WS-10,AFTERNOON,4,2026-10-04T13:44:37,OK,HAPPY,36.3,81.7,97.7,0.325,37.34,MODERATE
4033268d-1265-4e8e-b30f-417c78bea641,EMP0206,Worker_0206,RFID000206,Maintenance,WS-02,AFTERNOON,4,2026-10-04T13:45:01,HAPPY,OK,36.48,71.2,98.9,0.35,8.87,LOW
e38f2ea1-5d60-4760-95c6-d42bcbf25cda,EMP0178,Worker_0178,RFID000178,Maintenance,WS-06,AFTERNOON,4,2026-10-04T13:45:12,HAPPY,OK,36.77,67.3,97.5,0.28,9.56,LOW
75d28839-df69-489b-b4b8-97b7bbb46b9d,EMP0662,Worker_0662,RFID000662,Quality,WS-03,AFTERNOON,4,2026-10-04T13:46:16,OK,OK,36.32,90.5,97.7,0.139,47.31,MODERATE
97adbcd5-d457-40af-9a65-5532de783a29,EMP0091,Worker_0091,RFID000091,Packaging,WS-05,AFTERNOON,4,2026-10-04T13:46:22,SAD,SAD,36.81,90.9,97.6,0.611,94.41,HIGH
19e00b49-f55d-438e-93c9-bd0be7ee75a1,EMP0052,Worker_0052,RFID000052,Cutting,WS-06,AFTERNOON,4,2026-10-04T13:46:49,HAPPY,HAPPY,36.22,68.6,98.5,0.163,13.07,LOW
8e15343b-5ae1-4cf2-a802-750f4dd73d6f,EMP0663,Worker_0663,RFID000663,Cutting,WS-08,AFTERNOON,4,2026-10-04T13:47:01,OK,OK,36.7,75.7,97.3,0.324,33.95,LOW
15f087d3-fd7c-465d-be4b-9c3f2f3500e5,EMP0479,Worker_0479,RFID000479,Stores,WS-09,AFTERNOON,4,2026-10-04T13:47:22,HAPPY,OK,36.29,75.1,97.9,0.34,7.6,LOW
19dc2c97-8720-44d0-bfd3-1a5fda853f10,EMP0682,Worker_0682,RFID000682,Assembly,WS-04,AFTERNOON,4,2026-10-04T13:47:28,OK,SAD,36.69,72.7,97.1,0.359,36.66,MODERATE
daebab8a-bda0-441f-af4d-e84556f52f20,EMP0415,Worker_0415,RFID000415,Packaging,WS-02,AFTERNOON,4,2026-10-04T13:47:41,SAD,OK,36.81,82.4,96.2,0.313,69.02,HIGH
d8556249-3178-4472-9694-5a87819294bd,EMP0274,Worker_0274,RFID000274,Cutting,WS-02,AFTERNOON,4,2026-10-04T13:48:01,OK,OK,36.38,72.6,97.6,0.285,39.67,MODERATE
44e94d15-2762-4cfb-8f41-559a9bee0627,EMP0326,Worker_0326,RFID000326,Packaging,WS-02,AFTERNOON,4,2026-10-04T13:48:02,HAPPY,SAD,36.22,64.8,98.8,0.289,14.55,LOW
c4ac7352-a998-41af-9625-5092191faad9,EMP0302,Worker_0302,RFID000302,Finishing,WS-04,AFTERNOON,4,2026-10-04T13:48:16,HAPPY,HAPPY,36.69,84.0,97.9,0.133,9.97,LOW
5261a011-ca91-429f-9f6a-f8b17b6c612a,EMP0914,Worker_0914,RFID000914,Cutting,WS-05,AFTERNOON,4,2026-10-04T13:48:18,HAPPY,OK,36.77,73.0,98.3,0.245,8.21,LOW
5b7dad0f-f64b-48ee-8f90-b0fe6fc67068,EMP0952,Worker_0952,RFID000952,Packaging,WS-02,AFTERNOON,4,2026-10-04T13:48:23,SAD,OK,36.63,93.4,98.0,0.379,82.49,HIGH
4268d33b-2e5d-42bf-ad8d-aea520f8aebd,EMP0064,Worker_0064,RFID000064,Packaging,WS-03,AFTERNOON,4,2026-10-04T13:48:58,OK,HAPPY,36.34,87.4,98.9,0.398,42.18,MODERATE
dc0bfc12-a785-4d19-9c27-f16ec3fba4c8,EMP0340,Worker_0340,RFID000340,Cutting,WS-02,AFTERNOON,4,2026-10-04T13:49:07,OK,OK,36.58,70.3,97.7,0.302,37.3,MODERATE
42187f97-d594-48ff-b441-081eda39a078,EMP0956,Worker_0956,RFID000956,Maintenance,WS-04,AFTERNOON,4,2026-10-04T13:49:27,HAPPY,OK,36.34,81.1,97.3,0.208,12.7,LOW
c0bdd3b6-0bd6-4a82-85ac-b39a2160b42a,EMP0500,Worker_0500,RFID000500,Finishing,WS-04,AFTERNOON,4,2026-10-04T13:49:32,HAPPY,HAPPY,36.34,80.6,98.3,0.114,5.81,LOW
4f76e9f7-c0e5-48cc-95b3-b9270a9a9790,EMP0878,Worker_0878,RFID000878,Finishing,WS-10,AFTERNOON,4,2026-10-04T13:49:56,OK,HAPPY,36.37,76.5,98.6,0.409,44.38,MODERATE
a05882dc-9631-473e-a8ff-cdd25d433ac6,EMP0207,Worker_0207,RFID000207,Finishing,WS-10,AFTERNOON,4,2026-10-04T13:50:04,SAD,OK,36.71,98.9,98.1,0.551,86.89,HIGH
0dba0cd8-f6b3-4f25-b8ec-76b4103d51b4,EMP0278,Worker_0278,RFID000278,Finishing,WS-03,AFTERNOON,4,2026-10-04T13:50:14,OK,OK,36.87,73.2,98.7,0.296,38.84,MODERATE
2e59f8b8-0361-4011-8346-6e183d439380,EMP0510,Worker_0510,RFID000510,Packaging,WS-06,AFTERNOON,4,2026-10-04T13:50:45,HAPPY,HAPPY,36.58,74.5,98.9,0.233,7.86,LOW
173c337d-9ad7-4afd-9251-c08e595cb449,EMP0299,Worker_0299,RFID000299,Finishing,WS-06,AFTERNOON,4,2026-10-04T13:50:57,SAD,HAPPY,36.56,76.9,96.5,0.477,76.01,HIGH
22ca1a31-5cb3-48a6-9b35-b0e61a1fcc33,EMP0512,Worker_0512,RFID000512,Production,WS-01,AFTERNOON,4,2026-10-04T13:51:12,HAPPY,HAPPY,36.29,80.0,99.4,0.44,11.49,LOW
0f2f4d81-c50c-4e62-b282-9b5e2a45ba92,EMP0130,Worker_0130,RFID000130,Quality,WS-02,AFTERNOON,4,2026-10-04T13:51:14,HAPPY,OK,36.32,76.1,97.5,0.212,5.71,LOW
66b73616-b972-4ae6-aebf-91f55f319265,EMP0015,Worker_0015,RFID000015,Finishing,WS-09,AFTERNOON,4,2026-10-04T13:51:18,HAPPY,HAPPY,36.49,71.3,99.1,0.26,12.65,LOW
cdd92217-01bb-405c-bbc2-3b8105a7f509,EMP0317,Worker_0317,RFID000317,Quality,WS-02,AFTERNOON,4,2026-10-04T13:52:11,SAD,OK,36.54,91.5,98.0,0.589,84.32,HIGH
f1e884b2-6a38-4ecb-a3a9-f8a202b187a9,EMP0552,Worker_0552,RFID000552,Assembly,WS-10,AFTERNOON,4,2026-10-04T13:52:23,SAD,OK,36.8,81.5,96.8,0.448,80.32,HIGH
413d0ce0-991a-4896-b244-1adfdd6c947e,EMP0322,Worker_0322,RFID000322,Stores,WS-07,AFTERNOON,4,2026-10-04T13:52:26,OK,HAPPY,36.32,85.0,97.9,0.351,35.68,MODERATE
e2b0d6b6-a5b5-4036-ae2a-96d1bd82dac2,EMP0460,Worker_0460,RFID000460,Cutting,WS-01,AFTERNOON,4,2026-10-04T13:52:26,OK,OK,36.73,79.5,98.9,0.217,35.14,MODERATE
faf19325-42ce-4750-bffd-1a2160d68b6e,EMP0201,Worker_0201,RFID000201,Quality,WS-07,AFTERNOON,4,2026-10-04T13:52:38,OK,HAPPY,36.81,67.4,98.1,0.434,37.03,MODERATE
0fea39bb-42e3-410e-8fc4-87ff744e4e85,EMP0936,Worker_0936,RFID000936,Maintenance,WS-08,AFTERNOON,4,2026-10-04T13:52:40,HAPPY,OK,36.34,82.5,98.1,0.34,8.48,LOW
b25ef499-347e-4d74-8339-effad3f02703,EMP0764,Worker_0764,RFID000764,Cutting,WS-02,AFTERNOON,4,2026-10-04T13:52:45,HAPPY,HAPPY,36.54,78.2,98.9,0.298,12.4,LOW
c6860163-cb20-44a2-969b-8ab9434b7521,EMP0966,Worker_0966,RFID000966,Packaging,WS-03,AFTERNOON,4,2026-10-04T13:53:04,SAD,HAPPY,36.68,85.1,96.9,0.595,80.97,HIGH
fcb2f52a-20fd-44ea-99f8-542b4ebd6cf1,EMP0017,Worker_0017,RFID000017,Maintenance,WS-09,AFTERNOON,4,2026-10-04T13:53:21,OK,HAPPY,36.74,81.7,96.8,0.36,38.01,MODERATE
e0736064-3e85-4072-9146-666da163e119,EMP0285,Worker_0285,RFID000285,Finishing,WS-01,AFTERNOON,4,2026-10-04T13:53:33,OK,OK,36.39,77.1,97.3,0.395,34.45,LOW
258a73ef-b44f-4f36-a689-13e9e8cf38f2,EMP0376,Worker_0376,RFID000376,Quality,WS-01,AFTERNOON,4,2026-10-04T13:53:44,SAD,OK,36.51,78.1,98.1,0.445,71.79,HIGH
75f827af-f62f-401f-9335-1f03e05c57df,EMP0273,Worker_0273,RFID000273,Packaging,WS-03,AFTERNOON,4,2026-10-04T13:53:47,HAPPY,HAPPY,36.49,73.7,98.1,0.172,7.21,LOW
c348efa4-81a4-4989-91ef-8cef39019445,EMP0495,Worker_0495,RFID000495,Production,WS-10,AFTERNOON,4,2026-10-04T13:53:48,SAD,OK,36.87,103.5,98.4,0.307,87.94,HIGH
2bcee760-2b4f-4a40-9268-58456330586f,EMP0623,Worker_0623,RFID000623,Production,WS-04,AFTERNOON,4,2026-10-04T13:53:53,HAPPY,OK,36.41,75.5,98.0,0.267,14.48,LOW
b817de11-3a67-4c4a-8c33-75ff9a5260a5,EMP0005,Worker_0005,RFID000005,Assembly,WS-06,AFTERNOON,4,2026-10-04T13:53:54,OK,HAPPY,36.72,83.2,98.4,0.329,35.11,MODERATE
bb4609a0-1f5d-4c1c-bb35-0fce61d00c21,EMP0438,Worker_0438,RFID000438,Assembly,WS-06,AFTERNOON,4,2026-10-04T13:53:57,OK,HAPPY,36.42,79.8,97.2,0.223,39.72,MODERATE
00763022-22ff-430f-8b56-9f59c93277be,EMP0068,Worker_0068,RFID000068,Quality,WS-08,AFTERNOON,4,2026-10-04T13:54:33,SAD,HAPPY,36.98,90.5,97.8,0.426,82.29,HIGH
98231022-19b0-4a55-a4b8-c2d49cb9aa89,EMP0111,Worker_0111,RFID000111,Cutting,WS-09,AFTERNOON,4,2026-10-04T13:54:33,OK,OK,36.27,73.6,96.6,0.185,40.49,MODERATE
c8dbbb6b-d522-4285-9be0-305bda579d74,EMP0070,Worker_0070,RFID000070,Assembly,WS-03,AFTERNOON,4,2026-10-04T13:54:43,HAPPY,HAPPY,36.38,67.0,97.9,0.219,9.5,LOW
ea5b184b-2310-415d-98f3-4e4496a81e35,EMP0200,Worker_0200,RFID000200,Assembly,WS-09,AFTERNOON,4,2026-10-04T13:54:55,OK,OK,36.4,79.0,98.7,0.261,42.79,MODERATE
70e6fb01-3ada-4632-9d30-281522e5c47d,EMP0034,Worker_0034,RFID000034,Stores,WS-01,AFTERNOON,4,2026-10-04T13:55:01,HAPPY,OK,36.56,69.7,99.0,0.276,11.55,LOW
fd3bfc41-742f-44b3-9161-9490bfba0f68,EMP0532,Worker_0532,RFID000532,Maintenance,WS-04,AFTERNOON,4,2026-10-04T13:55:10,OK,OK,36.25,81.1,98.5,0.16,35.92,MODERATE
411c2dbd-afbd-4b7f-b31b-20929c89c1c4,EMP0389,Worker_0389,RFID000389,Cutting,WS-07,AFTERNOON,4,2026-10-04T13:55:11,SAD,HAPPY,36.72,85.7,98.7,0.51,75.98,HIGH
02e01cd7-7afb-4bc1-8af8-36756af966fc,EMP0935,Worker_0935,RFID000935,Quality,WS-04,AFTERNOON,4,2026-10-04T13:55:12,SAD,SAD,36.86,84.5,98.2,0.47,82.11,HIGH
09410fda-47f0-4512-829a-1cecaa69b21f,EMP0926,Worker_0926,RFID000926,Production,WS-09,AFTERNOON,4,2026-10-04T13:55:28,OK,OK,36.72,90.9,97.1,0.47,50.06,MODERATE
e93b3cee-0e03-489c-97fe-1fb14480f895,EMP0067,Worker_0067,RFID000067,Finishing,WS-10,AFTERNOON,4,2026-10-04T13:55:50,HAPPY,OK,36.76,83.9,97.8,0.413,18.01,LOW
5db6a5b1-37c5-4193-9b1c-e379397cfb6c,EMP0083,Worker_0083,RFID000083,Maintenance,WS-10,AFTERNOON,4,2026-10-04T13:55:51,HAPPY,HAPPY,36.64,80.4,98.0,0.099,9.59,LOW
0c2d8b2f-2286-4411-9fa4-6aa58ba2e683,EMP0738,Worker_0738,RFID000738,Stores,WS-08,AFTERNOON,4,2026-10-04T13:56:00,HAPPY,HAPPY,36.46,83.6,98.0,0.303,12.06,LOW
3f4f43d8-4a85-4764-a6ef-b29982a30bf8,EMP0109,Worker_0109,RFID000109,Maintenance,WS-03,AFTERNOON,4,2026-10-04T13:56:04,OK,HAPPY,36.49,79.3,98.0,0.355,38.82,MODERATE
4c2de320-3296-4663-abbf-87af9b8208eb,EMP0388,Worker_0388,RFID000388,Production,WS-01,AFTERNOON,4,2026-10-04T13:56:24,OK,OK,36.4,87.4,97.5,0.389,37.35,MODERATE
d33fb5e0-0775-40e6-82b6-ba56502d66e2,EMP0714,Worker_0714,RFID000714,Cutting,WS-05,AFTERNOON,4,2026-10-04T13:56:24,SAD,OK,36.56,94.9,95.8,0.571,92.18,HIGH
8d6359a2-154b-4641-a858-b2f69b25569c,EMP0478,Worker_0478,RFID000478,Packaging,WS-06,AFTERNOON,4,2026-10-04T13:56:28,SAD,SAD,36.58,98.5,97.1,0.622,100,HIGH
d5c4684b-1566-408e-bae1-c4a774817052,EMP0025,Worker_0025,RFID000025,Stores,WS-02,AFTERNOON,4,2026-10-04T13:56:35,SAD,SAD,36.71,85.7,97.3,0.479,87.37,HIGH
533083b5-4058-4956-9f74-3574ab6938de,EMP0801,Worker_0801,RFID000801,Maintenance,WS-01,AFTERNOON,4,2026-10-04T13:57:56,HAPPY,HAPPY,36.47,77.2,97.0,0.34,5.92,LOW
3e5f04fe-3d98-4768-863f-e115f2bccfb6,EMP0642,Worker_0642,RFID000642,Quality,WS-05,AFTERNOON,4,2026-10-04T13:58:00,HAPPY,OK,36.35,73.2,98.7,0.334,7.37,LOW
7b46e662-cf71-4f36-a515-1b7e620b42b4,EMP0096,Worker_0096,RFID000096,Finishing,WS-02,AFTERNOON,4,2026-10-04T13:58:03,OK,HAPPY,36.69,78.8,97.0,0.338,40.86,MODERATE
8c12bb9d-2229-440d-93ae-f9438e6547a5,EMP0981,Worker_0981,RFID000981,Finishing,WS-09,AFTERNOON,4,2026-10-04T13:58:17,HAPPY,OK,36.49,78.3,98.3,0.167,7.83,LOW
479b825a-7bfa-421a-b87f-edae6154ba2e,EMP0152,Worker_0152,RFID000152,Quality,WS-02,AFTERNOON,4,2026-10-04T13:58:24,OK,OK,36.11,81.7,97.0,0.468,41.9,MODERATE
bb49314f-ae40-47eb-849e-23c9ddf380f7,EMP0581,Worker_0581,RFID000581,Packaging,WS-07,AFTERNOON,4,2026-10-04T13:58:31,HAPPY,OK,36.64,79.2,99.2,0.248,12.17,LOW
b0d62aa4-d906-4489-91cb-4a09e2cac535,EMP0723,Worker_0723,RFID000723,Packaging,WS-04,AFTERNOON,4,2026-10-04T13:58:54,SAD,HAPPY,36.71,88.8,97.5,0.492,80.04,HIGH
83a4e1f8-461f-43ca-8465-30d55b1594a4,EMP0637,Worker_0637,RFID000637,Quality,WS-05,AFTERNOON,4,2026-10-04T13:59:05,OK,HAPPY,36.42,71.4,98.2,0.276,37.33,MODERATE
7f6ebeb7-d1b9-415a-bc15-395ad47f82fa,EMP0992,Worker_0992,RFID000992,Packaging,WS-02,AFTERNOON,4,2026-10-04T13:59:34,HAPPY,HAPPY,36.38,75.4,97.5,0.189,14.37,LOW
7f1aae56-7bda-48b6-b363-79fc3a38928e,EMP0367,Worker_0367,RFID000367,Quality,WS-03,AFTERNOON,4,2026-10-04T13:59:40,HAPPY,HAPPY,36.55,69.8,99.4,0.333,7.24,LOW
7a679f83-1fd5-4508-a76c-5ad63835da08,EMP0555,Worker_0555,RFID000555,Quality,WS-05,AFTERNOON,4,2026-10-04T13:59:51,OK,SAD,36.84,82.8,99.3,0.375,42.33,MODERATE
9b1b213d-1cd4-4d5c-aed9-da0c55fa70c5,EMP0296,Worker_0296,RFID000296,Stores,WS-07,AFTERNOON,4,2026-10-04T13:59:57,HAPPY,HAPPY,36.22,73.2,97.9,0.238,9.11,LOW
694e8cca-b8c2-43c8-8731-8c334d83dbd2,EMP0146,Worker_0146,RFID000146,Quality,WS-07,AFTERNOON,4,2026-10-04T14:00:37,OK,HAPPY,36.73,82.1,98.2,0.47,39.59,MODERATE
e726b27e-b618-43c3-84a0-9ba0136be69e,EMP0249,Worker_0249,RFID000249,Quality,WS-02,AFTERNOON,4,2026-10-04T14:00:57,OK,SAD,36.56,76.5,98.3,0.418,45.3,MODERATE
8d97ce0a-5945-4344-b00d-58683d389e6a,EMP0403,Worker_0403,RFID000403,Packaging,WS-08,AFTERNOON,4,2026-10-04T14:01:19,OK,OK,36.75,78.1,98.2,0.392,34.29,LOW
0e18e1f7-e079-4df5-93e8-4697d1827aca,EMP0405,Worker_0405,RFID000405,Production,WS-06,AFTERNOON,4,2026-10-04T14:01:46,HAPPY,SAD,36.6,69.5,98.3,0.38,5.04,LOW
230522fe-e8d9-491a-8374-0baadfbe16c5,EMP0476,Worker_0476,RFID000476,Packaging,WS-01,AFTERNOON,4,2026-10-04T14:02:20,HAPPY,HAPPY,36.67,87.5,98.9,0.25,13.45,LOW
6f0b1477-f987-4c31-9c73-4ab9f2f970bf,EMP0018,Worker_0018,RFID000018,Packaging,WS-03,AFTERNOON,4,2026-10-04T14:03:05,OK,OK,36.32,63.4,98.7,0.451,40.85,MODERATE
f7d3a2e0-5ef8-4df2-96cc-9c473408e577,EMP0965,Worker_0965,RFID000965,Quality,WS-09,AFTERNOON,4,2026-10-04T14:03:30,HAPPY,HAPPY,36.6,83.6,99.9,0.148,10.56,LOW
5a8df28a-ac0d-40f8-9a91-1fecc232f49f,EMP0832,Worker_0832,RFID000832,Finishing,WS-01,AFTERNOON,4,2026-10-04T14:03:31,OK,SAD,36.47,82.3,98.3,0.248,37.94,MODERATE
a189465b-0fdc-466e-af52-cab97b355040,EMP0996,Worker_0996,RFID000996,Finishing,WS-04,AFTERNOON,4,2026-10-04T14:04:09,HAPPY,HAPPY,36.47,79.4,97.5,0.27,11.5,LOW
3aced1fc-9f0c-45dc-895f-001a7298172e,EMP0904,Worker_0904,RFID000904,Packaging,WS-07,AFTERNOON,4,2026-10-04T14:04:33,OK,HAPPY,36.48,82.1,98.8,0.289,37.76,MODERATE
fd558d6d-d2ad-4cde-8a36-9359cf9006e1,EMP0864,Worker_0864,RFID000864,Finishing,WS-06,AFTERNOON,4,2026-10-04T14:04:45,HAPPY,OK,36.51,72.6,99.4,0.21,6.11,LOW
e043015a-bf76-4963-9716-b952ad3cd5ba,EMP0902,Worker_0902,RFID000902,Assembly,WS-02,AFTERNOON,4,2026-10-04T14:04:50,SAD,SAD,36.64,83.2,97.2,0.374,82.97,HIGH
04211fed-e46c-4dba-a7dc-b34aa496be9a,EMP0003,Worker_0003,RFID000003,Packaging,WS-09,AFTERNOON,4,2026-10-04T14:05:01,HAPPY,OK,36.6,76.4,98.3,0.359,10.7,LOW
e88f5b70-eaee-439b-8396-a3a0a3f36a5d,EMP0313,Worker_0313,RFID000313,Production,WS-09,AFTERNOON,4,2026-10-04T14:05:08,OK,OK,36.61,79.7,98.2,0.39,41.31,MODERATE
743e15a3-6501-451e-a435-b6590bb68490,EMP0638,Worker_0638,RFID000638,Production,WS-08,AFTERNOON,4,2026-10-04T14:05:15,HAPPY,HAPPY,36.49,83.7,96.3,0.219,14.72,LOW
a591d22e-652b-451b-b69c-e126b5e2d2bb,EMP0349,Worker_0349,RFID000349,Cutting,WS-08,AFTERNOON,4,2026-10-04T14:05:20,HAPPY,HAPPY,36.51,66.3,97.3,0.299,11.9,LOW
c2cb2533-ce9a-4f3b-8ffe-5064bf342bff,EMP0971,Worker_0971,RFID000971,Maintenance,WS-02,AFTERNOON,4,2026-10-04T14:05:53,HAPPY,HAPPY,36.52,74.3,98.0,0.302,14.42,LOW
8e888272-4e4e-4084-a9a2-7cbd1cd4f213,EMP0513,Worker_0513,RFID000513,Assembly,WS-08,AFTERNOON,4,2026-10-04T14:06:09,OK,SAD,36.36,72.6,97.9,0.326,40.71,MODERATE
cf744d97-8543-44c3-ba5c-1b6db68f89e7,EMP0593,Worker_0593,RFID000593,Maintenance,WS-10,AFTERNOON,4,2026-10-04T14:06:09,SAD,OK,36.86,79.5,97.2,0.549,80.32,HIGH
66b7eafd-99df-4809-85d2-5e033f40e1aa,EMP0685,Worker_0685,RFID000685,Packaging,WS-04,AFTERNOON,4,2026-10-04T14:06:18,HAPPY,HAPPY,36.71,65.7,98.0,0.413,14.39,LOW
1a2f8f73-9583-410b-82db-e8599d53c854,EMP0975,Worker_0975,RFID000975,Cutting,WS-02,AFTERNOON,4,2026-10-04T14:06:48,OK,HAPPY,36.3,74.3,99.2,0.403,42.35,MODERATE
b6ed6e37-9383-4369-91e0-3467e18d61c5,EMP0435,Worker_0435,RFID000435,Quality,WS-01,AFTERNOON,4,2026-10-04T14:06:53,OK,OK,36.79,87.1,98.2,0.427,48.57,MODERATE
d7a7a5f0-6463-4f4e-aa54-872d25f83d8e,EMP0561,Worker_0561,RFID000561,Packaging,WS-06,AFTERNOON,4,2026-10-04T14:06:59,HAPPY,HAPPY,36.35,70.6,98.5,0.287,11.38,LOW
667caa2c-88e4-4894-9f98-266d971dcf59,EMP0472,Worker_0472,RFID000472,Maintenance,WS-05,AFTERNOON,4,2026-10-04T14:07:04,HAPPY,HAPPY,36.49,81.5,97.0,0.278,6.63,LOW
d9a57f02-9a56-4604-85c1-0f6f2a302cf0,EMP0590,Worker_0590,RFID000590,Production,WS-07,AFTERNOON,4,2026-10-04T14:07:11,HAPPY,HAPPY,36.62,80.8,97.6,0.226,13.0,LOW
a29e3d0e-7128-4e0a-84d7-6b259d80e1b3,EMP0834,Worker_0834,RFID000834,Production,WS-05,AFTERNOON,4,2026-10-04T14:08:09,SAD,OK,36.91,77.1,97.5,0.349,67.01,HIGH
9f21fef7-025c-46df-8ce0-366988835a35,EMP0342,Worker_0342,RFID000342,Assembly,WS-02,AFTERNOON,4,2026-10-04T14:08:47,OK,HAPPY,36.58,85.4,96.8,0.301,43.08,MODERATE
32dd607b-4d38-4593-9a3a-9b18e3f65ce8,EMP0084,Worker_0084,RFID000084,Stores,WS-02,AFTERNOON,4,2026-10-04T14:08:48,HAPPY,OK,36.36,74.6,98.6,0.304,13.64,LOW
2a05dd41-4eee-4ed0-855d-1e100c754a87,EMP0128,Worker_0128,RFID000128,Assembly,WS-08,AFTERNOON,4,2026-10-04T14:08:48,HAPPY,HAPPY,36.35,72.9,97.5,0.2,7.29,LOW
00bbab69-c409-435f-a94a-ac8f1bf68859,EMP0256,Worker_0256,RFID000256,Quality,WS-04,AFTERNOON,4,2026-10-04T14:09:12,HAPPY,HAPPY,36.71,64.6,97.6,0.108,7.41,LOW
87389463-d0b2-49f9-81d4-6b42ea76a0e5,EMP0795,Worker_0795,RFID000795,Stores,WS-03,AFTERNOON,4,2026-10-04T14:10:11,HAPPY,HAPPY,36.07,74.1,97.0,0.164,8.46,LOW
c75a7154-984f-41b8-9b44-c7f2b90b7d18,EMP0012,Worker_0012,RFID000012,Cutting,WS-08,AFTERNOON,4,2026-10-04T14:10:17,SAD,OK,36.46,72.0,97.4,0.554,83.46,HIGH
dec54198-9f52-4d65-a75b-49439b812837,EMP0147,Worker_0147,RFID000147,Stores,WS-04,AFTERNOON,4,2026-10-04T14:10:26,SAD,SAD,36.86,90.5,98.8,0.45,91.44,HIGH
b8c54391-b877-4a18-9fc8-472cb97a50fc,EMP0655,Worker_0655,RFID000655,Stores,WS-09,AFTERNOON,4,2026-10-04T14:10:32,SAD,HAPPY,36.92,88.0,97.7,0.496,82.15,HIGH
267a3241-a352-45db-b772-85f8dcd09dac,EMP0717,Worker_0717,RFID000717,Packaging,WS-08,AFTERNOON,4,2026-10-04T14:10:41,OK,HAPPY,36.44,70.8,98.7,0.422,38.33,MODERATE
0c369e1e-62c6-4afc-80cb-a91b8a3ed3f7,EMP0886,Worker_0886,RFID000886,Assembly,WS-07,AFTERNOON,4,2026-10-04T14:10:46,OK,OK,36.23,70.5,98.8,0.474,38.15,MODERATE
23b75a86-458d-45f5-99d5-307e162f6c0f,EMP0839,Worker_0839,RFID000839,Finishing,WS-09,AFTERNOON,4,2026-10-04T14:11:01,HAPPY,HAPPY,36.63,68.2,97.9,0.335,6.1,LOW
c528936e-5730-458b-bc2f-47eff06af53f,EMP0338,Worker_0338,RFID000338,Production,WS-08,AFTERNOON,4,2026-10-04T14:11:08,HAPPY,HAPPY,36.18,79.3,98.6,0.289,10.28,LOW
677abcfc-d9e9-43df-9da1-8628e14c4ac0,EMP0794,Worker_0794,RFID000794,Cutting,WS-08,AFTERNOON,4,2026-10-04T14:11:17,HAPPY,HAPPY,36.65,80.4,99.4,0.317,8.54,LOW
3e7f0227-c6d4-43a0-a6c5-1374881fd611,EMP0871,Worker_0871,RFID000871,Quality,WS-10,AFTERNOON,4,2026-10-04T14:11:20,OK,HAPPY,36.37,79.3,97.9,0.402,37.87,MODERATE
d13d7e30-7509-4144-bb79-e73187e81605,EMP0531,Worker_0531,RFID000531,Packaging,WS-05,AFTERNOON,4,2026-10-04T14:12:20,SAD,OK,36.64,96.6,97.4,0.344,75.28,HIGH
6b591d27-0550-483f-a8a9-6b9af3a07b66,EMP0337,Worker_0337,RFID000337,Stores,WS-02,AFTERNOON,4,2026-10-04T14:12:37,HAPPY,HAPPY,36.23,79.0,99.5,0.128,10.38,LOW
44af4aab-70dd-4d1d-a110-c6e78147a269,EMP0220,Worker_0220,RFID000220,Stores,WS-08,AFTERNOON,4,2026-10-04T14:12:45,OK,HAPPY,36.74,69.7,97.8,0.508,42.48,MODERATE
ee505714-a0a9-435b-bc8b-c5e25b28be39,EMP0245,Worker_0245,RFID000245,Cutting,WS-09,AFTERNOON,4,2026-10-04T14:12:59,OK,HAPPY,36.35,83.0,98.8,0.152,41.9,MODERATE
a05e3c8f-7de9-4a80-b67d-0ad568b05967,EMP0156,Worker_0156,RFID000156,Cutting,WS-02,AFTERNOON,4,2026-10-04T14:13:02,OK,OK,36.83,76.3,96.8,0.189,42.84,MODERATE
4d772a9d-6ed4-4b0d-8894-f7ef0e1745c0,EMP0659,Worker_0659,RFID000659,Cutting,WS-03,AFTERNOON,4,2026-10-04T14:13:04,SAD,SAD,36.62,96.8,97.5,0.497,93.58,HIGH
6725b692-7d91-4510-988a-d4719bb2f26d,EMP0078,Worker_0078,RFID000078,Assembly,WS-08,AFTERNOON,4,2026-10-04T14:13:08,OK,HAPPY,36.6,73.2,99.2,0.288,38.99,MODERATE
ad659a6b-efbc-42e4-afff-98ba99676c13,EMP0439,Worker_0439,RFID000439,Assembly,WS-01,AFTERNOON,4,2026-10-04T14:13:12,OK,HAPPY,36.54,74.8,97.3,0.297,40.23,MODERATE
1ec88ecf-9edd-40cb-8c0a-3c8bdee7c165,EMP0010,Worker_0010,RFID000010,Packaging,WS-06,AFTERNOON,4,2026-10-04T14:13:30,OK,HAPPY,36.66,82.8,97.0,0.182,33.03,LOW
3a3c5504-f6be-4413-a205-b8031a4b33b9,EMP0693,Worker_0693,RFID000693,Production,WS-02,AFTERNOON,4,2026-10-04T14:13:45,SAD,OK,36.45,88.8,97.9,0.443,81.22,HIGH
417101c5-3633-472f-aebe-9a3e79ba47dd,EMP0459,Worker_0459,RFID000459,Maintenance,WS-07,AFTERNOON,4,2026-10-04T14:13:46,HAPPY,SAD,36.66,74.7,98.1,0.192,6.73,LOW
7a9485d7-782f-4abf-be07-26fbca50955d,EMP0398,Worker_0398,RFID000398,Production,WS-04,AFTERNOON,4,2026-10-04T14:13:57,HAPPY,SAD,36.31,65.2,99.2,0.139,7.51,LOW
771358bd-d4ef-4a0a-9e1f-446f3761968b,EMP0804,Worker_0804,RFID000804,Assembly,WS-01,AFTERNOON,4,2026-10-04T14:14:03,OK,OK,36.5,71.5,97.5,0.304,42.14,MODERATE
9f2616c4-bb3c-4f62-8eff-7e161f0cccdc,EMP0990,Worker_0990,RFID000990,Cutting,WS-05,AFTERNOON,4,2026-10-04T14:14:08,OK,SAD,36.36,74.5,97.9,0.371,42.61,MODERATE
c169f2cf-ba73-430e-a02d-2b7c1099df0c,EMP0554,Worker_0554,RFID000554,Finishing,WS-03,AFTERNOON,4,2026-10-04T14:14:41,HAPPY,HAPPY,36.22,74.9,98.1,0.213,6.74,LOW
968d3e70-e0a9-43d4-8584-d0fcf28cf00f,EMP0511,Worker_0511,RFID000511,Finishing,WS-06,AFTERNOON,4,2026-10-04T14:14:43,HAPPY,SAD,36.54,74.8,97.4,0.32,8.13,LOW
c70bfb04-71a1-4e7f-a81d-f95281da24c7,EMP0785,Worker_0785,RFID000785,Maintenance,WS-05,AFTERNOON,4,2026-10-04T14:15:02,OK,SAD,36.32,84.6,97.0,0.172,33.96,LOW
5c717272-fdea-476a-a2b8-c6fda1b5a55a,EMP0520,Worker_0520,RFID000520,Cutting,WS-02,AFTERNOON,4,2026-10-04T14:15:04,OK,SAD,36.34,73.0,96.8,0.403,44.95,MODERATE
9b32dd9f-0c61-466b-b8f9-db79d3d18f7e,EMP0745,Worker_0745,RFID000745,Finishing,WS-09,AFTERNOON,4,2026-10-04T14:15:09,OK,HAPPY,36.6,75.3,97.8,0.227,35.13,MODERATE
f94e7723-f3b8-4979-bfff-74954f44d102,EMP0394,Worker_0394,RFID000394,Maintenance,WS-03,AFTERNOON,4,2026-10-04T14:15:14,OK,HAPPY,36.63,79.3,97.8,0.361,38.43,MODERATE
435505bf-6da3-4aec-8ac4-3f2d6c6b7680,EMP0180,Worker_0180,RFID000180,Maintenance,WS-04,AFTERNOON,4,2026-10-04T14:15:31,SAD,OK,36.47,87.9,98.7,0.305,80.97,HIGH
d48a5f0b-e3e3-4da2-a998-9f6703080256,EMP0746,Worker_0746,RFID000746,Quality,WS-04,AFTERNOON,4,2026-10-04T14:15:31,OK,HAPPY,36.59,83.4,99.2,0.308,33.72,LOW
8e8feeb5-3654-4d58-a9a7-a16a85afa91c,EMP0790,Worker_0790,RFID000790,Maintenance,WS-08,AFTERNOON,4,2026-10-04T14:15:37,SAD,SAD,36.9,85.5,97.7,0.563,89.02,HIGH
33d97f77-f9de-47a5-bc02-b58d92a274b9,EMP0814,Worker_0814,RFID000814,Finishing,WS-09,AFTERNOON,4,2026-10-04T14:15:47,HAPPY,OK,36.58,66.6,97.6,0.163,14.99,LOW
f73adf0e-c7aa-499a-8801-723009798c15,EMP0721,Worker_0721,RFID000721,Finishing,WS-05,AFTERNOON,4,2026-10-04T14:16:30,SAD,OK,36.33,94.8,96.9,0.301,78.84,HIGH
38452c86-897f-4df4-ac8b-b98a58994fb1,EMP0775,Worker_0775,RFID000775,Finishing,WS-09,AFTERNOON,4,2026-10-04T14:17:02,HAPPY,HAPPY,36.7,75.4,98.2,0.159,14.51,LOW
b3e354ac-388e-4c4e-9485-55b50a9ddc44,EMP0306,Worker_0306,RFID000306,Cutting,WS-05,AFTERNOON,4,2026-10-04T14:17:07,OK,OK,36.41,76.5,98.0,0.431,41.76,MODERATE
4893a141-1b58-44e8-ae89-2c44b8645d03,EMP0422,Worker_0422,RFID000422,Packaging,WS-09,AFTERNOON,4,2026-10-04T14:17:23,OK,SAD,36.88,86.8,98.1,0.328,46.56,MODERATE
53e5076e-2dba-4c07-900f-5f35f508e337,EMP0264,Worker_0264,RFID000264,Finishing,WS-04,AFTERNOON,4,2026-10-04T14:17:53,OK,SAD,36.6,75.1,99.0,0.334,37.9,MODERATE
bef5418a-2ff5-4a78-b4dd-58c2e3bc6579,EMP0688,Worker_0688,RFID000688,Packaging,WS-04,AFTERNOON,4,2026-10-04T14:17:58,OK,HAPPY,36.35,84.2,98.2,0.18,41.68,MODERATE
7b917d6c-0871-4540-a499-2ed0f7b4298f,EMP0069,Worker_0069,RFID000069,Finishing,WS-04,AFTERNOON,4,2026-10-04T14:18:09,OK,SAD,36.3,75.0,97.0,0.351,37.98,MODERATE
aef7b1e1-85d2-49ef-a59e-b74199451a77,EMP0527,Worker_0527,RFID000527,Maintenance,WS-09,AFTERNOON,4,2026-10-04T14:18:18,OK,OK,36.69,93.4,98.3,0.372,48.71,MODERATE
af5d38b6-84cc-4dbf-b968-0c3638ea8c54,EMP0233,Worker_0233,RFID000233,Quality,WS-03,AFTERNOON,4,2026-10-04T14:18:21,OK,HAPPY,36.82,80.3,96.5,0.149,36.67,MODERATE
3489a5ed-f7d1-492a-a42a-4c47bf1666cd,EMP0254,Worker_0254,RFID000254,Maintenance,WS-01,AFTERNOON,4,2026-10-04T14:18:47,OK,OK,36.47,83.9,98.0,0.529,43.5,MODERATE
b56466d6-b922-4d58-a090-fb771f2063da,EMP0680,Worker_0680,RFID000680,Production,WS-07,AFTERNOON,4,2026-10-04T14:18:48,HAPPY,OK,36.52,63.4,97.7,0.227,5.59,LOW
de6cd699-845f-4ffd-939e-55da26ee58a5,EMP0407,Worker_0407,RFID000407,Packaging,WS-09,AFTERNOON,4,2026-10-04T14:20:05,OK,OK,36.78,82.8,97.0,0.41,42.71,MODERATE
5d59224c-e903-4814-a279-08e97574c44a,EMP0815,Worker_0815,RFID000815,Production,WS-08,AFTERNOON,4,2026-10-04T14:20:10,HAPPY,HAPPY,36.36,82.3,97.6,0.23,9.88,LOW
1453298e-d92f-4a05-8be9-123550c7c505,EMP0385,Worker_0385,RFID000385,Packaging,WS-08,AFTERNOON,4,2026-10-04T14:20:11,OK,HAPPY,36.38,78.7,98.5,0.22,37.35,MODERATE
8932af3c-32af-4ff6-9daa-e079e93e4619,EMP0429,Worker_0429,RFID000429,Finishing,WS-09,AFTERNOON,4,2026-10-04T14:20:21,OK,SAD,36.64,74.3,96.4,0.324,41.51,MODERATE
62e88431-0226-4ced-a803-75ca8b6aa6b4,EMP0666,Worker_0666,RFID000666,Maintenance,WS-09,AFTERNOON,4,2026-10-04T14:21:02,HAPPY,HAPPY,36.27,64.6,98.6,0.328,12.03,LOW
fabe625d-e820-4341-ae27-f93f08ba5526,EMP0995,Worker_0995,RFID000995,Finishing,WS-10,AFTERNOON,4,2026-10-04T14:21:04,OK,OK,36.52,88.6,97.7,0.34,37.63,MODERATE
4643938a-5e01-4ec5-a1aa-d752636f6aae,EMP0932,Worker_0932,RFID000932,Quality,WS-05,AFTERNOON,4,2026-10-04T14:21:31,OK,HAPPY,36.45,73.8,99.2,0.275,37.06,MODERATE
b03e0d75-4a71-446c-8f6a-f7618082e0a1,EMP0538,Worker_0538,RFID000538,Maintenance,WS-03,AFTERNOON,4,2026-10-04T14:21:39,SAD,HAPPY,36.85,78.3,96.8,0.613,84.09,HIGH
116dd8da-7b9d-4872-ba68-d22b0f30895f,EMP0124,Worker_0124,RFID000124,Finishing,WS-01,AFTERNOON,4,2026-10-04T14:21:47,HAPPY,HAPPY,36.33,79.8,98.4,0.194,5.8,LOW
4c357457-c925-40ae-8b17-1c509eaedec8,EMP0408,Worker_0408,RFID000408,Quality,WS-07,AFTERNOON,4,2026-10-04T14:21:50,OK,HAPPY,36.78,74.2,97.8,0.433,45.56,MODERATE
6be2b42d-eb00-4e0b-8356-c517cda481ec,EMP0818,Worker_0818,RFID000818,Cutting,WS-06,AFTERNOON,4,2026-10-04T14:22:22,OK,OK,36.63,74.9,98.0,0.299,35.3,MODERATE
63b2949e-8ebd-4958-913c-a33e684841e3,EMP0968,Worker_0968,RFID000968,Quality,WS-02,AFTERNOON,4,2026-10-04T14:22:25,HAPPY,OK,36.39,80.1,98.2,0.336,12.26,LOW
88824e10-31ff-4155-bdca-d58ed99b992a,EMP0190,Worker_0190,RFID000190,Quality,WS-06,AFTERNOON,4,2026-10-04T14:22:27,HAPPY,HAPPY,36.55,68.9,99.4,0.19,6.91,LOW
94272f5d-db1a-4737-b7a4-53c4c4a123a5,EMP0684,Worker_0684,RFID000684,Quality,WS-08,AFTERNOON,4,2026-10-04T14:23:01,SAD,OK,36.78,93.5,96.9,0.526,83.95,HIGH
9443b568-11dd-4a5c-9b3c-361c39ed3701,EMP0158,Worker_0158,RFID000158,Maintenance,WS-08,AFTERNOON,4,2026-10-04T14:23:30,OK,SAD,36.42,83.4,98.5,0.199,37.65,MODERATE
0e3d1114-e0d0-4e91-977c-d6f03733452f,EMP0356,Worker_0356,RFID000356,Quality,WS-09,AFTERNOON,4,2026-10-04T14:23:35,HAPPY,OK,36.34,71.4,98.1,0.237,10.02,LOW
42427fde-c289-40b4-80c5-abbf9242a229,EMP0658,Worker_0658,RFID000658,Quality,WS-02,AFTERNOON,4,2026-10-04T14:23:53,HAPPY,HAPPY,36.43,71.7,98.5,0.259,14.35,LOW
c1a8aa70-7ad4-4c99-8ceb-147cefbe824d,EMP0921,Worker_0921,RFID000921,Stores,WS-03,AFTERNOON,4,2026-10-04T14:24:07,OK,SAD,36.36,79.0,98.2,0.254,39.27,MODERATE
bc97e624-0696-42d3-bd3e-2410410720d2,EMP0397,Worker_0397,RFID000397,Maintenance,WS-02,AFTERNOON,4,2026-10-04T14:24:08,HAPPY,HAPPY,36.6,87.6,97.4,0.255,11.31,LOW
89f130c2-32c5-48ca-a1e9-763ff11d5322,EMP0742,Worker_0742,RFID000742,Stores,WS-01,AFTERNOON,4,2026-10-04T14:24:15,SAD,OK,36.33,78.8,98.8,0.474,77.6,HIGH
b092d512-f6af-46ca-9c41-2b055ba7ce64,EMP0469,Worker_0469,RFID000469,Cutting,WS-01,AFTERNOON,4,2026-10-04T14:24:45,HAPPY,HAPPY,36.38,68.9,99.0,0.345,10.8,LOW
b3771ec2-95e2-4727-9cc3-76286e81857f,EMP0969,Worker_0969,RFID000969,Maintenance,WS-10,AFTERNOON,4,2026-10-04T14:25:22,OK,HAPPY,36.49,89.4,97.8,0.41,41.0,MODERATE
d7d7c80f-2316-4467-91a2-8f11fc6441cd,EMP0112,Worker_0112,RFID000112,Production,WS-09,AFTERNOON,4,2026-10-04T14:26:08,OK,HAPPY,36.38,81.2,98.1,0.298,36.37,MODERATE
e635cccc-e040-4819-86bf-3c0fc2ea0a47,EMP0711,Worker_0711,RFID000711,Production,WS-10,AFTERNOON,4,2026-10-04T14:26:09,OK,OK,36.39,82.0,97.1,0.326,39.92,MODERATE
ff41a5c2-c8b4-48db-ad95-93075c8d4849,EMP0030,Worker_0030,RFID000030,Assembly,WS-01,AFTERNOON,4,2026-10-04T14:26:14,HAPPY,OK,36.56,78.9,96.4,0.162,10.64,LOW
f030c168-8866-47bd-86a3-69f5c462f54e,EMP0208,Worker_0208,RFID000208,Production,WS-10,AFTERNOON,4,2026-10-04T14:27:02,HAPPY,OK,36.59,74.0,96.4,0.273,6.88,LOW
739bbcbd-052d-4bdd-a1c5-db5766de1d95,EMP0107,Worker_0107,RFID000107,Production,WS-07,AFTERNOON,4,2026-10-04T14:27:05,OK,SAD,36.68,87.0,97.1,0.318,38.07,MODERATE
683c31c5-2654-414f-b7a9-a58241b3cf89,EMP0051,Worker_0051,RFID000051,Packaging,WS-08,AFTERNOON,4,2026-10-04T14:27:16,OK,OK,36.7,76.4,99.1,0.282,42.22,MODERATE
055837c4-8e98-410f-9ce2-9c1e969577f9,EMP0766,Worker_0766,RFID000766,Quality,WS-03,AFTERNOON,4,2026-10-04T14:27:29,OK,SAD,36.51,85.5,98.8,0.28,43.45,MODERATE
3edeb394-730e-4c11-a497-a1164ee0d671,EMP0906,Worker_0906,RFID000906,Finishing,WS-02,AFTERNOON,4,2026-10-04T14:27:42,HAPPY,HAPPY,36.36,69.0,97.3,0.393,13.51,LOW
c0ee278b-aead-491a-bd7a-c4de4b3fcb10,EMP0471,Worker_0471,RFID000471,Finishing,WS-03,AFTERNOON,4,2026-10-04T14:27:46,OK,HAPPY,36.56,76.9,96.8,0.265,38.15,MODERATE
be6157d0-d378-4eaa-8b3f-2e6fead0da41,EMP0925,Worker_0925,RFID000925,Stores,WS-04,AFTERNOON,4,2026-10-04T14:27:58,OK,SAD,36.64,78.4,97.7,0.437,43.22,MODERATE
8b7473ce-eeb0-4484-b038-7b0a391f63f0,EMP0636,Worker_0636,RFID000636,Maintenance,WS-06,AFTERNOON,4,2026-10-04T14:28:00,HAPPY,OK,36.42,71.6,97.9,0.127,11.02,LOW
ef891338-76de-4e65-ac80-e9d3150f0f5a,EMP0840,Worker_0840,RFID000840,Finishing,WS-08,AFTERNOON,4,2026-10-04T14:28:09,SAD,OK,36.58,82.5,95.7,0.449,78.14,HIGH
c66d893f-e225-4897-b958-10132a89de9d,EMP0562,Worker_0562,RFID000562,Stores,WS-06,AFTERNOON,4,2026-10-04T14:28:22,HAPPY,HAPPY,36.23,79.5,97.9,0.296,12.18,LOW
92aa71ad-30e9-49c9-a446-0b1999a545c0,EMP0866,Worker_0866,RFID000866,Packaging,WS-10,AFTERNOON,4,2026-10-04T14:28:56,HAPPY,HAPPY,36.82,74.9,98.8,0.163,14.22,LOW
cbd6ea83-4317-4168-8de7-7261200f7465,EMP0075,Worker_0075,RFID000075,Finishing,WS-03,AFTERNOON,4,2026-10-04T14:29:32,HAPPY,HAPPY,36.6,87.9,99.4,0.338,12.78,LOW
90f9598e-c76d-4753-936c-9a15b4a6b51a,EMP0238,Worker_0238,RFID000238,Maintenance,WS-04,AFTERNOON,4,2026-10-04T14:29:48,HAPPY,HAPPY,36.55,82.0,98.0,0.238,5.25,LOW
ce4d1950-d6cd-4708-8ad6-edbd6e1bc6d0,EMP0110,Worker_0110,RFID000110,Cutting,WS-06,AFTERNOON,4,2026-10-04T14:30:05,OK,OK,36.21,74.1,96.8,0.324,36.32,MODERATE
dd3ad8a3-efe7-4676-ae81-695bd8899bc0,EMP0967,Worker_0967,RFID000967,Finishing,WS-01,AFTERNOON,4,2026-10-04T14:30:33,HAPPY,OK,36.64,72.0,97.8,0.316,12.75,LOW
8f7f7233-5203-4fb4-8b55-583e144a47ec,EMP0297,Worker_0297,RFID000297,Packaging,WS-05,AFTERNOON,4,2026-10-04T14:30:58,HAPPY,SAD,36.28,80.1,98.1,0.189,14.64,LOW
0c2cd1c1-bd96-4cc3-b416-8ac383406b31,EMP0171,Worker_0171,RFID000171,Assembly,WS-06,AFTERNOON,4,2026-10-04T14:32:36,OK,OK,36.4,82.6,97.8,0.349,38.6,MODERATE
6cbb4322-f0ce-48bc-ba14-3aa0586b73f6,EMP0392,Worker_0392,RFID000392,Cutting,WS-02,AFTERNOON,4,2026-10-04T14:32:49,SAD,OK,36.61,76.8,97.9,0.404,77.23,HIGH
636da829-fd38-470d-9466-d979080fa620,EMP0820,Worker_0820,RFID000820,Stores,WS-09,AFTERNOON,4,2026-10-04T14:33:16,HAPPY,OK,36.35,66.6,98.2,0.162,8.93,LOW
158a0595-379b-4b93-9188-f4fa162f83fc,EMP0266,Worker_0266,RFID000266,Stores,WS-08,AFTERNOON,4,2026-10-04T14:33:22,OK,OK,36.83,70.1,96.5,0.352,38.0,MODERATE
07b623ea-95a9-422a-9a78-880271886b34,EMP0619,Worker_0619,RFID000619,Quality,WS-10,AFTERNOON,4,2026-10-04T14:33:43,OK,SAD,36.62,71.8,97.4,0.256,37.53,MODERATE
9718deb2-f590-4d31-8c12-1e338d4980c2,EMP0462,Worker_0462,RFID000462,Assembly,WS-04,AFTERNOON,4,2026-10-04T14:33:59,OK,HAPPY,36.87,75.4,97.4,0.442,46.39,MODERATE
aa3b79b6-2a65-49ef-baea-d32e3fb32115,EMP0607,Worker_0607,RFID000607,Packaging,WS-06,AFTERNOON,4,2026-10-04T14:34:13,HAPPY,SAD,36.5,74.5,98.4,0.323,5.35,LOW
c46eb9c2-ca89-4ba0-acb1-015a07b6db5a,EMP0417,Worker_0417,RFID000417,Maintenance,WS-02,AFTERNOON,4,2026-10-04T14:34:29,HAPPY,HAPPY,36.07,69.0,98.7,0.222,8.38,LOW
89a0593b-3fc5-4ab0-adcf-c4920ce64b22,EMP0621,Worker_0621,RFID000621,Production,WS-03,AFTERNOON,4,2026-10-04T14:34:40,OK,SAD,36.47,80.5,98.7,0.453,37.53,MODERATE
35121529-1cdc-4956-8626-fc8aebb0476c,EMP0420,Worker_0420,RFID000420,Maintenance,WS-08,AFTERNOON,4,2026-10-04T14:35:10,OK,OK,36.2,78.6,98.8,0.305,39.25,MODERATE
1521ce1c-4dfe-4752-8b15-0d50c7059d21,EMP0493,Worker_0493,RFID000493,Cutting,WS-01,AFTERNOON,4,2026-10-04T14:35:19,SAD,OK,36.94,72.9,96.3,0.499,79.97,HIGH
d8774d35-9179-4173-8895-3db84efac92d,EMP0604,Worker_0604,RFID000604,Assembly,WS-09,AFTERNOON,4,2026-10-04T14:35:19,OK,OK,36.92,82.1,98.2,0.392,36.78,MODERATE
037fd01f-61a7-4656-a4d2-d0bac6f8a03d,EMP0189,Worker_0189,RFID000189,Stores,WS-02,AFTERNOON,4,2026-10-04T14:35:33,OK,OK,36.74,76.3,98.0,0.284,39.78,MODERATE
4ee0af1e-f448-43b9-97ef-c05db8f1d4aa,EMP0730,Worker_0730,RFID000730,Assembly,WS-08,AFTERNOON,4,2026-10-04T14:35:40,OK,HAPPY,36.69,79.9,98.8,0.316,35.61,MODERATE
7a61eb7f-6149-4775-94bf-7e3f5cdbe82e,EMP0701,Worker_0701,RFID000701,Quality,WS-04,AFTERNOON,4,2026-10-04T14:35:41,OK,OK,36.67,80.1,97.0,0.328,37.13,MODERATE
c13f7990-242f-459e-889e-00f6550ee28d,EMP0540,Worker_0540,RFID000540,Maintenance,WS-08,AFTERNOON,4,2026-10-04T14:36:00,HAPPY,HAPPY,36.51,74.3,97.3,0.245,11.95,LOW
5407e4e6-493c-4b2d-93a9-25da0625e829,EMP0928,Worker_0928,RFID000928,Production,WS-09,AFTERNOON,4,2026-10-04T14:36:16,OK,OK,36.61,71.4,97.9,0.319,40.4,MODERATE
a37f06a4-9b96-4e32-a25e-2097dd787398,EMP0205,Worker_0205,RFID000205,Packaging,WS-03,AFTERNOON,4,2026-10-04T14:36:29,OK,HAPPY,36.57,80.1,97.9,0.249,36.8,MODERATE
0edc05db-8852-4b72-aa0e-bc37d32fcab5,EMP0822,Worker_0822,RFID000822,Maintenance,WS-07,AFTERNOON,4,2026-10-04T14:36:34,OK,HAPPY,36.69,81.6,97.0,0.186,39.66,MODERATE
babc4929-464d-4d1a-aa68-f30c0a22279c,EMP0413,Worker_0413,RFID000413,Production,WS-04,AFTERNOON,4,2026-10-04T14:36:59,OK,HAPPY,36.4,97.4,97.4,0.202,48.32,MODERATE
4ce35cd2-f08e-4ced-b0ef-52a33914188d,EMP0575,Worker_0575,RFID000575,Stores,WS-08,AFTERNOON,4,2026-10-04T14:37:31,HAPPY,OK,36.75,82.3,97.4,0.246,5.53,LOW
3e994327-18bd-40a1-b278-68eb429b4f9e,EMP0375,Worker_0375,RFID000375,Maintenance,WS-03,AFTERNOON,4,2026-10-04T14:37:42,HAPPY,HAPPY,36.78,85.9,97.7,0.263,9.32,LOW
59efaedb-16d0-4a4a-bbbd-35ff6ce49a73,EMP0741,Worker_0741,RFID000741,Quality,WS-10,AFTERNOON,4,2026-10-04T14:38:01,HAPPY,HAPPY,36.38,72.0,97.1,0.391,14.67,LOW
fa0a35a9-fa15-41c1-b5d9-f750cd1e229b,EMP0102,Worker_0102,RFID000102,Cutting,WS-08,AFTERNOON,4,2026-10-04T14:38:42,OK,OK,36.43,81.0,96.4,0.25,33.79,LOW
ab964104-8978-4665-8f1c-2fd77dca05a3,EMP0232,Worker_0232,RFID000232,Assembly,WS-03,AFTERNOON,4,2026-10-04T14:38:44,HAPPY,HAPPY,36.53,81.5,98.0,0.208,11.99,LOW
39a557ff-6f26-4ebc-8cb4-64b1b62f9fef,EMP0934,Worker_0934,RFID000934,Assembly,WS-07,AFTERNOON,4,2026-10-04T14:39:07,OK,OK,36.8,84.2,98.9,0.255,39.8,MODERATE
992b8228-580f-469b-9729-9deb58264cc4,EMP0629,Worker_0629,RFID000629,Finishing,WS-06,AFTERNOON,4,2026-10-04T14:39:13,OK,SAD,36.62,86.0,97.7,0.162,43.88,MODERATE
e4ffc205-188d-4c08-b954-bfd6909d4867,EMP0725,Worker_0725,RFID000725,Production,WS-06,AFTERNOON,4,2026-10-04T14:39:19,HAPPY,OK,36.58,62.6,97.8,0.272,14.96,LOW
6de3484f-1f48-4d74-969b-a541d0e918d1,EMP0315,Worker_0315,RFID000315,Cutting,WS-02,AFTERNOON,4,2026-10-04T14:39:26,HAPPY,HAPPY,36.5,76.4,98.5,0.327,8.86,LOW
dfe8b64c-77ea-4236-b55c-80daadbf4219,EMP0213,Worker_0213,RFID000213,Finishing,WS-03,AFTERNOON,4,2026-10-04T14:39:27,SAD,OK,36.42,94.2,98.5,0.415,81.49,HIGH
54f33c53-d7c9-411b-b5d2-026e7ceccc41,EMP0894,Worker_0894,RFID000894,Assembly,WS-02,AFTERNOON,4,2026-10-04T14:39:36,HAPPY,OK,36.61,77.2,97.1,0.221,8.41,LOW
8c84dd09-7145-4b16-a73e-336c9b11b069,EMP0669,Worker_0669,RFID000669,Finishing,WS-07,AFTERNOON,4,2026-10-04T14:39:42,HAPPY,OK,36.25,80.0,97.9,0.192,13.67,LOW
88e215d2-e5a8-48b5-9de0-7989ff064cd6,EMP0253,Worker_0253,RFID000253,Finishing,WS-10,AFTERNOON,4,2026-10-04T14:39:56,SAD,SAD,36.85,84.8,98.1,0.572,85.91,HIGH
eb49a416-7389-417c-98a6-ad09356141d7,EMP0275,Worker_0275,RFID000275,Packaging,WS-08,AFTERNOON,4,2026-10-04T14:40:02,HAPPY,HAPPY,36.7,81.1,97.6,0.254,7.68,LOW
2997e074-b7b2-46dc-bf83-e9c6d774bbb7,EMP0390,Worker_0390,RFID000390,Packaging,WS-03,AFTERNOON,4,2026-10-04T14:41:01,SAD,HAPPY,36.54,82.7,97.9,0.581,79.91,HIGH
00f22354-1f76-4540-ab2e-80550916e46d,EMP0587,Worker_0587,RFID000587,Finishing,WS-07,AFTERNOON,4,2026-10-04T14:41:07,OK,HAPPY,36.54,72.5,98.4,0.311,40.68,MODERATE
32429f4d-cb97-4239-9681-6d934f3b268f,EMP0563,Worker_0563,RFID000563,Cutting,WS-05,AFTERNOON,4,2026-10-04T14:41:08,HAPPY,OK,36.19,78.9,99.2,0.337,8.56,LOW
5ba19868-dc41-4bd5-89db-df9736cd246d,EMP0089,Worker_0089,RFID000089,Maintenance,WS-09,AFTERNOON,4,2026-10-04T14:41:19,OK,OK,36.8,76.7,96.6,0.405,44.28,MODERATE
a2c82e38-54a2-4436-ad1a-8085be59f494,EMP0499,Worker_0499,RFID000499,Packaging,WS-05,AFTERNOON,4,2026-10-04T14:42:10,SAD,HAPPY,36.9,89.8,96.7,0.502,75.81,HIGH
c6aa38d6-811f-41e1-a0b7-94d301c0de95,EMP0580,Worker_0580,RFID000580,Production,WS-05,AFTERNOON,4,2026-10-04T14:42:20,OK,HAPPY,36.39,87.2,98.3,0.271,44.54,MODERATE
69c0d8b1-6e69-4ff4-9b31-c9458f2a618c,EMP0486,Worker_0486,RFID000486,Quality,WS-06,AFTERNOON,4,2026-10-04T14:42:59,OK,OK,36.2,79.9,98.1,0.382,33.45,LOW
f17c9e81-6ba5-4d1e-a54d-cab4b4f25985,EMP0851,Worker_0851,RFID000851,Assembly,WS-04,AFTERNOON,4,2026-10-04T14:43:04,HAPPY,HAPPY,36.55,72.2,98.2,0.282,5.26,LOW
d442baf7-ab5b-4482-9711-3e2e3a2475c7,EMP0954,Worker_0954,RFID000954,Cutting,WS-08,AFTERNOON,4,2026-10-04T14:43:20,OK,OK,36.6,80.7,97.2,0.291,34.37,LOW
14b88543-9d9e-457e-9a1a-1b12988ff13b,EMP0768,Worker_0768,RFID000768,Stores,WS-02,AFTERNOON,4,2026-10-04T14:43:39,HAPPY,OK,36.66,77.5,98.3,0.336,9.98,LOW
44a43ed5-2a79-42ce-8725-07752748ff7f,EMP0939,Worker_0939,RFID000939,Cutting,WS-08,AFTERNOON,4,2026-10-04T14:43:42,OK,OK,36.65,87.3,98.3,0.448,50.35,MODERATE
5d594871-fd2e-4825-b904-afd9ea5786ff,EMP0097,Worker_0097,RFID000097,Production,WS-05,AFTERNOON,4,2026-10-04T14:43:49,HAPPY,HAPPY,36.38,82.4,98.2,0.223,9.76,LOW
d7fe0356-4ed7-4bad-8cca-3a66e864dacb,EMP0491,Worker_0491,RFID000491,Maintenance,WS-05,AFTERNOON,4,2026-10-04T14:44:07,OK,SAD,36.62,78.1,98.0,0.398,36.5,MODERATE
4a9457fa-61d1-4a41-b8d4-05bd2b1d5916,EMP0796,Worker_0796,RFID000796,Assembly,WS-08,AFTERNOON,4,2026-10-04T14:44:08,SAD,OK,36.84,82.1,97.3,0.376,70.48,HIGH
7d6990a1-badf-4c6d-bc5f-100f46ebaeb1,EMP0330,Worker_0330,RFID000330,Cutting,WS-02,AFTERNOON,4,2026-10-04T14:44:13,HAPPY,HAPPY,36.46,80.3,99.4,0.186,13.32,LOW
841a0846-21be-446a-8750-bb28f8da30bc,EMP0929,Worker_0929,RFID000929,Cutting,WS-07,AFTERNOON,4,2026-10-04T14:44:33,HAPPY,HAPPY,36.66,73.7,97.2,0.222,11.08,LOW
9f118fe1-cb8c-4d7f-904b-cca52e2961f6,EMP0816,Worker_0816,RFID000816,Production,WS-05,AFTERNOON,4,2026-10-04T14:44:37,HAPPY,HAPPY,36.26,80.5,98.6,0.394,14.28,LOW
ebf190bc-b658-438a-9490-79136181d31e,EMP0750,Worker_0750,RFID000750,Production,WS-10,AFTERNOON,4,2026-10-04T14:44:43,HAPPY,OK,36.44,75.6,98.4,0.216,9.63,LOW
21523863-7fe0-4ca3-bf9f-3461806618f5,EMP0334,Worker_0334,RFID000334,Stores,WS-08,AFTERNOON,4,2026-10-04T14:44:51,HAPPY,OK,36.79,72.5,99.0,0.413,13.39,LOW
e1059681-31a8-4255-b6ff-50b0ad4a2333,EMP0606,Worker_0606,RFID000606,Production,WS-08,AFTERNOON,4,2026-10-04T14:45:41,OK,OK,36.26,69.4,98.5,0.425,45.72,MODERATE
da70e34b-8065-4b7d-aa9f-a9bdcb8acdb0,EMP0364,Worker_0364,RFID000364,Quality,WS-10,AFTERNOON,4,2026-10-04T14:46:07,HAPPY,OK,36.28,70.9,97.8,0.05,6.09,LOW
af301c34-2d21-4285-9bf3-b1d695d5d233,EMP0907,Worker_0907,RFID000907,Production,WS-02,AFTERNOON,4,2026-10-04T14:46:16,OK,SAD,36.35,79.4,97.0,0.302,40.6,MODERATE
2e57f5bd-9767-44fc-9b1d-e26562eb423f,EMP0617,Worker_0617,RFID000617,Maintenance,WS-03,AFTERNOON,4,2026-10-04T14:46:36,HAPPY,HAPPY,36.3,83.5,97.8,0.252,12.18,LOW
1cd45b34-271f-4a81-a11b-9f57f2cc3665,EMP0603,Worker_0603,RFID000603,Production,WS-05,AFTERNOON,4,2026-10-04T14:46:58,OK,HAPPY,36.44,81.8,98.0,0.384,38.45,MODERATE
bbb5ec65-c376-4cad-8fdc-fb7f0b10d15b,EMP0172,Worker_0172,RFID000172,Production,WS-04,AFTERNOON,4,2026-10-04T14:47:06,HAPPY,HAPPY,36.5,76.7,96.8,0.261,10.52,LOW
18f3f52a-6d81-4e42-a8a9-0ccf4620be49,EMP0191,Worker_0191,RFID000191,Cutting,WS-03,AFTERNOON,4,2026-10-04T14:47:11,OK,OK,36.62,81.1,96.4,0.29,36.46,MODERATE
69b6f43f-3043-4e85-b2f6-199d15490625,EMP0215,Worker_0215,RFID000215,Finishing,WS-05,AFTERNOON,4,2026-10-04T14:47:16,SAD,HAPPY,36.76,86.1,96.9,0.692,80.2,HIGH
7e49e11f-0147-4294-9f6b-145cefdc895b,EMP0635,Worker_0635,RFID000635,Quality,WS-09,AFTERNOON,4,2026-10-04T14:47:31,OK,HAPPY,36.44,74.7,97.2,0.261,33.68,LOW
0bdd7e3d-6e14-44ec-8b05-01df061d0d0f,EMP0831,Worker_0831,RFID000831,Assembly,WS-04,AFTERNOON,4,2026-10-04T14:47:41,SAD,HAPPY,36.92,96.2,97.7,0.504,84.88,HIGH
f6683e56-f664-4d60-9533-cba3e1ad1c9a,EMP0670,Worker_0670,RFID000670,Quality,WS-09,AFTERNOON,4,2026-10-04T14:47:47,OK,SAD,36.44,81.7,98.1,0.249,37.7,MODERATE
9715a171-82fa-40a3-a37e-7eb9dec8f2ce,EMP0063,Worker_0063,RFID000063,Assembly,WS-08,AFTERNOON,4,2026-10-04T14:48:08,HAPPY,HAPPY,36.52,72.9,97.9,0.258,14.23,LOW
eba2e3cd-3fd0-4b09-a6b8-7ce33a598d4d,EMP0915,Worker_0915,RFID000915,Stores,WS-01,AFTERNOON,4,2026-10-04T14:48:16,OK,HAPPY,36.05,67.3,98.7,0.325,42.62,MODERATE
19c7d9cb-a554-4e1d-ab0f-35ba1b9d3508,EMP0625,Worker_0625,RFID000625,Packaging,WS-10,AFTERNOON,4,2026-10-04T14:48:31,HAPPY,HAPPY,36.51,78.0,97.6,0.293,14.54,LOW
12f7994a-dec5-476e-8117-a0a9843e0698,EMP0703,Worker_0703,RFID000703,Stores,WS-02,AFTERNOON,4,2026-10-04T14:48:36,SAD,SAD,37.03,94.5,96.9,0.307,90.05,HIGH
cce93422-61a4-46c6-8643-519d5c0dc1c5,EMP0165,Worker_0165,RFID000165,Packaging,WS-07,AFTERNOON,4,2026-10-04T14:48:56,HAPPY,OK,36.67,76.7,98.7,0.32,14.27,LOW
5916ce20-76a0-48e8-a4bf-2e4942a8065d,EMP0793,Worker_0793,RFID000793,Cutting,WS-10,AFTERNOON,4,2026-10-04T14:49:02,HAPPY,HAPPY,36.77,85.5,97.9,0.13,13.11,LOW
2c73f012-6f6a-4042-9db1-d7fa2d01a5b5,EMP0699,Worker_0699,RFID000699,Maintenance,WS-04,AFTERNOON,4,2026-10-04T14:49:32,HAPPY,OK,36.78,77.9,98.2,0.135,14.85,LOW
e54d5323-f8ee-418f-ad1b-4c4114cd5fe7,EMP0777,Worker_0777,RFID000777,Stores,WS-01,AFTERNOON,4,2026-10-04T14:49:49,SAD,HAPPY,36.74,98.8,97.7,0.362,75.65,HIGH
3536f0ca-77f7-44d3-b9f8-e584864e0186,EMP0943,Worker_0943,RFID000943,Maintenance,WS-05,AFTERNOON,4,2026-10-04T14:49:59,SAD,SAD,36.78,91.3,97.6,0.359,90.02,HIGH
82e4a643-f76e-45b2-af75-b1288e1e8fbd,EMP0854,Worker_0854,RFID000854,Production,WS-05,AFTERNOON,4,2026-10-04T14:50:18,HAPPY,HAPPY,36.12,70.1,99.0,0.305,10.21,LOW
5ebfd8f9-079c-438e-84f9-29ab2d942594,EMP0503,Worker_0503,RFID000503,Quality,WS-01,AFTERNOON,4,2026-10-04T14:50:28,OK,HAPPY,36.43,86.0,98.9,0.292,39.47,MODERATE
a84732ae-7e6c-48ba-882c-6d4c7e1ba386,EMP0898,Worker_0898,RFID000898,Assembly,WS-09,AFTERNOON,4,2026-10-04T14:50:34,SAD,OK,36.83,70.6,98.3,0.45,78.82,HIGH
cae04d20-60da-49b9-9394-afc1dcc43f6c,EMP0434,Worker_0434,RFID000434,Stores,WS-04,AFTERNOON,4,2026-10-04T14:50:37,OK,HAPPY,36.74,78.4,98.1,0.321,34.82,LOW
8120d7f8-1b74-47dc-a390-4af8c65484da,EMP0633,Worker_0633,RFID000633,Packaging,WS-05,AFTERNOON,4,2026-10-04T14:50:42,OK,HAPPY,36.28,77.6,97.2,0.154,38.71,MODERATE
258a0c22-a3b9-4250-b4dd-88be27f83627,EMP0160,Worker_0160,RFID000160,Assembly,WS-06,AFTERNOON,4,2026-10-04T14:50:44,SAD,OK,36.66,94.1,96.8,0.327,82.48,HIGH
95b17ddb-d29a-481b-abe2-fe65c5669dd1,EMP0800,Worker_0800,RFID000800,Maintenance,WS-07,AFTERNOON,4,2026-10-04T14:50:56,OK,OK,36.49,82.5,98.0,0.239,41.09,MODERATE
a02bd097-8e9a-4f92-b5cb-cf140309c8b1,EMP0689,Worker_0689,RFID000689,Packaging,WS-10,AFTERNOON,4,2026-10-04T14:51:06,OK,OK,36.8,90.7,98.0,0.203,42.58,MODERATE
cb4c2413-8d7c-4a04-ad57-2e612590e845,EMP0203,Worker_0203,RFID000203,Stores,WS-02,AFTERNOON,4,2026-10-04T14:51:29,HAPPY,OK,36.66,80.3,99.0,0.148,5.45,LOW
dbc6d8c8-d448-448f-a203-04be51189b77,EMP0759,Worker_0759,RFID000759,Quality,WS-09,AFTERNOON,4,2026-10-04T14:51:30,HAPPY,OK,36.71,68.6,99.1,0.191,5.19,LOW
22584d9d-ee07-4bcd-8791-fbcbccc49b6c,EMP0080,Worker_0080,RFID000080,Assembly,WS-10,AFTERNOON,4,2026-10-04T14:51:40,HAPPY,HAPPY,36.38,85.3,97.6,0.213,18.25,LOW
14fb8ef7-a85c-4666-b8bf-9fab588003f5,EMP0920,Worker_0920,RFID000920,Stores,WS-10,AFTERNOON,4,2026-10-04T14:52:04,HAPPY,HAPPY,36.62,73.4,98.5,0.274,10.53,LOW
1717b8b3-640d-4e3c-85c4-f2b69bbd35f3,EMP0718,Worker_0718,RFID000718,Assembly,WS-02,AFTERNOON,4,2026-10-04T14:52:09,HAPPY,HAPPY,36.49,69.9,98.0,0.244,7.23,LOW
8570d7e4-20e5-46d8-9ded-47e7ab631307,EMP0826,Worker_0826,RFID000826,Packaging,WS-08,AFTERNOON,4,2026-10-04T14:52:14,OK,HAPPY,36.69,83.3,97.2,0.261,39.31,MODERATE
78ebb715-e25e-4115-8ab9-07587043dbdf,EMP0576,Worker_0576,RFID000576,Packaging,WS-02,AFTERNOON,4,2026-10-04T14:52:16,HAPPY,HAPPY,36.22,76.9,97.6,0.224,8.74,LOW
6ec81e67-5b62-4bfa-b1bd-6d62d2bf22e1,EMP0763,Worker_0763,RFID000763,Finishing,WS-02,AFTERNOON,4,2026-10-04T14:52:34,OK,HAPPY,36.48,72.7,98.6,0.302,38.89,MODERATE
fb81d329-5cab-419e-8a60-196a9ebc65f3,EMP0453,Worker_0453,RFID000453,Quality,WS-02,AFTERNOON,4,2026-10-04T14:52:36,OK,HAPPY,36.47,78.6,99.0,0.18,42.97,MODERATE
c384b049-51a5-4761-81ff-ecca00ddf21b,EMP0876,Worker_0876,RFID000876,Finishing,WS-02,AFTERNOON,4,2026-10-04T14:52:43,SAD,OK,36.94,89.5,97.6,0.474,82.93,HIGH
8b4dd066-b90a-45b9-9d3a-5efadc618647,EMP0558,Worker_0558,RFID000558,Quality,WS-03,AFTERNOON,4,2026-10-04T14:52:56,OK,OK,36.45,77.9,97.9,0.219,41.64,MODERATE
d157e30a-5d4e-4195-8257-9c999afbd72d,EMP0298,Worker_0298,RFID000298,Cutting,WS-09,AFTERNOON,4,2026-10-04T14:53:04,OK,HAPPY,36.59,73.4,97.0,0.256,39.65,MODERATE
e7e9f98c-0cac-4821-9b93-1aebdfdb30d6,EMP0252,Worker_0252,RFID000252,Quality,WS-07,AFTERNOON,4,2026-10-04T14:53:10,OK,OK,36.68,92.0,96.7,0.286,44.69,MODERATE
505417b4-e480-4029-a33b-eecc5c6464dd,EMP0872,Worker_0872,RFID000872,Stores,WS-02,AFTERNOON,4,2026-10-04T14:53:10,HAPPY,HAPPY,36.51,82.7,97.0,0.148,12.09,LOW
d90f0ce2-4525-4c32-912e-de7c91deea66,EMP0656,Worker_0656,RFID000656,Cutting,WS-06,AFTERNOON,4,2026-10-04T14:53:19,OK,SAD,36.57,83.2,97.5,0.38,35.17,MODERATE
7ac1cc19-2c48-4dac-98f5-b853cc5a07d9,EMP0368,Worker_0368,RFID000368,Finishing,WS-03,AFTERNOON,4,2026-10-04T14:53:47,OK,SAD,36.4,79.7,97.4,0.365,39.17,MODERATE
00c796e3-b90b-43a5-9c14-e245c7df28d4,EMP0305,Worker_0305,RFID000305,Stores,WS-07,AFTERNOON,4,2026-10-04T14:53:49,OK,SAD,36.72,73.0,97.8,0.227,36.25,MODERATE
6844d37a-e9c7-41c6-9b7a-eb1c5c5ba473,EMP0331,Worker_0331,RFID000331,Cutting,WS-03,AFTERNOON,4,2026-10-04T14:53:53,OK,HAPPY,36.25,71.4,98.1,0.256,34.1,LOW
9a431431-4ac5-471a-b4fd-23dc9351e4dd,EMP0372,Worker_0372,RFID000372,Stores,WS-05,AFTERNOON,4,2026-10-04T14:53:57,HAPPY,HAPPY,36.56,73.8,97.7,0.201,9.49,LOW
5599f064-aa7f-46d4-b12e-ae6ab41d323d,EMP0133,Worker_0133,RFID000133,Cutting,WS-05,AFTERNOON,4,2026-10-04T14:54:07,HAPPY,HAPPY,36.31,70.0,98.9,0.281,13.66,LOW
3a82d881-354b-466b-b0c0-901099098af1,EMP0773,Worker_0773,RFID000773,Assembly,WS-01,AFTERNOON,4,2026-10-04T14:54:10,OK,HAPPY,36.73,72.9,98.1,0.37,40.71,MODERATE
66ba3386-40dd-4bd6-bbf5-ee21076b6765,EMP0164,Worker_0164,RFID000164,Finishing,WS-04,AFTERNOON,4,2026-10-04T14:54:34,OK,HAPPY,36.43,81.1,98.3,0.245,41.73,MODERATE
a420db91-df19-4250-8667-92f03f2a6890,EMP0141,Worker_0141,RFID000141,Cutting,WS-09,AFTERNOON,4,2026-10-04T14:54:44,OK,HAPPY,36.55,79.0,96.5,0.352,34.71,LOW
4a717b20-e146-46a2-b366-0c86028846ba,EMP0850,Worker_0850,RFID000850,Assembly,WS-08,AFTERNOON,4,2026-10-04T14:54:46,HAPPY,HAPPY,36.58,77.6,99.2,0.176,7.12,LOW
619195e1-b319-4719-aa40-9c0718458274,EMP0960,Worker_0960,RFID000960,Production,WS-01,AFTERNOON,4,2026-10-04T14:55:18,HAPPY,HAPPY,36.56,78.4,98.6,0.232,13.24,LOW
2c52f5f0-e828-4cb0-99a3-a7de7001f9fb,EMP0085,Worker_0085,RFID000085,Stores,WS-08,AFTERNOON,4,2026-10-04T14:55:25,OK,SAD,36.45,80.1,98.2,0.429,45.65,MODERATE
750d3d59-3ba5-48ba-bef9-b30fd2d70d12,EMP0255,Worker_0255,RFID000255,Packaging,WS-01,AFTERNOON,4,2026-10-04T14:55:33,SAD,OK,36.52,90.1,97.3,0.504,79.35,HIGH
ae0560fd-2f9b-4d24-809c-ee73e9dd638e,EMP0166,Worker_0166,RFID000166,Production,WS-10,AFTERNOON,4,2026-10-04T14:55:37,HAPPY,HAPPY,36.68,78.6,98.2,0.168,14.73,LOW
1c0b6ff2-2e26-473e-ac86-bc7427755027,EMP0963,Worker_0963,RFID000963,Finishing,WS-05,AFTERNOON,4,2026-10-04T14:56:05,OK,SAD,36.72,81.6,97.2,0.444,45.04,MODERATE
75ba78ba-a6b7-4fe5-bbca-9c9d9e9f5f4e,EMP0216,Worker_0216,RFID000216,Stores,WS-05,AFTERNOON,4,2026-10-04T14:56:06,OK,OK,36.49,68.6,99.0,0.353,36.55,MODERATE
017c78ee-56ff-499f-8340-ce6340d82d0b,EMP0827,Worker_0827,RFID000827,Finishing,WS-08,AFTERNOON,4,2026-10-04T14:56:06,HAPPY,HAPPY,36.6,72.3,96.9,0.27,8.52,LOW
c73f68be-0aae-44ec-81b3-f0b83f6e3a06,EMP0848,Worker_0848,RFID000848,Finishing,WS-10,AFTERNOON,4,2026-10-04T14:56:06,HAPPY,SAD,36.57,83.7,98.4,0.287,6.88,LOW
24762bc1-f4e9-4bdd-b67d-ec84c8e865f4,EMP0572,Worker_0572,RFID000572,Production,WS-01,AFTERNOON,4,2026-10-04T14:56:10,OK,OK,36.6,87.0,98.3,0.276,38.27,MODERATE
39b58786-5c31-4c8d-ab98-9cca638d6a74,EMP0243,Worker_0243,RFID000243,Cutting,WS-04,AFTERNOON,4,2026-10-04T14:56:20,SAD,SAD,36.9,91.2,98.4,0.54,95.49,HIGH
6fb75d4a-1f41-4d57-b440-ea34e1dd254e,EMP0105,Worker_0105,RFID000105,Production,WS-03,AFTERNOON,4,2026-10-04T14:56:23,OK,OK,36.56,86.5,98.0,0.383,45.75,MODERATE
9132d49f-fbc5-479b-944b-8c3ac92f1a54,EMP0744,Worker_0744,RFID000744,Assembly,WS-08,AFTERNOON,4,2026-10-04T14:56:39,OK,OK,36.71,79.3,98.9,0.187,41.1,MODERATE
61fff5d8-4357-4cff-9efe-3ec699ebd8bf,EMP0515,Worker_0515,RFID000515,Finishing,WS-08,AFTERNOON,4,2026-10-04T14:56:51,OK,HAPPY,36.8,75.7,99.1,0.184,38.62,MODERATE
4296974a-d259-42e1-a3a3-b927a0ce4b33,EMP0634,Worker_0634,RFID000634,Stores,WS-06,AFTERNOON,4,2026-10-04T14:57:01,OK,OK,36.54,86.5,98.8,0.421,45.47,MODERATE
5d05dfc5-7fc9-43b9-beca-ca0f33bda605,EMP0660,Worker_0660,RFID000660,Assembly,WS-09,AFTERNOON,4,2026-10-04T14:57:08,HAPPY,HAPPY,36.2,81.2,98.7,0.277,10.94,LOW
372788c3-f6a7-4755-863a-81a69b913c40,EMP0674,Worker_0674,RFID000674,Maintenance,WS-01,AFTERNOON,4,2026-10-04T14:57:14,OK,SAD,36.33,74.9,98.8,0.148,38.35,MODERATE
e4cf0c08-0ab6-4003-8925-e5c50c21e8ec,EMP0769,Worker_0769,RFID000769,Production,WS-06,AFTERNOON,4,2026-10-04T14:57:31,HAPPY,SAD,36.9,80.0,97.6,0.212,6.06,LOW
aac46fca-798b-4836-bfd4-fa62109e80a9,EMP0930,Worker_0930,RFID000930,Maintenance,WS-03,AFTERNOON,4,2026-10-04T14:57:39,HAPPY,HAPPY,36.71,76.7,98.3,0.138,8.51,LOW
b2f37b1f-7856-4aa4-a821-d002e5fd87ef,EMP0077,Worker_0077,RFID000077,Stores,WS-06,AFTERNOON,4,2026-10-04T14:57:46,HAPPY,OK,36.31,80.3,98.2,0.289,14.15,LOW
826030a6-8971-4d48-a090-ca9c6cedd54e,EMP0188,Worker_0188,RFID000188,Stores,WS-05,AFTERNOON,4,2026-10-04T14:57:51,OK,HAPPY,36.79,73.1,97.8,0.254,36.12,MODERATE
50653d6b-6423-4d5c-a3f0-367358dc301e,EMP0529,Worker_0529,RFID000529,Stores,WS-02,AFTERNOON,4,2026-10-04T14:58:01,OK,SAD,36.59,87.2,98.0,0.448,45.06,MODERATE
203c78b8-f56a-4a48-89b9-343eb2aca0ef,EMP0516,Worker_0516,RFID000516,Production,WS-09,AFTERNOON,4,2026-10-04T14:58:02,OK,SAD,36.73,79.3,98.2,0.487,43.12,MODERATE
a2563bbd-52a2-4097-9022-bc1834ee7f7c,EMP0449,Worker_0449,RFID000449,Cutting,WS-06,AFTERNOON,4,2026-10-04T14:58:04,OK,SAD,36.13,81.9,98.4,0.23,40.25,MODERATE
77a7420c-8133-47ce-9d0f-6079cc68e81b,EMP0918,Worker_0918,RFID000918,Assembly,WS-06,AFTERNOON,4,2026-10-04T14:58:17,HAPPY,HAPPY,36.5,66.7,97.3,0.262,9.7,LOW
ea2c08f1-5a86-499e-ad28-5521b4c23cfd,EMP0382,Worker_0382,RFID000382,Quality,WS-02,AFTERNOON,4,2026-10-04T14:58:19,OK,HAPPY,36.48,76.8,99.4,0.229,41.35,MODERATE
5f366335-ec70-4d95-992c-0f9024ee387e,EMP0134,Worker_0134,RFID000134,Cutting,WS-10,AFTERNOON,4,2026-10-04T14:59:04,SAD,OK,36.73,76.4,98.6,0.329,68.04,HIGH
2d6f7da9-022c-47b7-b1ed-70bd3ea7bac7,EMP0049,Worker_0049,RFID000049,Quality,WS-07,AFTERNOON,4,2026-10-04T14:59:05,OK,OK,36.72,76.0,97.2,0.372,41.41,MODERATE
299bfd92-cd49-4e7e-9377-7447babee8e6,EMP0940,Worker_0940,RFID000940,Stores,WS-05,AFTERNOON,4,2026-10-04T14:59:34,OK,SAD,36.78,67.8,98.9,0.377,41.11,MODERATE
dda25865-c34b-48fa-bfec-025012a74e7a,EMP0234,Worker_0234,RFID000234,Quality,WS-03,AFTERNOON,4,2026-10-04T14:59:36,SAD,HAPPY,36.89,90.7,97.8,0.629,92.56,HIGH
ea95d182-b681-49cd-b7ed-95ea2a52e89a,EMP0665,Worker_0665,RFID000665,Production,WS-06,AFTERNOON,4,2026-10-04T14:59:42,SAD,HAPPY,36.94,90.5,96.8,0.268,75.84,HIGH
ebec1cb2-f762-4fbc-9580-8671b3239b03,EMP0792,Worker_0792,RFID000792,Stores,WS-09,AFTERNOON,4,2026-10-04T14:59:43,HAPPY,OK,36.12,79.1,100,0.31,5.1,LOW
a3b40c6e-a2bc-4440-94d0-dd78ff5c83c6,EMP0335,Worker_0335,RFID000335,Stores,WS-10,AFTERNOON,4,2026-10-04T14:59:54,SAD,SAD,36.36,92.2,97.2,0.819,98.42,HIGH
b05c9178-ee98-42d6-bcc7-72d692fbe987,EMP0239,Worker_0239,RFID000239,Maintenance,WS-05,AFTERNOON,4,2026-10-04T14:59:55,SAD,HAPPY,36.92,89.2,98.4,0.366,80.23,HIGH
9ad7c525-b928-4d5c-b6a7-d64f35d6835a,EMP0917,Worker_0917,RFID000917,Packaging,WS-04,AFTERNOON,4,2026-10-04T15:00:12,HAPPY,OK,36.35,69.0,97.6,0.204,10.71,LOW
1f0da8b4-0661-48fa-82cb-e14064044d70,EMP0474,Worker_0474,RFID000474,Maintenance,WS-05,AFTERNOON,4,2026-10-04T15:00:22,OK,HAPPY,36.46,78.5,97.0,0.177,38.8,MODERATE
0efd7408-b786-4e26-8457-931b31e378af,EMP0463,Worker_0463,RFID000463,Cutting,WS-10,AFTERNOON,4,2026-10-04T15:00:23,OK,OK,36.37,82.7,97.1,0.319,34.61,LOW
44bee020-98b6-4108-8e02-1791049b29cb,EMP0845,Worker_0845,RFID000845,Packaging,WS-02,AFTERNOON,4,2026-10-04T15:00:40,SAD,OK,36.71,85.5,98.6,0.502,82.25,HIGH
3e6dba5c-2d0e-4dcf-b47d-ded25621f3cc,EMP0445,Worker_0445,RFID000445,Maintenance,WS-05,AFTERNOON,4,2026-10-04T15:00:54,OK,HAPPY,36.22,76.4,98.6,0.254,40.37,MODERATE
0851eaea-6dd3-4d14-a3bb-74922a4b8df2,EMP0677,Worker_0677,RFID000677,Cutting,WS-10,AFTERNOON,4,2026-10-04T15:01:10,HAPPY,HAPPY,36.66,83.1,98.9,0.313,5.99,LOW
100132b9-af1e-4fb9-a862-e5a931508010,EMP0222,Worker_0222,RFID000222,Production,WS-03,AFTERNOON,4,2026-10-04T15:01:43,HAPPY,OK,36.65,85.5,98.7,0.149,13.37,LOW
c08e7247-10cf-4ae8-bba5-610fcdfb8f7c,EMP0542,Worker_0542,RFID000542,Packaging,WS-04,AFTERNOON,4,2026-10-04T15:01:43,OK,HAPPY,36.36,87.3,97.0,0.443,50.81,MODERATE
e584b9bf-abd2-44be-b571-191c202efc5c,EMP0325,Worker_0325,RFID000325,Cutting,WS-07,AFTERNOON,4,2026-10-04T15:02:20,HAPPY,HAPPY,36.5,73.0,98.3,0.34,8.72,LOW
4884d2d4-ac76-4f5e-b0e7-1a8bd8b22fd6,EMP0536,Worker_0536,RFID000536,Stores,WS-10,AFTERNOON,4,2026-10-04T15:02:23,OK,HAPPY,36.64,82.3,98.6,0.462,45.36,MODERATE
13419cdf-7914-48c2-867f-a179cfdb25bc,EMP0938,Worker_0938,RFID000938,Cutting,WS-05,AFTERNOON,4,2026-10-04T15:02:46,OK,HAPPY,36.36,87.8,97.9,0.399,38.43,MODERATE
df2fe264-4b11-46ff-bd5d-0ca334023aa5,EMP0733,Worker_0733,RFID000733,Assembly,WS-01,AFTERNOON,4,2026-10-04T15:03:22,HAPPY,OK,36.66,82.4,98.1,0.189,10.33,LOW
37e4883a-a8b9-47bc-9994-9083c899e478,EMP0154,Worker_0154,RFID000154,Finishing,WS-08,AFTERNOON,4,2026-10-04T15:03:34,HAPPY,OK,36.48,81.6,96.8,0.281,14.81,LOW
cfc6d376-864a-494d-8ab3-96f89538017a,EMP0649,Worker_0649,RFID000649,Packaging,WS-08,AFTERNOON,4,2026-10-04T15:04:03,OK,OK,36.82,83.4,98.8,0.265,34.61,LOW
dda3b565-31c9-48bd-85f7-4e5e2672d5fe,EMP0108,Worker_0108,RFID000108,Production,WS-05,AFTERNOON,4,2026-10-04T15:04:11,HAPPY,SAD,36.59,75.7,96.9,0.227,5.5,LOW
22b389b0-aca7-47ae-a498-d51d1a3d0d2a,EMP0668,Worker_0668,RFID000668,Quality,WS-09,AFTERNOON,4,2026-10-04T15:04:24,SAD,OK,36.68,97.3,96.5,0.489,87.39,HIGH
f2479ce5-a32c-4abf-8df9-3d7c101e346a,EMP0525,Worker_0525,RFID000525,Stores,WS-09,AFTERNOON,4,2026-10-04T15:04:37,HAPPY,HAPPY,36.48,74.2,98.1,0.314,6.61,LOW
e5aadc00-197d-462e-a718-8529483af88d,EMP0198,Worker_0198,RFID000198,Stores,WS-10,AFTERNOON,4,2026-10-04T15:04:40,HAPPY,HAPPY,36.56,89.5,97.9,0.214,14.83,LOW
6d30447e-72d1-4fe2-ba95-5d74de9f9569,EMP0757,Worker_0757,RFID000757,Cutting,WS-03,AFTERNOON,4,2026-10-04T15:04:59,HAPPY,HAPPY,36.62,69.7,98.7,0.398,5.08,LOW
46d6eef0-69e0-4145-9edd-eb7939661f80,EMP0571,Worker_0571,RFID000571,Packaging,WS-01,AFTERNOON,4,2026-10-04T15:05:29,SAD,SAD,36.68,84.5,98.3,0.322,79.62,HIGH
5adc403c-541c-4180-8550-7f5fa60a8dca,EMP0240,Worker_0240,RFID000240,Production,WS-03,AFTERNOON,4,2026-10-04T15:05:38,HAPPY,OK,36.55,75.5,97.5,0.332,13.83,LOW
d010522b-c69c-4fdf-8909-4c7d38b55233,EMP0465,Worker_0465,RFID000465,Production,WS-03,AFTERNOON,4,2026-10-04T15:05:45,HAPPY,OK,36.77,70.4,98.5,0.225,8.24,LOW
40a9546a-cff4-452d-861a-76f20a5e0cd0,EMP0720,Worker_0720,RFID000720,Quality,WS-03,AFTERNOON,4,2026-10-04T15:05:45,HAPPY,HAPPY,36.26,84.1,99.2,0.299,10.72,LOW
83a50ac2-0d87-4fc3-b69d-c7de03cd908e,EMP0644,Worker_0644,RFID000644,Quality,WS-08,AFTERNOON,4,2026-10-04T15:05:51,HAPPY,HAPPY,36.43,80.3,97.3,0.209,5.66,LOW
26055f62-8fb0-45c4-8ba0-f5877204b886,EMP0217,Worker_0217,RFID000217,Cutting,WS-06,AFTERNOON,4,2026-10-04T15:06:16,SAD,OK,36.57,93.9,97.7,0.52,83.75,HIGH
009fc58b-600e-4e8b-9d0e-4fecf3e99997,EMP0842,Worker_0842,RFID000842,Finishing,WS-10,AFTERNOON,4,2026-10-04T15:06:18,SAD,SAD,36.4,92.5,97.0,0.514,94.31,HIGH
fffaebea-4c85-456f-b6fb-693cd5873363,EMP0195,Worker_0195,RFID000195,Quality,WS-10,AFTERNOON,4,2026-10-04T15:06:23,OK,HAPPY,36.37,71.9,98.1,0.343,41.32,MODERATE
9e28d5a8-b3b5-4c63-81d1-ae4427b07d04,EMP0038,Worker_0038,RFID000038,Finishing,WS-06,AFTERNOON,4,2026-10-04T15:06:27,SAD,HAPPY,37.02,87.3,96.1,0.49,81.9,HIGH
92eaf058-90af-4c92-bd60-0030593c670b,EMP0735,Worker_0735,RFID000735,Maintenance,WS-05,AFTERNOON,4,2026-10-04T15:06:45,OK,HAPPY,36.56,80.5,97.9,0.249,40.57,MODERATE
89b33889-0358-4f6a-ae80-fea6ac9758a9,EMP0027,Worker_0027,RFID000027,Cutting,WS-07,AFTERNOON,4,2026-10-04T15:07:10,SAD,HAPPY,36.8,94.6,98.1,0.568,85.8,HIGH
5a02a0c5-a44f-46bc-92af-d6f02b282c29,EMP0116,Worker_0116,RFID000116,Quality,WS-08,AFTERNOON,4,2026-10-04T15:07:14,HAPPY,HAPPY,36.26,75.3,98.8,0.236,9.46,LOW
05557a7b-c4b0-4478-a45f-c1be3c8b1623,EMP0115,Worker_0115,RFID000115,Cutting,WS-02,AFTERNOON,4,2026-10-04T15:07:24,HAPPY,OK,36.66,69.2,97.9,0.371,14.45,LOW
e80bea2c-c654-4709-b903-39275a6a0b85,EMP0279,Worker_0279,RFID000279,Packaging,WS-04,AFTERNOON,4,2026-10-04T15:07:30,HAPPY,SAD,36.53,75.1,99.2,0.201,8.76,LOW
4ce50004-1a48-470f-b231-ad7f14330b9f,EMP0066,Worker_0066,RFID000066,Assembly,WS-08,AFTERNOON,4,2026-10-04T15:07:36,OK,HAPPY,36.64,74.0,98.0,0.392,41.74,MODERATE
09a04358-78a4-4547-8c4e-95414e9f9569,EMP0722,Worker_0722,RFID000722,Maintenance,WS-01,AFTERNOON,4,2026-10-04T15:07:54,OK,SAD,36.77,75.8,98.2,0.23,34.94,LOW
9f38f27e-1c17-44c3-ba1a-e04a7bd82257,EMP0153,Worker_0153,RFID000153,Stores,WS-01,AFTERNOON,4,2026-10-04T15:08:07,OK,OK,36.29,74.8,98.5,0.4,38.94,MODERATE
f82dcadc-be90-4aaa-b036-3741e06050f5,EMP0498,Worker_0498,RFID000498,Cutting,WS-02,AFTERNOON,4,2026-10-04T15:08:17,OK,HAPPY,36.53,77.6,97.5,0.306,38.95,MODERATE
2814a14d-02b0-4279-a7c3-d13e360b0d67,EMP0284,Worker_0284,RFID000284,Production,WS-07,AFTERNOON,4,2026-10-04T15:08:22,HAPPY,HAPPY,36.38,72.0,99.0,0.358,11.46,LOW
04136185-d3ac-4b6f-9171-eb134c24ab6a,EMP0899,Worker_0899,RFID000899,Stores,WS-08,AFTERNOON,4,2026-10-04T15:08:24,SAD,OK,36.69,77.5,98.4,0.54,71.25,HIGH
2fdb17cc-cfdc-4aeb-93bf-97b0ff768c57,EMP0023,Worker_0023,RFID000023,Stores,WS-08,AFTERNOON,4,2026-10-04T15:08:43,OK,HAPPY,36.47,85.7,97.9,0.195,40.05,MODERATE
e970a252-5d1c-4485-9f24-e4e9b5ac3d5c,EMP0528,Worker_0528,RFID000528,Maintenance,WS-06,AFTERNOON,4,2026-10-04T15:08:55,OK,HAPPY,36.39,84.4,98.7,0.47,40.17,MODERATE
29c8a5e7-79f1-4235-8624-7be9ce004783,EMP0687,Worker_0687,RFID000687,Quality,WS-06,AFTERNOON,4,2026-10-04T15:09:06,HAPPY,HAPPY,36.6,77.4,97.6,0.15,11.86,LOW
3a4e69aa-c34a-45de-a7e8-6e7231b0edbb,EMP0090,Worker_0090,RFID000090,Packaging,WS-08,AFTERNOON,4,2026-10-04T15:09:07,HAPPY,HAPPY,36.42,79.8,98.8,0.131,7.09,LOW
92ba016c-3f66-4261-ad43-acdadf481b42,EMP0577,Worker_0577,RFID000577,Assembly,WS-04,AFTERNOON,4,2026-10-04T15:09:10,OK,HAPPY,36.49,72.4,96.7,0.444,42.81,MODERATE
1fb91b61-fb09-411d-83bb-2f6947d79e7d,EMP0944,Worker_0944,RFID000944,Finishing,WS-06,AFTERNOON,4,2026-10-04T15:09:16,OK,SAD,36.72,91.9,98.1,0.233,49.03,MODERATE
6bae2fba-b142-46b2-8f9c-73f7c111ab84,EMP0821,Worker_0821,RFID000821,Cutting,WS-03,AFTERNOON,4,2026-10-04T15:09:21,HAPPY,HAPPY,36.43,68.0,97.2,0.164,6.75,LOW
ed309e98-ef77-4d5a-b3ae-1315e29f4a30,EMP0895,Worker_0895,RFID000895,Quality,WS-09,AFTERNOON,4,2026-10-04T15:09:31,OK,HAPPY,36.69,66.7,98.4,0.43,41.57,MODERATE
4b033d89-eb37-4fa1-997e-a2e94a33c78d,EMP0098,Worker_0098,RFID000098,Production,WS-03,AFTERNOON,4,2026-10-04T15:09:42,HAPPY,HAPPY,36.5,70.8,98.4,0.34,8.54,LOW
7a039b7a-73a2-4b3d-97b7-f204c733a0f5,EMP0799,Worker_0799,RFID000799,Quality,WS-02,AFTERNOON,4,2026-10-04T15:09:57,SAD,HAPPY,36.49,94.4,97.5,0.702,88.92,HIGH
5762c78d-2d03-4d86-a4c1-49971122eb6b,EMP0181,Worker_0181,RFID000181,Finishing,WS-08,AFTERNOON,4,2026-10-04T15:10:15,SAD,HAPPY,36.71,95.3,97.2,0.583,92.03,HIGH
8c2e6ffb-e90c-4f36-bb3d-e5978692ac5e,EMP0710,Worker_0710,RFID000710,Finishing,WS-10,AFTERNOON,4,2026-10-04T15:10:21,HAPPY,OK,36.41,71.4,98.2,0.2,10.99,LOW
432646be-4d67-483f-a4a7-02f6e388de6e,EMP0979,Worker_0979,RFID000979,Cutting,WS-02,AFTERNOON,4,2026-10-04T15:10:33,HAPPY,OK,36.68,80.2,99.1,0.234,12.16,LOW
904f8702-6d6c-4557-91b6-0653c5a08eaa,EMP0808,Worker_0808,RFID000808,Stores,WS-06,AFTERNOON,4,2026-10-04T15:10:42,HAPPY,HAPPY,36.44,73.4,98.9,0.382,11.06,LOW
9a6ba579-ee97-413d-a700-24dbf24cfbac,EMP0806,Worker_0806,RFID000806,Production,WS-09,AFTERNOON,4,2026-10-04T15:10:45,OK,SAD,36.86,74.6,97.8,0.246,33.66,LOW
cab4f1c1-4672-4baa-8e29-74861e47355b,EMP0045,Worker_0045,RFID000045,Cutting,WS-09,AFTERNOON,4,2026-10-04T15:10:53,OK,HAPPY,36.22,75.0,98.4,0.436,40.9,MODERATE
57dd9260-5a8b-4376-80ce-72977a726a5b,EMP0037,Worker_0037,RFID000037,Maintenance,WS-04,AFTERNOON,4,2026-10-04T15:11:02,OK,HAPPY,36.4,83.1,97.7,0.141,38.07,MODERATE
7bdcc93a-0d78-46e8-9d95-2198ff7a2b33,EMP0212,Worker_0212,RFID000212,Production,WS-06,AFTERNOON,4,2026-10-04T15:11:04,OK,HAPPY,36.88,74.9,97.3,0.4,40.12,MODERATE
a443faa2-a19e-4d17-a9a4-27d50dffb09e,EMP0214,Worker_0214,RFID000214,Production,WS-04,AFTERNOON,4,2026-10-04T15:11:04,OK,OK,36.42,91.8,98.4,0.259,47.4,MODERATE
9ea9e16c-0199-4da1-b197-770a34805607,EMP0032,Worker_0032,RFID000032,Production,WS-07,AFTERNOON,4,2026-10-04T15:12:12,SAD,SAD,37.02,86.6,97.4,0.378,89.69,HIGH
01c099cf-4a48-4812-b518-6311a1cb14f6,EMP0888,Worker_0888,RFID000888,Quality,WS-05,AFTERNOON,4,2026-10-04T15:12:28,HAPPY,HAPPY,36.64,64.2,97.6,0.311,5.4,LOW
15de661d-7f00-46f1-9011-f4d08798fecc,EMP0123,Worker_0123,RFID000123,Quality,WS-09,AFTERNOON,4,2026-10-04T15:12:37,HAPPY,OK,36.29,85.8,97.8,0.286,15.22,LOW
8269dd66-c772-481e-9124-59b749e2dd3b,EMP0426,Worker_0426,RFID000426,Production,WS-04,AFTERNOON,4,2026-10-04T15:13:46,OK,OK,36.85,81.5,97.9,0.396,40.33,MODERATE
91d1686e-b9e9-4398-8477-802abf259bf1,EMP0841,Worker_0841,RFID000841,Quality,WS-06,AFTERNOON,4,2026-10-04T15:13:47,OK,OK,36.53,80.0,97.2,0.269,34.2,LOW
2bcf041d-3d19-46e5-97c3-e599e68211f5,EMP0933,Worker_0933,RFID000933,Production,WS-08,AFTERNOON,4,2026-10-04T15:13:48,HAPPY,HAPPY,36.28,82.4,99.2,0.225,12.03,LOW
3b8689dd-9424-4176-af7f-30fde17ae29b,EMP0419,Worker_0419,RFID000419,Cutting,WS-08,AFTERNOON,4,2026-10-04T15:14:05,HAPPY,SAD,36.65,65.1,97.8,0.209,13.97,LOW
c3d3541e-7a6c-44aa-824e-a94daf9e27a4,EMP0671,Worker_0671,RFID000671,Stores,WS-06,AFTERNOON,4,2026-10-04T15:14:15,OK,HAPPY,36.66,73.6,98.7,0.292,40.91,MODERATE
44c1678a-c41c-4ba1-840e-df868b426770,EMP0545,Worker_0545,RFID000545,Maintenance,WS-01,AFTERNOON,4,2026-10-04T15:14:21,HAPPY,OK,36.52,85.0,98.4,0.325,7.63,LOW
6da2c0c7-83b3-4961-9d8f-e3c09d81a164,EMP0095,Worker_0095,RFID000095,Quality,WS-05,AFTERNOON,4,2026-10-04T15:14:35,OK,SAD,36.31,69.8,98.2,0.362,39.81,MODERATE
e816545b-40b4-4b8b-a0f2-220eb22547a6,EMP0664,Worker_0664,RFID000664,Assembly,WS-01,AFTERNOON,4,2026-10-04T15:14:41,OK,HAPPY,36.42,89.8,98.3,0.384,40.76,MODERATE
4c2e2a99-393c-42d3-9fa2-064cec53ec1f,EMP0620,Worker_0620,RFID000620,Packaging,WS-09,AFTERNOON,4,2026-10-04T15:14:58,HAPPY,HAPPY,36.4,72.9,97.6,0.359,13.62,LOW
8b2b24cd-45b4-45d6-bcb9-04a26112baea,EMP0565,Worker_0565,RFID000565,Quality,WS-09,AFTERNOON,4,2026-10-04T15:15:00,OK,HAPPY,36.66,78.8,98.4,0.364,39.63,MODERATE
f1d5d452-c834-47f7-b3aa-a0e8e5d05c06,EMP0040,Worker_0040,RFID000040,Packaging,WS-06,AFTERNOON,4,2026-10-04T15:15:37,SAD,SAD,36.55,95.9,98.4,0.408,89.69,HIGH
707d099f-600b-4ca4-a90f-6d3c2820ada5,EMP0174,Worker_0174,RFID000174,Packaging,WS-09,AFTERNOON,4,2026-10-04T15:16:32,OK,OK,36.52,77.3,97.4,0.217,33.07,LOW
80ca3f97-c9b6-4266-981c-ebae5e44c6c3,EMP0076,Worker_0076,RFID000076,Assembly,WS-07,AFTERNOON,4,2026-10-04T15:16:48,HAPPY,HAPPY,36.58,66.2,97.2,0.288,11.48,LOW
2ba6e4f4-bc12-4118-a2df-503f632af27f,EMP0616,Worker_0616,RFID000616,Finishing,WS-06,AFTERNOON,4,2026-10-04T15:16:53,HAPPY,OK,36.27,80.0,97.8,0.268,6.14,LOW
092d2ef7-cd8d-4bfc-abb1-681a8d5ea260,EMP0427,Worker_0427,RFID000427,Quality,WS-03,AFTERNOON,4,2026-10-04T15:16:56,HAPPY,OK,36.43,76.9,98.2,0.169,9.69,LOW
dd174163-1699-4af6-91a9-3e5f47bb3043,EMP0173,Worker_0173,RFID000173,Quality,WS-05,AFTERNOON,4,2026-10-04T15:17:00,HAPPY,OK,36.35,79.0,98.5,0.185,14.42,LOW
4b9a25f4-a64a-4d34-8fca-ad8756118400,EMP0400,Worker_0400,RFID000400,Stores,WS-05,AFTERNOON,4,2026-10-04T15:17:04,HAPPY,SAD,36.5,79.1,96.8,0.253,7.68,LOW
5ed8aee1-f57c-4990-8c64-cd887cb2a3d8,EMP0175,Worker_0175,RFID000175,Cutting,WS-01,AFTERNOON,4,2026-10-04T15:17:40,HAPPY,HAPPY,36.06,69.2,98.2,0.256,8.95,LOW
7d5a761f-3fd7-42e8-868c-e3f09c7fa214,EMP0167,Worker_0167,RFID000167,Maintenance,WS-06,AFTERNOON,4,2026-10-04T15:17:49,HAPPY,HAPPY,36.35,70.9,97.8,0.311,10.52,LOW
8c482e4b-df65-4482-a0f0-e024f6113155,EMP0549,Worker_0549,RFID000549,Assembly,WS-03,AFTERNOON,4,2026-10-04T15:18:20,OK,HAPPY,36.62,73.0,96.6,0.243,39.7,MODERATE
7e00f35d-3a76-4b02-8edd-c5f48c9503b4,EMP0221,Worker_0221,RFID000221,Production,WS-02,AFTERNOON,4,2026-10-04T15:18:21,HAPPY,OK,36.49,82.2,98.9,0.255,8.3,LOW
61841817-befd-4c02-bf42-d38c5ac74402,EMP0647,Worker_0647,RFID000647,Maintenance,WS-07,AFTERNOON,4,2026-10-04T15:18:57,OK,HAPPY,36.3,83.6,98.2,0.17,39.34,MODERATE
bdfe3dc9-d726-44c5-9869-ff23d4927876,EMP0737,Worker_0737,RFID000737,Stores,WS-08,AFTERNOON,4,2026-10-04T15:19:41,OK,OK,36.72,84.8,97.9,0.256,41.32,MODERATE
66452ac5-f06f-45ca-acfb-1d7c24b91cda,EMP0433,Worker_0433,RFID000433,Quality,WS-03,AFTERNOON,4,2026-10-04T15:19:54,HAPPY,HAPPY,36.57,80.3,97.8,0.232,14.51,LOW
3031f2d7-a6d7-4cb5-a6b1-bfd4bdcdb53b,EMP0868,Worker_0868,RFID000868,Production,WS-06,AFTERNOON,4,2026-10-04T15:19:58,OK,OK,36.8,80.2,97.4,0.277,33.99,LOW
eedee17e-4a1a-40c6-9231-06babef1a06a,EMP0681,Worker_0681,RFID000681,Packaging,WS-03,AFTERNOON,4,2026-10-04T15:20:22,SAD,OK,36.86,83.5,97.0,0.567,82.64,HIGH
c2430c29-1c63-4c7f-9a5b-3e1dc8fc96c8,EMP0352,Worker_0352,RFID000352,Assembly,WS-05,AFTERNOON,4,2026-10-04T15:20:29,HAPPY,HAPPY,36.46,82.6,99.3,0.208,6.93,LOW
70c1283d-f358-4eca-94c9-4f311a5e8733,EMP0399,Worker_0399,RFID000399,Production,WS-09,AFTERNOON,4,2026-10-04T15:21:08,OK,OK,36.76,86.8,98.1,0.208,40.12,MODERATE
9668b422-e735-480f-bf0b-b14c29e9c36f,EMP0316,Worker_0316,RFID000316,Assembly,WS-01,AFTERNOON,4,2026-10-04T15:21:09,OK,HAPPY,36.5,75.2,98.1,0.243,35.38,MODERATE
b22cc0ad-0e57-48a0-8e54-1aeb42839d33,EMP0444,Worker_0444,RFID000444,Quality,WS-10,AFTERNOON,4,2026-10-04T15:21:31,OK,HAPPY,36.42,87.8,96.2,0.269,43.92,MODERATE
43595e3b-088b-4892-a96b-eb7641aeb309,EMP0547,Worker_0547,RFID000547,Production,WS-02,AFTERNOON,4,2026-10-04T15:21:32,HAPPY,OK,36.57,69.0,97.5,0.248,5.43,LOW
507ce827-77b8-477d-8aa0-563a04383884,EMP0726,Worker_0726,RFID000726,Assembly,WS-01,AFTERNOON,4,2026-10-04T15:21:34,OK,OK,36.89,72.7,97.5,0.36,35.96,MODERATE
e12c2904-ddfc-4913-b8c0-c99cb6570b46,EMP0455,Worker_0455,RFID000455,Quality,WS-10,AFTERNOON,4,2026-10-04T15:21:43,HAPPY,OK,36.76,72.3,98.1,0.171,9.65,LOW
8f4603ef-d0b8-4ed9-bbe9-32c6e1ffba7d,EMP0022,Worker_0022,RFID000022,Packaging,WS-09,AFTERNOON,4,2026-10-04T15:22:17,SAD,SAD,36.73,91.1,97.7,0.339,85.51,HIGH
ab3ca52a-b8a0-4a21-8fce-8b17dbfdde1f,EMP0501,Worker_0501,RFID000501,Assembly,WS-10,AFTERNOON,4,2026-10-04T15:22:42,OK,SAD,36.37,81.0,96.3,0.227,39.18,MODERATE
60021795-bfc3-416c-94ee-ce1148c380bc,EMP0126,Worker_0126,RFID000126,Cutting,WS-06,AFTERNOON,4,2026-10-04T15:22:54,SAD,SAD,36.97,88.1,97.8,0.451,92.17,HIGH
18d199dc-2e46-4f4a-9265-c426cbb18859,EMP0948,Worker_0948,RFID000948,Quality,WS-01,AFTERNOON,4,2026-10-04T15:22:56,OK,HAPPY,36.68,72.5,98.0,0.209,37.23,MODERATE
8b1f404e-b7aa-4d19-bb3c-d971f5ccbe92,EMP0393,Worker_0393,RFID000393,Assembly,WS-01,AFTERNOON,4,2026-10-04T15:23:07,OK,OK,36.66,86.4,97.6,0.47,47.13,MODERATE
67c69fca-36d8-4819-8492-0e8c2bec0c15,EMP0383,Worker_0383,RFID000383,Maintenance,WS-02,AFTERNOON,4,2026-10-04T15:23:19,SAD,SAD,36.69,78.6,98.6,0.3,82.46,HIGH
6b9f6224-a74c-4125-aa19-65df0eb3c971,EMP0837,Worker_0837,RFID000837,Finishing,WS-05,AFTERNOON,4,2026-10-04T15:23:27,SAD,SAD,36.54,74.8,97.2,0.257,75.25,HIGH
d91c9699-c8cc-4dac-b5c0-38957aa329c2,EMP0009,Worker_0009,RFID000009,Assembly,WS-10,AFTERNOON,4,2026-10-04T15:23:37,HAPPY,HAPPY,36.48,69.8,96.9,0.202,11.6,LOW
f933581e-904f-4ad6-b1e2-c4e4a8008f71,EMP0355,Worker_0355,RFID000355,Stores,WS-03,AFTERNOON,4,2026-10-04T15:24:25,HAPPY,SAD,36.4,80.2,97.8,0.182,9.31,LOW
fc0477e9-f917-4b2c-8910-695e480b0734,EMP0308,Worker_0308,RFID000308,Stores,WS-03,AFTERNOON,4,2026-10-04T15:24:34,SAD,OK,36.8,86.0,95.9,0.555,85.26,HIGH
c11b500a-1a01-4e12-ab63-fe34ee13942c,EMP0323,Worker_0323,RFID000323,Stores,WS-01,AFTERNOON,4,2026-10-04T15:24:58,OK,SAD,36.35,73.3,96.9,0.341,35.46,MODERATE
93886fae-407c-46e3-bddd-311793b8372b,EMP0755,Worker_0755,RFID000755,Finishing,WS-10,AFTERNOON,4,2026-10-04T15:25:05,HAPPY,HAPPY,36.73,64.7,98.0,0.326,10.21,LOW
f0338588-ff7d-4706-bb90-4a19cd0e8b3c,EMP0860,Worker_0860,RFID000860,Quality,WS-04,AFTERNOON,4,2026-10-04T15:25:17,HAPPY,HAPPY,36.15,75.4,98.0,0.163,14.91,LOW
8bacd2ad-8eef-4150-b44b-403e15fa77cd,EMP0210,Worker_0210,RFID000210,Finishing,WS-01,AFTERNOON,4,2026-10-04T15:25:23,HAPPY,HAPPY,36.88,77.6,97.3,0.133,9.08,LOW
5c5bdc23-a637-4ba6-90a6-73ccee4b1ac5,EMP0300,Worker_0300,RFID000300,Production,WS-02,AFTERNOON,4,2026-10-04T15:25:28,OK,OK,36.62,74.2,97.9,0.26,37.82,MODERATE
49a7106c-0fd4-462a-8c37-c039e97b0fc2,EMP0321,Worker_0321,RFID000321,Assembly,WS-05,AFTERNOON,4,2026-10-04T15:25:54,OK,OK,36.57,69.1,98.9,0.32,38.24,MODERATE
13da76a7-ae8d-4792-bb63-5f645eeb7682,EMP0127,Worker_0127,RFID000127,Packaging,WS-05,AFTERNOON,4,2026-10-04T15:26:04,OK,HAPPY,36.82,91.1,97.6,0.249,46.39,MODERATE
8bb0d5fa-701b-4d88-b0ba-0a7612c874ce,EMP0354,Worker_0354,RFID000354,Maintenance,WS-10,AFTERNOON,4,2026-10-04T15:26:54,OK,HAPPY,36.74,80.2,97.3,0.167,39.11,MODERATE
1dd35fb6-69fe-474c-8300-527d89f8eb35,EMP0327,Worker_0327,RFID000327,Stores,WS-06,AFTERNOON,4,2026-10-04T15:27:17,HAPPY,HAPPY,36.22,74.1,97.3,0.231,7.58,LOW
ca7cbaa2-ff7a-49a5-b251-3301349fccae,EMP0909,Worker_0909,RFID000909,Finishing,WS-04,AFTERNOON,4,2026-10-04T15:27:19,OK,OK,36.6,80.8,97.9,0.343,42.34,MODERATE
2c1d7b3a-d63d-4b0c-975d-53fb277f5894,EMP0288,Worker_0288,RFID000288,Production,WS-01,AFTERNOON,4,2026-10-04T15:27:21,HAPPY,SAD,36.44,82.1,98.7,0.19,11.82,LOW
4b4b448d-aa12-490f-b6db-3151aaf8a304,EMP0339,Worker_0339,RFID000339,Cutting,WS-08,AFTERNOON,4,2026-10-04T15:27:24,OK,SAD,36.34,73.6,97.0,0.187,38.65,MODERATE
41062bfd-23ab-489c-8a78-4bfa63899221,EMP0574,Worker_0574,RFID000574,Assembly,WS-09,AFTERNOON,4,2026-10-04T15:27:30,OK,HAPPY,36.68,70.8,97.9,0.342,34.65,LOW
7db50253-7550-4991-812e-11594dead518,EMP0366,Worker_0366,RFID000366,Assembly,WS-03,AFTERNOON,4,2026-10-04T15:27:35,HAPPY,OK,36.58,91.0,98.5,0.366,17.87,LOW
4d24850e-409a-41c2-873c-e3a006fbe6de,EMP0168,Worker_0168,RFID000168,Production,WS-02,AFTERNOON,4,2026-10-04T15:27:37,OK,HAPPY,36.29,78.9,98.3,0.297,41.17,MODERATE
e4b66631-9d9d-4003-b2e9-dbd0ff88503d,EMP0117,Worker_0117,RFID000117,Finishing,WS-04,AFTERNOON,4,2026-10-04T15:27:44,OK,OK,36.28,74.5,97.2,0.374,40.58,MODERATE
1be65015-b68f-4f22-bff6-8108506d9f6d,EMP0941,Worker_0941,RFID000941,Production,WS-04,AFTERNOON,4,2026-10-04T15:27:48,OK,SAD,36.54,77.1,98.3,0.309,37.53,MODERATE
aff186ca-1320-44f9-9e88-9f66c0754ab6,EMP0307,Worker_0307,RFID000307,Stores,WS-05,AFTERNOON,4,2026-10-04T15:27:50,HAPPY,OK,36.53,84.7,98.5,0.312,10.68,LOW
b643388e-2c94-4972-99a9-9729ccb3aa60,EMP0611,Worker_0611,RFID000611,Packaging,WS-10,AFTERNOON,4,2026-10-04T15:27:54,OK,SAD,36.7,82.2,96.8,0.298,36.42,MODERATE
43d2db76-02e2-4084-a5e1-77a23dab25f0,EMP0244,Worker_0244,RFID000244,Packaging,WS-03,AFTERNOON,4,2026-10-04T15:28:29,HAPPY,HAPPY,36.46,80.4,97.9,0.243,7.88,LOW
a719c252-a8a9-48cb-bee3-46d392da825c,EMP0318,Worker_0318,RFID000318,Assembly,WS-09,AFTERNOON,4,2026-10-04T15:28:43,SAD,HAPPY,36.65,93.2,98.6,0.517,80.88,HIGH
c15cc8f5-701a-4e8c-b5e8-cba1c3f969f5,EMP0184,Worker_0184,RFID000184,Assembly,WS-02,AFTERNOON,4,2026-10-04T15:29:34,OK,SAD,36.7,83.5,98.6,0.354,41.8,MODERATE
75a080e8-6f3a-4e8f-9b37-5e488ece627d,EMP0696,Worker_0696,RFID000696,Production,WS-01,AFTERNOON,4,2026-10-04T15:29:48,SAD,SAD,36.59,83.1,97.1,0.526,80.54,HIGH
946c9745-532b-41c7-b7e0-916d8f69f9a4,EMP0505,Worker_0505,RFID000505,Maintenance,WS-02,AFTERNOON,4,2026-10-04T15:29:53,HAPPY,OK,36.37,77.8,96.8,0.203,12.48,LOW
f64f7284-c76a-4895-b584-a30590a577b0,EMP0272,Worker_0272,RFID000272,Finishing,WS-05,AFTERNOON,4,2026-10-04T15:30:14,SAD,OK,36.41,92.7,97.4,0.38,76.73,HIGH
b5b21979-3714-4be4-ad48-54a55eb84195,EMP0312,Worker_0312,RFID000312,Production,WS-09,AFTERNOON,4,2026-10-04T15:30:34,OK,SAD,36.26,75.2,97.8,0.241,34.13,LOW
7aa25713-91ac-4136-9e79-960ed1886b47,EMP0265,Worker_0265,RFID000265,Packaging,WS-04,AFTERNOON,4,2026-10-04T15:30:45,HAPPY,HAPPY,36.61,65.7,97.8,0.166,8.6,LOW
113f9deb-f65c-4edf-8aaa-6ebee433bb06,EMP0179,Worker_0179,RFID000179,Packaging,WS-06,AFTERNOON,4,2026-10-04T15:31:04,OK,SAD,36.86,79.5,97.7,0.236,39.48,MODERATE
783e2c6b-9f07-4496-bc8b-056c999c4b90,EMP0402,Worker_0402,RFID000402,Maintenance,WS-06,AFTERNOON,4,2026-10-04T15:31:08,SAD,SAD,36.8,86.4,97.8,0.311,88.39,HIGH
65dd34fd-bc71-4fe3-aa7b-32d0e1ab4987,EMP0024,Worker_0024,RFID000024,Packaging,WS-10,AFTERNOON,4,2026-10-04T15:31:19,SAD,HAPPY,36.25,86.3,98.2,0.295,74.18,HIGH
e9223b83-85db-4cbd-ae40-f7aa21a75aa1,EMP0044,Worker_0044,RFID000044,Maintenance,WS-01,AFTERNOON,4,2026-10-04T15:31:24,HAPPY,OK,36.57,68.8,98.3,0.199,12.48,LOW
c7ab3d64-e094-4bc3-a0ff-af0f37b859b2,EMP0348,Worker_0348,RFID000348,Assembly,WS-03,AFTERNOON,4,2026-10-04T15:31:38,OK,HAPPY,36.66,87.8,97.6,0.333,43.75,MODERATE
475ea755-68ec-4e20-9f2c-b58b756b823b,EMP0345,Worker_0345,RFID000345,Production,WS-08,AFTERNOON,4,2026-10-04T15:31:46,SAD,OK,36.8,75.6,97.8,0.273,69.23,HIGH
23ad471b-5cdd-435b-a8ce-7b9596be53e3,EMP0041,Worker_0041,RFID000041,Production,WS-09,AFTERNOON,4,2026-10-04T15:32:04,HAPPY,HAPPY,36.51,67.2,99.5,0.185,14.72,LOW
8bc2df24-05c9-4c61-bf5e-cce50022cbad,EMP0103,Worker_0103,RFID000103,Finishing,WS-02,AFTERNOON,4,2026-10-04T15:32:18,SAD,OK,37.08,87.3,97.7,0.328,78.51,HIGH
8a10d22a-0108-4f1f-99d2-e3f662ab8449,EMP0014,Worker_0014,RFID000014,Production,WS-02,AFTERNOON,4,2026-10-04T15:33:18,OK,SAD,36.25,76.6,98.8,0.306,37.76,MODERATE
171ef9a3-4c09-40d9-b0c8-ef44ee1376db,EMP0856,Worker_0856,RFID000856,Finishing,WS-08,AFTERNOON,4,2026-10-04T15:33:18,HAPPY,HAPPY,36.22,75.6,98.1,0.175,10.36,LOW
0a8cf7a8-2c65-4ff2-9c12-f233e54492d6,EMP0788,Worker_0788,RFID000788,Cutting,WS-07,AFTERNOON,4,2026-10-04T15:33:35,HAPPY,OK,36.41,67.0,98.6,0.196,11.9,LOW
9535e92b-df61-404c-9ad2-32cb6ca2383c,EMP0290,Worker_0290,RFID000290,Production,WS-07,AFTERNOON,4,2026-10-04T15:33:48,HAPPY,HAPPY,36.96,78.9,98.7,0.137,5.66,LOW
6310dea5-d4e2-4b98-b1e4-0d3020f9f69f,EMP0359,Worker_0359,RFID000359,Packaging,WS-05,AFTERNOON,4,2026-10-04T15:34:03,OK,HAPPY,36.42,73.7,98.4,0.44,37.39,MODERATE
9b6a788a-c60e-46cd-bb10-04649851db6f,EMP0654,Worker_0654,RFID000654,Production,WS-01,AFTERNOON,4,2026-10-04T15:34:08,OK,HAPPY,36.2,79.3,97.5,0.268,41.94,MODERATE
4ce0c814-b2ff-4444-8894-ebd6a4aacc99,EMP0550,Worker_0550,RFID000550,Maintenance,WS-09,AFTERNOON,4,2026-10-04T15:34:50,OK,SAD,36.71,73.4,99.1,0.341,41.24,MODERATE
cc02049e-362a-43ea-abd9-a6d56b4d5c8d,EMP0760,Worker_0760,RFID000760,Maintenance,WS-09,AFTERNOON,4,2026-10-04T15:34:51,HAPPY,HAPPY,36.64,74.1,97.5,0.2,7.78,LOW
280fd407-f715-44d0-8e21-ef819e884435,EMP0749,Worker_0749,RFID000749,Maintenance,WS-09,AFTERNOON,4,2026-10-04T15:35:59,HAPPY,HAPPY,36.41,76.1,97.6,0.159,6.09,LOW
2df6f389-4760-4fda-ad86-1549dca31431,EMP0442,Worker_0442,RFID000442,Assembly,WS-02,AFTERNOON,4,2026-10-04T15:36:09,HAPPY,SAD,36.76,68.7,97.2,0.146,11.12,LOW
8b2f2b57-0d8c-477f-8b0e-d7ffe3612021,EMP0543,Worker_0543,RFID000543,Finishing,WS-09,AFTERNOON,4,2026-10-04T15:36:11,OK,SAD,36.82,88.0,96.5,0.311,43.63,MODERATE
c28fb811-ebb9-4d64-a2ac-71b7079d20b4,EMP0704,Worker_0704,RFID000704,Production,WS-06,AFTERNOON,4,2026-10-04T15:36:35,OK,OK,36.43,85.9,98.1,0.284,45.9,MODERATE
021b757b-f566-4d5b-b613-273a0105d95b,EMP0600,Worker_0600,RFID000600,Production,WS-03,AFTERNOON,4,2026-10-04T15:36:54,SAD,HAPPY,36.5,91.4,97.6,0.556,85.61,HIGH
bf9b71f4-08c1-453c-83b7-7ea004841f20,EMP0391,Worker_0391,RFID000391,Assembly,WS-05,AFTERNOON,4,2026-10-04T15:37:14,HAPPY,OK,36.58,80.0,98.9,0.05,12.43,LOW
6850bca1-3287-440a-b0ee-15b5bb3b6fa7,EMP0336,Worker_0336,RFID000336,Maintenance,WS-08,AFTERNOON,4,2026-10-04T15:37:45,SAD,HAPPY,36.7,98.2,97.0,0.475,82.45,HIGH
05b48ddd-7713-49e7-8823-afa2b345a359,EMP0731,Worker_0731,RFID000731,Stores,WS-05,AFTERNOON,4,2026-10-04T15:38:32,SAD,HAPPY,37.06,95.8,97.2,0.456,87.28,HIGH
6ab54bfc-da48-4ae7-a31a-13a35abff951,EMP0144,Worker_0144,RFID000144,Cutting,WS-02,AFTERNOON,4,2026-10-04T15:38:41,HAPPY,HAPPY,36.68,68.3,96.7,0.185,10.01,LOW
eee1314b-aafa-4d34-92c2-ecba1dd12b6e,EMP0418,Worker_0418,RFID000418,Stores,WS-02,AFTERNOON,4,2026-10-04T15:38:45,SAD,SAD,36.63,81.0,96.4,0.524,84.49,HIGH
5753ef04-a3fb-42c1-bf32-7391730e50b8,EMP0610,Worker_0610,RFID000610,Packaging,WS-08,AFTERNOON,4,2026-10-04T15:38:57,HAPPY,OK,36.29,76.0,97.2,0.178,11.67,LOW
c855aa36-8f83-4862-9071-cac69d718ae4,EMP0964,Worker_0964,RFID000964,Maintenance,WS-09,AFTERNOON,4,2026-10-04T15:39:13,OK,SAD,36.86,76.4,98.2,0.506,45.09,MODERATE
5a739ab2-e123-425a-add4-1748a7f95411,EMP0729,Worker_0729,RFID000729,Maintenance,WS-06,AFTERNOON,4,2026-10-04T15:39:28,HAPPY,HAPPY,36.49,69.8,98.6,0.305,6.69,LOW
684ae27d-a553-44fe-b5e3-452051f47d4c,EMP0732,Worker_0732,RFID000732,Finishing,WS-08,AFTERNOON,4,2026-10-04T15:39:40,OK,HAPPY,36.65,83.3,97.5,0.184,36.66,MODERATE
b2b29898-d040-4ae9-a34c-ed0510a5c4d1,EMP0539,Worker_0539,RFID000539,Production,WS-03,AFTERNOON,4,2026-10-04T15:40:00,HAPPY,SAD,36.55,79.1,98.9,0.293,11.67,LOW
8650a8cd-d1c0-4627-8f14-359a241ebe6e,EMP0847,Worker_0847,RFID000847,Assembly,WS-09,AFTERNOON,4,2026-10-04T15:40:31,HAPPY,HAPPY,36.3,74.8,98.8,0.232,7.99,LOW
849dc3f7-c7ae-4e42-98d4-89da6c6b75db,EMP0074,Worker_0074,RFID000074,Cutting,WS-08,AFTERNOON,4,2026-10-04T15:40:32,OK,HAPPY,36.55,74.9,98.4,0.274,34.98,LOW
0e6592bb-9184-4f04-8bf3-2fe4213ecf28,EMP0849,Worker_0849,RFID000849,Maintenance,WS-09,AFTERNOON,4,2026-10-04T15:40:37,HAPPY,HAPPY,36.38,79.4,97.8,0.268,9.93,LOW
275b6a50-04ee-447a-b796-6b5ec434f56f,EMP0605,Worker_0605,RFID000605,Cutting,WS-10,AFTERNOON,4,2026-10-04T15:40:48,SAD,OK,36.53,84.6,97.2,0.643,82.94,HIGH
c1a7fa93-cfe7-43b3-944d-2c3d7035a265,EMP0269,Worker_0269,RFID000269,Cutting,WS-03,AFTERNOON,4,2026-10-04T15:40:50,HAPPY,OK,36.22,81.3,98.9,0.297,9.29,LOW
4089d048-b9ec-4d07-8189-6f20d100e4e7,EMP0584,Worker_0584,RFID000584,Quality,WS-10,AFTERNOON,4,2026-10-04T15:40:55,OK,OK,36.43,73.0,98.4,0.209,33.99,LOW
f469f27b-8459-4692-82cd-ce7cc29941f5,EMP0218,Worker_0218,RFID000218,Assembly,WS-07,AFTERNOON,4,2026-10-04T15:41:02,HAPPY,HAPPY,36.53,68.2,98.9,0.28,6.25,LOW
0b912623-6fab-4682-95d9-5a90b410556e,EMP0678,Worker_0678,RFID000678,Assembly,WS-10,AFTERNOON,4,2026-10-04T15:41:17,SAD,SAD,36.39,91.9,98.0,0.56,98.36,HIGH
7ecffae4-6786-4a7b-9cc5-db749e0dfbbd,EMP0526,Worker_0526,RFID000526,Cutting,WS-06,AFTERNOON,4,2026-10-04T15:41:18,OK,OK,36.56,86.3,96.5,0.262,43.0,MODERATE
4d91da2d-4d3a-40f7-85b1-cf4702688870,EMP0192,Worker_0192,RFID000192,Quality,WS-09,AFTERNOON,4,2026-10-04T15:42:33,SAD,HAPPY,36.8,76.3,97.7,0.293,71.47,HIGH
184a816b-d2dd-464f-9d8f-9858cbf184c5,EMP0748,Worker_0748,RFID000748,Maintenance,WS-01,AFTERNOON,4,2026-10-04T15:42:33,HAPPY,OK,36.33,82.5,98.1,0.2,6.56,LOW
dfbe8d7b-63bd-40a8-befc-be8339764e6a,EMP0401,Worker_0401,RFID000401,Packaging,WS-09,AFTERNOON,4,2026-10-04T15:42:34,HAPPY,HAPPY,36.76,85.7,97.0,0.209,12.18,LOW
17b90b1c-805d-48cd-8e92-b576ebbf1ec6,EMP0358,Worker_0358,RFID000358,Cutting,WS-08,AFTERNOON,4,2026-10-04T15:42:43,HAPPY,OK,36.82,78.5,97.9,0.175,5.11,LOW
b10f83c6-62b1-4f21-8aaf-16ff59ca503e,EMP0618,Worker_0618,RFID000618,Finishing,WS-07,AFTERNOON,4,2026-10-04T15:42:50,HAPPY,OK,36.51,72.3,97.6,0.305,6.68,LOW
c49a8cfb-26d6-4b84-a29a-3cc8a3ddc868,EMP0020,Worker_0020,RFID000020,Production,WS-04,AFTERNOON,4,2026-10-04T15:42:52,HAPPY,SAD,36.77,79.4,97.8,0.276,7.56,LOW
a4971cfb-2d96-4c28-b050-678ae32fb618,EMP0268,Worker_0268,RFID000268,Assembly,WS-10,AFTERNOON,4,2026-10-04T15:43:07,OK,OK,36.77,74.7,98.5,0.293,35.5,MODERATE
69406654-9063-4a04-adcf-16cae3ed6a2e,EMP0780,Worker_0780,RFID000780,Assembly,WS-09,AFTERNOON,4,2026-10-04T15:43:22,SAD,OK,36.55,93.8,96.1,0.415,88.14,HIGH
845ec3da-e84f-478a-b2a2-f3a6854e4694,EMP0414,Worker_0414,RFID000414,Production,WS-05,AFTERNOON,4,2026-10-04T15:43:39,OK,OK,36.94,72.7,96.8,0.241,42.85,MODERATE
5bfd4471-1995-4b2a-a167-2e311bcaf680,EMP0583,Worker_0583,RFID000583,Cutting,WS-03,AFTERNOON,4,2026-10-04T15:43:40,OK,OK,36.29,67.9,98.4,0.283,35.68,MODERATE
0a52ced9-2c29-4cb1-b34a-bb000dbf327c,EMP0813,Worker_0813,RFID000813,Production,WS-01,AFTERNOON,4,2026-10-04T15:43:43,HAPPY,SAD,36.36,72.4,98.4,0.201,13.32,LOW
5b303ea9-055f-4bb7-a21b-a6a4251c5a9e,EMP0594,Worker_0594,RFID000594,Packaging,WS-08,AFTERNOON,4,2026-10-04T15:44:00,SAD,HAPPY,36.94,86.9,96.5,0.366,75.09,HIGH
15e27884-7efe-41c1-83df-b054377e9ff8,EMP0797,Worker_0797,RFID000797,Production,WS-10,AFTERNOON,4,2026-10-04T15:44:37,HAPPY,HAPPY,36.81,76.5,98.9,0.287,6.75,LOW
bf46544f-3218-408b-a3a2-2a3f96c6faa1,EMP0202,Worker_0202,RFID000202,Cutting,WS-01,AFTERNOON,4,2026-10-04T15:45:46,HAPPY,HAPPY,36.35,72.4,97.5,0.116,12.14,LOW
068719aa-38a7-4cb5-9511-c6f8f38b190f,EMP0230,Worker_0230,RFID000230,Production,WS-06,AFTERNOON,4,2026-10-04T15:45:55,OK,HAPPY,36.35,73.7,97.5,0.367,33.48,LOW
56c8bfb2-75cd-47d6-bc83-911f2c973a51,EMP0137,Worker_0137,RFID000137,Maintenance,WS-03,AFTERNOON,4,2026-10-04T15:46:09,OK,HAPPY,36.66,81.4,98.3,0.261,41.93,MODERATE
64148ca7-76bd-4342-a29b-b3749d2759cb,EMP0887,Worker_0887,RFID000887,Maintenance,WS-06,AFTERNOON,4,2026-10-04T15:46:29,SAD,HAPPY,36.59,78.6,99.7,0.546,72.51,HIGH
e52b05c9-8b10-47f3-9749-b369c35b3374,EMP0161,Worker_0161,RFID000161,Assembly,WS-02,AFTERNOON,4,2026-10-04T15:46:38,OK,OK,36.29,89.3,96.9,0.388,41.87,MODERATE
23d12371-2ca8-453c-b3dc-f8ebc9fb3373,EMP0596,Worker_0596,RFID000596,Cutting,WS-02,AFTERNOON,4,2026-10-04T15:46:56,SAD,OK,36.54,74.4,96.3,0.257,67.96,HIGH
e66a47da-dec2-4c4d-baf7-fa76e1e75116,EMP0673,Worker_0673,RFID000673,Cutting,WS-01,AFTERNOON,4,2026-10-04T15:47:47,OK,SAD,36.73,76.8,98.1,0.399,40.93,MODERATE
7696e69a-5f8b-4fef-85e3-b5b2ef3f7fa5,EMP0081,Worker_0081,RFID000081,Assembly,WS-03,AFTERNOON,4,2026-10-04T15:47:49,OK,OK,36.29,89.8,96.7,0.281,44.22,MODERATE
bff1fb65-c79e-41b7-8b0d-c568e26d67f2,EMP0523,Worker_0523,RFID000523,Production,WS-09,AFTERNOON,4,2026-10-04T15:48:25,OK,OK,36.73,86.8,97.6,0.268,46.14,MODERATE
d2415995-fa30-491a-a8b7-97938e921022,EMP0219,Worker_0219,RFID000219,Assembly,WS-06,AFTERNOON,4,2026-10-04T15:48:38,HAPPY,HAPPY,36.35,75.7,98.6,0.232,11.8,LOW
17064f57-9ef5-42b2-95d1-c5bb6dc94f5e,EMP0708,Worker_0708,RFID000708,Finishing,WS-08,AFTERNOON,4,2026-10-04T15:49:08,HAPPY,HAPPY,36.39,75.2,97.9,0.266,9.01,LOW
48f1c253-a830-48c4-9d6c-a2002e429469,EMP0406,Worker_0406,RFID000406,Packaging,WS-07,AFTERNOON,4,2026-10-04T15:49:09,HAPPY,SAD,36.23,68.2,99.8,0.319,10.8,LOW
0352d60b-1134-4a45-b57e-ef13da5bdb7d,EMP0912,Worker_0912,RFID000912,Quality,WS-08,AFTERNOON,4,2026-10-04T15:49:09,OK,HAPPY,36.37,77.5,97.2,0.393,34.2,LOW
4c09f72d-7fc9-4abb-8be5-c43784381db8,EMP0585,Worker_0585,RFID000585,Assembly,WS-02,AFTERNOON,4,2026-10-04T15:49:22,HAPPY,HAPPY,36.2,71.9,98.4,0.265,13.86,LOW
f5104a09-8fa7-4609-878a-9407f6779352,EMP0211,Worker_0211,RFID000211,Stores,WS-04,AFTERNOON,4,2026-10-04T15:49:29,HAPPY,SAD,36.37,71.4,99.0,0.308,12.86,LOW
05f478df-a791-46c2-b421-7838f3473fb1,EMP0736,Worker_0736,RFID000736,Stores,WS-06,AFTERNOON,4,2026-10-04T15:49:41,HAPPY,HAPPY,36.48,73.2,99.0,0.282,13.4,LOW
a254dfcd-5189-45fb-a90f-039f58b0f49f,EMP0833,Worker_0833,RFID000833,Quality,WS-08,AFTERNOON,4,2026-10-04T15:49:44,HAPPY,HAPPY,36.8,77.4,99.0,0.166,7.63,LOW
02769013-6590-4e27-a9f5-6a9511f67dc6,EMP0343,Worker_0343,RFID000343,Cutting,WS-06,AFTERNOON,4,2026-10-04T15:49:49,HAPPY,OK,36.25,85.8,97.1,0.15,15.14,LOW
a07df070-7da2-4b4b-9b10-585cd0e9b26d,EMP0945,Worker_0945,RFID000945,Finishing,WS-08,AFTERNOON,4,2026-10-04T15:49:59,SAD,HAPPY,37.03,90.0,96.3,0.455,86.09,HIGH
abe35d1d-f1a7-4d04-a02c-e4f83cd14e65,EMP0761,Worker_0761,RFID000761,Finishing,WS-07,AFTERNOON,4,2026-10-04T15:50:05,SAD,OK,36.53,82.7,97.3,0.563,78.61,HIGH
95edf32b-3b7c-4f31-8f2f-6b84c27ff046,EMP0457,Worker_0457,RFID000457,Cutting,WS-02,AFTERNOON,4,2026-10-04T15:50:42,OK,SAD,36.34,80.5,97.6,0.45,44.43,MODERATE
100ba6cf-2584-42e2-a964-85e9baf78e8b,EMP0506,Worker_0506,RFID000506,Cutting,WS-08,AFTERNOON,4,2026-10-04T15:50:43,OK,HAPPY,36.65,87.4,99.4,0.186,38.2,MODERATE
b98c5087-683f-44b8-a700-d719b3141648,EMP0728,Worker_0728,RFID000728,Cutting,WS-02,AFTERNOON,4,2026-10-04T15:50:49,HAPPY,OK,36.75,75.2,96.8,0.287,12.17,LOW
fd78ec6d-8ed3-4483-93d5-8ec896d2dd7c,EMP0466,Worker_0466,RFID000466,Stores,WS-04,AFTERNOON,4,2026-10-04T15:51:00,HAPPY,HAPPY,36.66,67.1,98.1,0.318,6.28,LOW
38f5dc92-e69e-44a6-adba-c31a254b2c70,EMP1000,Worker_1000,RFID001000,Cutting,WS-07,AFTERNOON,4,2026-10-04T15:51:08,HAPPY,OK,36.54,81.0,98.2,0.303,12.74,LOW
b4578b6d-9679-4f45-8514-62bf0ab71ffb,EMP0569,Worker_0569,RFID000569,Quality,WS-09,AFTERNOON,4,2026-10-04T15:51:17,HAPPY,OK,36.22,65.4,98.4,0.366,11.45,LOW
0ed0a526-2e0f-4b6e-b4d3-2667b353c937,EMP0530,Worker_0530,RFID000530,Maintenance,WS-07,AFTERNOON,4,2026-10-04T15:51:58,SAD,HAPPY,36.65,88.9,96.1,0.23,78.36,HIGH
19885fa0-c488-4dd1-9418-0dae2baa7803,EMP0006,Worker_0006,RFID000006,Cutting,WS-02,AFTERNOON,4,2026-10-04T15:52:06,OK,SAD,36.73,87.3,97.8,0.374,46.69,MODERATE
4413a387-0195-4a75-8801-04a8931ca844,EMP0042,Worker_0042,RFID000042,Assembly,WS-09,AFTERNOON,4,2026-10-04T15:52:07,OK,HAPPY,36.32,73.5,97.4,0.338,33.25,LOW
2bd57535-619c-4244-8dc8-b48eef49020f,EMP0776,Worker_0776,RFID000776,Production,WS-10,AFTERNOON,4,2026-10-04T15:52:17,HAPPY,OK,36.57,74.8,97.9,0.271,14.23,LOW
5870a673-6136-4096-b6af-ef6f067d73aa,EMP0896,Worker_0896,RFID000896,Finishing,WS-06,AFTERNOON,4,2026-10-04T15:52:34,SAD,SAD,36.62,101.5,96.8,0.434,100,HIGH
6330f779-814d-4a96-8974-a9bb162737a8,EMP0100,Worker_0100,RFID000100,Maintenance,WS-10,AFTERNOON,4,2026-10-04T15:52:36,HAPPY,OK,36.28,82.8,98.9,0.267,13.43,LOW
5f5bd815-2389-4216-b99a-4e682e194148,EMP0410,Worker_0410,RFID000410,Packaging,WS-02,AFTERNOON,4,2026-10-04T15:52:36,HAPPY,HAPPY,36.31,86.1,98.5,0.15,9.45,LOW
cdf221a7-cdb5-4d81-9270-94f2df9e66ed,EMP0159,Worker_0159,RFID000159,Packaging,WS-07,AFTERNOON,4,2026-10-04T15:53:14,OK,SAD,36.36,74.2,96.8,0.336,39.87,MODERATE
a67e6873-25c7-4747-b3bc-000ff2e1bd6e,EMP0360,Worker_0360,RFID000360,Finishing,WS-09,AFTERNOON,4,2026-10-04T15:53:14,OK,OK,36.61,82.2,98.6,0.367,41.46,MODERATE
c87b9377-8381-4cd7-be36-d2a4f82c90a3,EMP0946,Worker_0946,RFID000946,Assembly,WS-03,AFTERNOON,4,2026-10-04T15:53:18,SAD,SAD,36.68,93.6,98.0,0.482,88.86,HIGH
dce67d77-8ed3-4872-9394-3ebbdd8e5172,EMP0378,Worker_0378,RFID000378,Production,WS-06,AFTERNOON,4,2026-10-04T15:53:37,HAPPY,OK,36.81,81.8,98.1,0.21,11.96,LOW
ac76f161-c003-4bf3-a233-c158a0659318,EMP0873,Worker_0873,RFID000873,Maintenance,WS-07,AFTERNOON,4,2026-10-04T15:53:48,HAPPY,HAPPY,36.47,73.2,97.9,0.479,17.41,LOW
5368b819-3fa8-4206-b927-a631530dafeb,EMP0807,Worker_0807,RFID000807,Assembly,WS-09,AFTERNOON,4,2026-10-04T15:54:19,HAPPY,HAPPY,36.34,71.5,98.1,0.271,8.59,LOW
84141ee3-889c-460a-8cf3-0545b7d4131c,EMP0441,Worker_0441,RFID000441,Packaging,WS-03,AFTERNOON,4,2026-10-04T15:54:26,OK,SAD,36.73,80.5,97.8,0.148,35.38,MODERATE
882b2f65-7997-4942-b057-1faf758b56db,EMP0073,Worker_0073,RFID000073,Cutting,WS-09,AFTERNOON,4,2026-10-04T15:54:39,OK,HAPPY,36.6,79.3,97.1,0.231,42.87,MODERATE
4c694af2-d190-4c7c-843e-56b1e96b7942,EMP0048,Worker_0048,RFID000048,Cutting,WS-10,AFTERNOON,4,2026-10-04T15:54:48,OK,HAPPY,36.87,82.9,97.1,0.256,39.03,MODERATE
1ea85aac-e72d-4e57-88be-6ba9dbe210c8,EMP0791,Worker_0791,RFID000791,Finishing,WS-05,AFTERNOON,4,2026-10-04T15:54:51,HAPPY,HAPPY,36.6,71.5,97.5,0.377,7.24,LOW
e5b5eea6-2baf-479a-bc8d-1a7038bb0e2c,EMP0601,Worker_0601,RFID000601,Packaging,WS-09,AFTERNOON,4,2026-10-04T15:54:54,OK,OK,36.81,67.2,98.8,0.278,38.18,MODERATE
e08611aa-dc52-4a5f-a254-92d6eb7432c8,EMP0088,Worker_0088,RFID000088,Production,WS-08,AFTERNOON,4,2026-10-04T15:55:03,HAPPY,SAD,36.22,81.6,96.9,0.346,13.01,LOW
bdc49c11-df5d-41fa-805c-50f501a63625,EMP0667,Worker_0667,RFID000667,Assembly,WS-02,AFTERNOON,4,2026-10-04T15:55:08,HAPPY,HAPPY,36.5,80.2,98.0,0.224,6.39,LOW
477d163c-3122-4f0f-9a04-dfb6bb14a236,EMP0537,Worker_0537,RFID000537,Quality,WS-02,AFTERNOON,4,2026-10-04T15:55:11,OK,HAPPY,36.32,80.4,98.0,0.19,33.47,LOW
6dd2b697-f91f-4b9b-a9fb-e4660c79d932,EMP0770,Worker_0770,RFID000770,Assembly,WS-05,AFTERNOON,4,2026-10-04T15:55:23,HAPPY,HAPPY,36.32,77.7,98.7,0.163,11.89,LOW
99e9a56b-ded5-4680-837e-f5f5d4493940,EMP0176,Worker_0176,RFID000176,Cutting,WS-05,AFTERNOON,4,2026-10-04T15:55:24,HAPPY,SAD,36.05,74.7,97.5,0.326,9.28,LOW
f5e70130-bd44-4861-8013-3a68e9b6b722,EMP0056,Worker_0056,RFID000056,Packaging,WS-06,AFTERNOON,4,2026-10-04T15:55:39,HAPPY,OK,36.8,73.2,99.1,0.351,7.46,LOW
4266a473-3fd8-4148-80f4-f32e80aebca4,EMP0609,Worker_0609,RFID000609,Stores,WS-06,AFTERNOON,4,2026-10-04T15:56:02,OK,SAD,36.88,79.9,96.4,0.37,39.49,MODERATE
1ba47680-fcaa-45f2-ba28-03168a006d74,EMP0468,Worker_0468,RFID000468,Stores,WS-06,AFTERNOON,4,2026-10-04T15:56:04,OK,OK,36.73,78.2,98.0,0.297,34.59,LOW
b5cffb7e-f722-45de-b00b-43b8d2e93b9d,EMP0518,Worker_0518,RFID000518,Finishing,WS-06,AFTERNOON,4,2026-10-04T15:56:29,OK,HAPPY,36.35,84.5,98.1,0.267,39.41,MODERATE
a9bea749-8909-41c1-a991-cbab66920e32,EMP0544,Worker_0544,RFID000544,Packaging,WS-01,AFTERNOON,4,2026-10-04T15:56:32,HAPPY,OK,36.61,78.5,98.3,0.388,12.94,LOW
27649c72-87aa-4cea-b4a7-65e8cf94b0ea,EMP0615,Worker_0615,RFID000615,Production,WS-09,AFTERNOON,4,2026-10-04T15:56:52,OK,HAPPY,36.81,79.0,97.3,0.288,37.04,MODERATE
03cc3389-e494-4465-b1b2-c527b3da4278,EMP0261,Worker_0261,RFID000261,Maintenance,WS-05,AFTERNOON,4,2026-10-04T15:57:05,OK,HAPPY,36.67,79.0,98.1,0.369,33.01,LOW
6bc456de-b214-4695-b2c5-8a423342c556,EMP0650,Worker_0650,RFID000650,Assembly,WS-05,AFTERNOON,4,2026-10-04T15:57:07,HAPPY,OK,36.31,74.1,97.9,0.091,9.19,LOW
b373c9fe-d5a0-46fa-a3fb-3e918c08cb7f,EMP0781,Worker_0781,RFID000781,Finishing,WS-08,AFTERNOON,4,2026-10-04T15:57:12,HAPPY,HAPPY,36.44,76.2,98.6,0.244,6.26,LOW
5bcd0c6d-fc81-4351-8f8c-0351b3d773b5,EMP0118,Worker_0118,RFID000118,Quality,WS-02,AFTERNOON,4,2026-10-04T15:57:20,SAD,SAD,36.84,94.7,97.5,0.495,94.64,HIGH
26543b6e-39b1-4834-82bb-ff3bcbdef64a,EMP0679,Worker_0679,RFID000679,Stores,WS-06,AFTERNOON,4,2026-10-04T15:57:37,OK,HAPPY,36.44,90.7,99.1,0.167,43.02,MODERATE
e2e15c33-7560-45d6-807f-47da01fe8701,EMP0183,Worker_0183,RFID000183,Production,WS-06,AFTERNOON,4,2026-10-04T15:58:56,OK,SAD,36.36,81.1,98.0,0.242,42.87,MODERATE
19563a7b-06d7-405a-9ba8-c490e683a1bc,EMP0817,Worker_0817,RFID000817,Assembly,WS-02,AFTERNOON,4,2026-10-04T15:58:59,HAPPY,HAPPY,36.5,67.7,97.6,0.367,7.76,LOW
f070a609-7b1e-4ea7-bba2-e2e146a10fa2,EMP0789,Worker_0789,RFID000789,Stores,WS-01,AFTERNOON,4,2026-10-04T15:59:13,HAPPY,OK,36.67,75.7,97.7,0.186,5.88,LOW
4a599bcc-4511-4c67-bb98-a67b849cf004,EMP0209,Worker_0209,RFID000209,Stores,WS-02,AFTERNOON,4,2026-10-04T15:59:36,OK,OK,36.6,86.1,98.7,0.321,41.45,MODERATE
56335731-3667-40c6-9f16-04a3a2e1a751,EMP0882,Worker_0882,RFID000882,Assembly,WS-10,AFTERNOON,4,2026-10-04T15:59:44,HAPPY,OK,36.56,79.1,99.1,0.354,12.83,LOW
154c027c-d3e8-434c-af80-3d5b4b6f435e,EMP0924,Worker_0924,RFID000924,Packaging,WS-06,AFTERNOON,4,2026-10-04T16:00:04,HAPPY,OK,36.56,77.3,97.7,0.352,8.72,LOW
32ba8b47-78e4-43d7-a275-bd9bf52648b3,EMP0163,Worker_0163,RFID000163,Cutting,WS-01,AFTERNOON,4,2026-10-04T16:00:08,HAPPY,HAPPY,36.58,84.0,98.1,0.245,11.94,LOW
0529e426-0fad-4e33-8c5c-59fd24437028,EMP0236,Worker_0236,RFID000236,Assembly,WS-09,AFTERNOON,4,2026-10-04T16:00:10,OK,OK,36.75,76.8,98.4,0.199,39.23,MODERATE
2fd40a0c-1679-4bdb-b99e-dad79e724bb9,EMP0739,Worker_0739,RFID000739,Stores,WS-09,AFTERNOON,4,2026-10-04T16:00:28,OK,HAPPY,36.29,76.1,98.5,0.413,38.58,MODERATE
1640c3c5-aed8-46c1-88e8-e0df1cc85b90,EMP0019,Worker_0019,RFID000019,Stores,WS-08,AFTERNOON,4,2026-10-04T16:00:40,HAPPY,HAPPY,36.83,62.4,98.5,0.38,11.37,LOW
93d961b5-59cc-40e6-8835-87fe42261520,EMP0258,Worker_0258,RFID000258,Production,WS-03,AFTERNOON,4,2026-10-04T16:00:40,HAPPY,HAPPY,36.5,74.5,99.1,0.321,12.96,LOW
dba466f2-2b1d-40e3-b76f-5e3967de719e,EMP0893,Worker_0893,RFID000893,Maintenance,WS-10,AFTERNOON,4,2026-10-04T16:00:49,OK,HAPPY,36.29,76.2,97.9,0.347,33.87,LOW
8f0f3a54-bd77-4b02-8917-b50a702c7c03,EMP0957,Worker_0957,RFID000957,Finishing,WS-04,AFTERNOON,4,2026-10-04T16:01:43,HAPPY,HAPPY,36.55,70.7,97.7,0.105,10.61,LOW
067848b3-876f-4fd2-9538-bbee7beff7b9,EMP0705,Worker_0705,RFID000705,Maintenance,WS-03,AFTERNOON,4,2026-10-04T16:01:46,OK,SAD,36.18,84.9,97.1,0.412,46.5,MODERATE
cdae6141-9251-4ff6-95ee-07acab676537,EMP0567,Worker_0567,RFID000567,Finishing,WS-03,AFTERNOON,4,2026-10-04T16:01:54,HAPPY,HAPPY,36.46,69.9,98.1,0.313,5.81,LOW
f132579b-4307-4ede-9055-d96f7685636b,EMP0135,Worker_0135,RFID000135,Cutting,WS-05,AFTERNOON,4,2026-10-04T16:02:13,OK,OK,36.93,75.8,98.3,0.47,45.84,MODERATE
a4662e1b-e3c5-4cb3-8ec9-6b1703ff3117,EMP0867,Worker_0867,RFID000867,Finishing,WS-02,AFTERNOON,4,2026-10-04T16:02:14,OK,HAPPY,36.45,88.2,97.7,0.427,47.65,MODERATE
0bf0271a-d2a2-496d-a0c1-3b065a755529,EMP0553,Worker_0553,RFID000553,Maintenance,WS-10,AFTERNOON,4,2026-10-04T16:02:25,OK,OK,36.84,68.5,97.1,0.322,35.02,MODERATE
083952b2-5208-44a0-aa52-494584e89d70,EMP0016,Worker_0016,RFID000016,Maintenance,WS-06,AFTERNOON,4,2026-10-04T16:02:45,OK,OK,36.62,76.9,97.7,0.374,33.35,LOW
7b5afff3-e5cc-448b-9ff8-365931ccf787,EMP0281,Worker_0281,RFID000281,Quality,WS-03,AFTERNOON,4,2026-10-04T16:02:49,OK,OK,36.77,72.7,96.7,0.329,35.78,MODERATE
509ae773-4a04-40fc-9476-b55f4208faf5,EMP0380,Worker_0380,RFID000380,Quality,WS-03,AFTERNOON,4,2026-10-04T16:03:04,OK,SAD,36.61,70.1,98.0,0.165,41.9,MODERATE
cfb377c2-6b92-47ca-8b21-4f69e13a0594,EMP0987,Worker_0987,RFID000987,Stores,WS-03,AFTERNOON,4,2026-10-04T16:03:05,SAD,SAD,36.34,72.7,98.6,0.415,83.37,HIGH
38d67805-9197-48a3-9673-51feba46d9e3,EMP0106,Worker_0106,RFID000106,Finishing,WS-05,AFTERNOON,4,2026-10-04T16:03:11,OK,HAPPY,36.81,82.0,97.8,0.293,42.36,MODERATE
b4139b66-5bf4-4152-8ca7-1eab1d1eee7f,EMP0626,Worker_0626,RFID000626,Finishing,WS-08,AFTERNOON,4,2026-10-04T16:03:45,HAPPY,OK,36.2,82.6,96.5,0.288,12.38,LOW
5fb3964f-4bf6-4a17-8432-69c5a59327f6,EMP0857,Worker_0857,RFID000857,Finishing,WS-06,AFTERNOON,4,2026-10-04T16:03:54,HAPPY,HAPPY,36.71,84.8,97.4,0.122,9.66,LOW
a5446fd1-24c6-4a62-86ef-1262cbb690e8,EMP0311,Worker_0311,RFID000311,Stores,WS-01,AFTERNOON,4,2026-10-04T16:03:55,OK,SAD,36.82,81.9,98.6,0.294,40.03,MODERATE
65c3f7fa-c4ff-49cd-8f2b-097f4dfbf06c,EMP0639,Worker_0639,RFID000639,Packaging,WS-01,AFTERNOON,4,2026-10-04T16:04:19,HAPPY,OK,36.23,78.2,99.7,0.209,10.36,LOW
26c6f588-aa77-4df1-8254-6071f77cd6bc,EMP0927,Worker_0927,RFID000927,Finishing,WS-05,AFTERNOON,4,2026-10-04T16:05:09,SAD,OK,36.7,97.9,98.8,0.602,84.62,HIGH
cf01d224-d108-48d5-b609-08c9112ee1a5,EMP0086,Worker_0086,RFID000086,Finishing,WS-08,AFTERNOON,4,2026-10-04T16:05:17,SAD,OK,36.92,93.5,96.3,0.629,91.31,HIGH
b0d72f94-6534-41a4-80a7-cd7a61ea36eb,EMP0448,Worker_0448,RFID000448,Cutting,WS-08,AFTERNOON,4,2026-10-04T16:05:25,HAPPY,OK,36.58,80.5,98.0,0.249,11.2,LOW
a6faaaad-8914-4a8f-8bf9-a87b68f4c72e,EMP0271,Worker_0271,RFID000271,Finishing,WS-03,AFTERNOON,4,2026-10-04T16:05:34,HAPPY,HAPPY,36.47,81.8,97.7,0.128,13.18,LOW
c8705c6a-27ac-4cd4-bff3-dc72c62f480e,EMP0589,Worker_0589,RFID000589,Cutting,WS-05,AFTERNOON,4,2026-10-04T16:05:37,HAPPY,HAPPY,36.48,72.4,98.4,0.317,9.52,LOW
bba325e3-14ba-45c0-b3fe-bfce0e81f09e,EMP0396,Worker_0396,RFID000396,Assembly,WS-08,AFTERNOON,4,2026-10-04T16:05:48,OK,SAD,36.52,80.2,97.2,0.274,33.97,LOW
d56e4a49-bd13-4c2b-8636-ccc29eec0081,EMP0913,Worker_0913,RFID000913,Finishing,WS-09,AFTERNOON,4,2026-10-04T16:06:00,HAPPY,HAPPY,36.56,76.9,97.4,0.258,9.22,LOW
422f9859-1e8e-4ae9-a836-2af7f25d318f,EMP0599,Worker_0599,RFID000599,Production,WS-10,AFTERNOON,4,2026-10-04T16:06:01,OK,HAPPY,36.78,75.8,97.7,0.392,35.11,MODERATE
dd4f5f40-6f13-46ad-90e3-72b738508b0b,EMP0484,Worker_0484,RFID000484,Production,WS-03,AFTERNOON,4,2026-10-04T16:06:24,OK,SAD,36.39,70.5,97.0,0.336,36.11,MODERATE
744aae3b-8336-4c62-887e-64cc6ae934e4,EMP0267,Worker_0267,RFID000267,Cutting,WS-08,AFTERNOON,4,2026-10-04T16:06:52,OK,SAD,36.49,81.4,98.8,0.241,40.72,MODERATE
f533a9e7-5d10-4a5a-8bcd-e2222d483cd7,EMP0485,Worker_0485,RFID000485,Finishing,WS-03,AFTERNOON,4,2026-10-04T16:07:27,HAPPY,OK,36.53,72.2,98.7,0.265,5.82,LOW
b9a32d21-58a1-458f-813f-1168dd3512b3,EMP0194,Worker_0194,RFID000194,Assembly,WS-09,AFTERNOON,4,2026-10-04T16:07:32,OK,HAPPY,36.78,80.3,99.0,0.185,39.63,MODERATE
19632d6e-86d5-4e8f-8a44-e741e6926d76,EMP0630,Worker_0630,RFID000630,Quality,WS-04,AFTERNOON,4,2026-10-04T16:07:40,HAPPY,OK,36.72,81.1,99.1,0.156,9.49,LOW
f4ffbd39-c992-40e6-9a34-852b40f16ac0,EMP0136,Worker_0136,RFID000136,Finishing,WS-05,AFTERNOON,4,2026-10-04T16:07:51,OK,HAPPY,36.29,87.1,99.0,0.245,44.34,MODERATE
4558c3e4-97a6-4eda-bd65-caabb2a8edf7,EMP0301,Worker_0301,RFID000301,Stores,WS-05,AFTERNOON,4,2026-10-04T16:08:04,SAD,HAPPY,36.13,96.8,98.6,0.607,84.23,HIGH
65a4ce44-dd25-4d19-a7f8-6b6e77bb9bc4,EMP0280,Worker_0280,RFID000280,Stores,WS-02,AFTERNOON,4,2026-10-04T16:08:06,OK,HAPPY,36.44,88.0,98.5,0.445,49.04,MODERATE
766e2edc-914b-4f37-ae23-81f4c2303b0f,EMP0521,Worker_0521,RFID000521,Packaging,WS-06,AFTERNOON,4,2026-10-04T16:08:29,HAPPY,SAD,36.4,68.4,98.4,0.355,11.38,LOW
b418c7c5-bb62-4fb2-8826-2015ad00e199,EMP0033,Worker_0033,RFID000033,Finishing,WS-03,AFTERNOON,4,2026-10-04T16:08:40,HAPPY,HAPPY,36.41,75.7,97.5,0.266,13.36,LOW
8f19f4b8-7248-41d2-ac5c-15ec7ea4b0e4,EMP0412,Worker_0412,RFID000412,Finishing,WS-05,AFTERNOON,4,2026-10-04T16:08:44,OK,SAD,36.19,82.8,98.1,0.216,40.6,MODERATE
0d977d19-da0d-4522-9be0-e215707fdb8c,EMP0446,Worker_0446,RFID000446,Production,WS-06,AFTERNOON,4,2026-10-04T16:09:22,HAPPY,HAPPY,36.29,63.7,99.1,0.292,6.22,LOW
d6ad39fb-acbe-487b-abf5-53a9cc90fbad,EMP0875,Worker_0875,RFID000875,Finishing,WS-04,AFTERNOON,4,2026-10-04T16:09:50,OK,OK,36.16,69.8,96.3,0.382,41.8,MODERATE
a7cd1c63-8e26-4d34-9ca1-2d2ff1256e16,EMP0303,Worker_0303,RFID000303,Maintenance,WS-07,AFTERNOON,4,2026-10-04T16:09:51,SAD,SAD,36.59,82.4,97.1,0.403,80.94,HIGH
c52d87f8-76c4-4867-a279-7a6e20fde687,EMP0982,Worker_0982,RFID000982,Finishing,WS-05,AFTERNOON,4,2026-10-04T16:10:16,OK,HAPPY,36.45,80.6,99.5,0.449,44.16,MODERATE
a4b7c782-9a7e-4f47-8440-09b1cbb4bb10,EMP0676,Worker_0676,RFID000676,Quality,WS-03,AFTERNOON,4,2026-10-04T16:11:03,OK,HAPPY,36.77,76.7,97.1,0.285,37.77,MODERATE
8d6197ce-3430-47b0-8aa9-f007a2d96428,EMP0470,Worker_0470,RFID000470,Packaging,WS-05,AFTERNOON,4,2026-10-04T16:11:23,OK,OK,36.63,81.2,98.6,0.41,39.52,MODERATE
601a8203-702a-4088-89e6-bfe5f9434c07,EMP0802,Worker_0802,RFID000802,Finishing,WS-02,AFTERNOON,4,2026-10-04T16:11:52,HAPPY,OK,36.72,79.3,98.6,0.195,6.87,LOW
27d81d62-16fc-4a96-b30f-1595e71c541a,EMP0247,Worker_0247,RFID000247,Cutting,WS-06,AFTERNOON,4,2026-10-04T16:12:52,SAD,OK,36.39,81.0,97.3,0.548,73.85,HIGH
8fb144ff-57d2-46c2-bb18-7c716ae0a802,EMP0546,Worker_0546,RFID000546,Production,WS-05,AFTERNOON,4,2026-10-04T16:12:59,OK,HAPPY,36.45,84.5,97.0,0.474,43.05,MODERATE
4cbe3217-ed05-4dae-8829-effcd08b53d5,EMP0320,Worker_0320,RFID000320,Quality,WS-06,AFTERNOON,4,2026-10-04T16:13:08,SAD,OK,36.53,78.5,96.8,0.65,77.44,HIGH
3dac2c58-637f-4c50-9427-9ee5137a1d88,EMP0686,Worker_0686,RFID000686,Cutting,WS-07,AFTERNOON,4,2026-10-04T16:13:09,HAPPY,OK,36.33,67.8,97.5,0.307,9.91,LOW
f378b5ac-554d-46bd-8e88-9b94190b5b20,EMP0830,Worker_0830,RFID000830,Stores,WS-07,AFTERNOON,4,2026-10-04T16:13:15,HAPPY,HAPPY,36.59,63.4,97.8,0.431,10.77,LOW
68c76e8a-c7cd-489a-a6b3-79fd852800b1,EMP0371,Worker_0371,RFID000371,Stores,WS-02,AFTERNOON,4,2026-10-04T16:13:44,OK,OK,36.34,85.2,98.7,0.445,48.8,MODERATE
7d1e1e1d-07ea-43ff-b332-9cd974695862,EMP0614,Worker_0614,RFID000614,Maintenance,WS-07,AFTERNOON,4,2026-10-04T16:13:48,OK,HAPPY,36.41,71.3,96.5,0.403,41.48,MODERATE
b76f22c6-a50c-4da5-8314-59c2535b7178,EMP0652,Worker_0652,RFID000652,Packaging,WS-01,AFTERNOON,4,2026-10-04T16:13:53,HAPPY,HAPPY,36.56,80.8,99.2,0.256,7.54,LOW
c49188bc-0f5f-4bba-90d4-ced3da91397d,EMP0187,Worker_0187,RFID000187,Quality,WS-01,AFTERNOON,4,2026-10-04T16:14:31,OK,OK,36.55,78.7,97.7,0.446,44.98,MODERATE
1339f850-f8fb-46e7-b9cf-e74ba406c921,EMP0825,Worker_0825,RFID000825,Packaging,WS-04,AFTERNOON,4,2026-10-04T16:15:22,OK,OK,36.59,74.9,97.5,0.328,36.55,MODERATE
9963a047-072c-4641-b639-ce9d7104dadb,EMP0373,Worker_0373,RFID000373,Production,WS-01,AFTERNOON,4,2026-10-04T16:15:41,SAD,SAD,36.95,78.6,96.9,0.28,77.1,HIGH
4229a667-7720-4a11-8d4f-8c566526a556,EMP0047,Worker_0047,RFID000047,Production,WS-06,AFTERNOON,4,2026-10-04T16:16:09,OK,OK,36.23,78.8,96.9,0.348,39.47,MODERATE
4802c49d-cd7d-4ab0-84f9-28b61a89b32a,EMP0953,Worker_0953,RFID000953,Cutting,WS-10,AFTERNOON,4,2026-10-04T16:16:21,SAD,HAPPY,36.42,78.4,98.1,0.574,85.95,HIGH
3eaa2182-97dd-4a12-b494-88cadc3a72b7,EMP0196,Worker_0196,RFID000196,Quality,WS-08,AFTERNOON,4,2026-10-04T16:16:38,OK,SAD,36.53,70.6,98.8,0.4,33.96,LOW
2dcc5b15-df64-407d-88a6-724e88f7224d,EMP0974,Worker_0974,RFID000974,Quality,WS-04,AFTERNOON,4,2026-10-04T16:16:59,SAD,HAPPY,36.65,96.4,97.0,0.55,84.25,HIGH
22870e1a-0761-40c9-9763-556f7b5f5ec0,EMP0193,Worker_0193,RFID000193,Packaging,WS-06,AFTERNOON,4,2026-10-04T16:17:01,HAPPY,HAPPY,36.53,80.4,97.3,0.151,13.49,LOW
de6323c9-d55a-4408-be5d-bcbf911c626f,EMP0071,Worker_0071,RFID000071,Stores,WS-09,AFTERNOON,4,2026-10-04T16:17:19,HAPPY,HAPPY,36.2,73.8,99.3,0.143,9.32,LOW
6e49560f-7c38-4f9b-bc4d-8797bda757ed,EMP0224,Worker_0224,RFID000224,Stores,WS-08,AFTERNOON,4,2026-10-04T16:17:24,HAPPY,SAD,36.6,79.5,98.5,0.28,8.27,LOW
c56e23d9-0fac-456f-b06c-33c838bcaea6,EMP0387,Worker_0387,RFID000387,Quality,WS-08,AFTERNOON,4,2026-10-04T16:17:49,OK,SAD,36.86,84.1,96.5,0.136,38.21,MODERATE
c66a8354-0839-41d4-993b-8caeacdc31da,EMP0949,Worker_0949,RFID000949,Quality,WS-10,AFTERNOON,4,2026-10-04T16:17:50,OK,SAD,36.84,82.6,98.1,0.244,39.68,MODERATE
4094b4e9-01fc-4316-a810-05a2f29b670a,EMP0424,Worker_0424,RFID000424,Packaging,WS-01,AFTERNOON,4,2026-10-04T16:18:01,SAD,SAD,36.65,92.0,96.2,0.541,87.21,HIGH
dec5ae55-8b26-463c-8075-67240eb0973b,EMP0903,Worker_0903,RFID000903,Quality,WS-02,AFTERNOON,4,2026-10-04T16:18:09,OK,HAPPY,36.28,80.1,97.6,0.39,37.92,MODERATE
2be3fe46-469e-4255-b0f7-df742990f3ff,EMP0522,Worker_0522,RFID000522,Finishing,WS-08,AFTERNOON,4,2026-10-04T16:18:57,HAPPY,SAD,36.72,81.8,97.1,0.198,9.27,LOW
0e53378f-28b4-44e1-9c2d-170371dce0f6,EMP0046,Worker_0046,RFID000046,Stores,WS-10,AFTERNOON,4,2026-10-04T16:19:41,HAPPY,HAPPY,36.59,80.7,97.1,0.204,10.97,LOW
649d0c5e-59ee-4453-b951-48a03d6cec64,EMP0276,Worker_0276,RFID000276,Stores,WS-04,AFTERNOON,4,2026-10-04T16:19:50,OK,HAPPY,36.34,65.4,97.6,0.157,41.85,MODERATE
f4547c7f-95d1-4b2b-9f9e-da307f7325a5,EMP0377,Worker_0377,RFID000377,Assembly,WS-01,AFTERNOON,4,2026-10-04T16:19:57,HAPPY,OK,36.36,74.0,98.3,0.233,11.1,LOW
d2498079-b7cd-46e4-8107-d7d2c1318728,EMP0291,Worker_0291,RFID000291,Production,WS-08,AFTERNOON,4,2026-10-04T16:20:11,OK,OK,36.61,80.4,97.0,0.449,42.4,MODERATE
a11aec96-9631-4420-be22-3030a29b0c4d,EMP0182,Worker_0182,RFID000182,Stores,WS-06,AFTERNOON,4,2026-10-04T16:20:25,SAD,OK,36.56,78.6,98.2,0.326,76.07,HIGH
0c12681b-8569-46ef-8baf-07e35297d81a,EMP0282,Worker_0282,RFID000282,Assembly,WS-09,AFTERNOON,4,2026-10-04T16:20:25,OK,OK,36.28,77.5,97.5,0.345,38.22,MODERATE
a374f871-2218-4807-8a06-3333c43b67a2,EMP0582,Worker_0582,RFID000582,Maintenance,WS-03,AFTERNOON,4,2026-10-04T16:20:34,HAPPY,HAPPY,36.32,78.8,98.9,0.243,14.88,LOW
4b65ea9b-53c4-42bc-a804-7c704ab5821c,EMP0082,Worker_0082,RFID000082,Cutting,WS-07,AFTERNOON,4,2026-10-04T16:21:02,HAPPY,HAPPY,36.36,78.1,98.2,0.307,12.6,LOW
60536cdd-18a9-4f2f-866e-646e292dcbb5,EMP0548,Worker_0548,RFID000548,Packaging,WS-09,AFTERNOON,4,2026-10-04T16:21:04,OK,HAPPY,36.73,85.7,98.6,0.328,41.53,MODERATE
a39c66c6-29f5-488f-ab25-8894a47d7a44,EMP0026,Worker_0026,RFID000026,Finishing,WS-04,AFTERNOON,4,2026-10-04T16:21:16,OK,HAPPY,36.72,88.4,97.7,0.274,38.52,MODERATE
718c956c-d768-4ba4-bf1e-d3cfc59ba80a,EMP0632,Worker_0632,RFID000632,Assembly,WS-02,AFTERNOON,4,2026-10-04T16:21:19,HAPPY,HAPPY,36.4,72.1,98.2,0.351,14.16,LOW
01cedb39-3901-4190-b0e7-7049f064025e,EMP0447,Worker_0447,RFID000447,Assembly,WS-01,AFTERNOON,4,2026-10-04T16:21:24,OK,OK,36.68,77.0,98.7,0.271,42.68,MODERATE
798ef796-2e73-462e-9355-17647d70dada,EMP0836,Worker_0836,RFID000836,Packaging,WS-02,AFTERNOON,4,2026-10-04T16:21:27,HAPPY,SAD,36.39,78.1,99.7,0.115,14.58,LOW
4a1a19b9-3bf8-4756-8111-9cd0bd21a45b,EMP0259,Worker_0259,RFID000259,Quality,WS-08,AFTERNOON,4,2026-10-04T16:21:29,HAPPY,OK,36.26,77.4,97.2,0.291,10.66,LOW
81f89507-369e-476a-80e0-0da5ddcb6321,EMP0951,Worker_0951,RFID000951,Quality,WS-07,AFTERNOON,4,2026-10-04T16:21:34,HAPPY,HAPPY,36.77,75.0,99.2,0.209,7.94,LOW
53b5b986-a279-403f-9e6e-62d91c681d5d,EMP0844,Worker_0844,RFID000844,Assembly,WS-07,AFTERNOON,4,2026-10-04T16:21:44,HAPPY,HAPPY,36.44,82.1,96.8,0.253,8.32,LOW
c44afb76-7c57-4c06-b795-205af23e2644,EMP0293,Worker_0293,RFID000293,Stores,WS-10,AFTERNOON,4,2026-10-04T16:21:59,HAPPY,OK,36.42,74.3,97.5,0.172,10.37,LOW
94d16145-98b3-41e1-9082-41606096dfaa,EMP0534,Worker_0534,RFID000534,Production,WS-07,AFTERNOON,4,2026-10-04T16:22:05,OK,OK,36.92,78.9,98.7,0.249,37.95,MODERATE
44142904-f3ab-4845-a6ab-db0dadec862f,EMP0094,Worker_0094,RFID000094,Maintenance,WS-02,AFTERNOON,4,2026-10-04T16:22:07,OK,SAD,36.36,81.5,97.2,0.25,38.79,MODERATE
cb91fd1f-0c0e-4a25-88bc-f3c58bbfb97f,EMP0861,Worker_0861,RFID000861,Quality,WS-09,AFTERNOON,4,2026-10-04T16:22:24,HAPPY,HAPPY,36.63,66.8,98.7,0.29,12.53,LOW
9bbd899e-77f4-4e57-b23f-21e01df817be,EMP0251,Worker_0251,RFID000251,Finishing,WS-09,AFTERNOON,4,2026-10-04T16:22:27,SAD,SAD,36.91,87.8,97.0,0.498,88.15,HIGH
a7d0e591-8010-4ff7-9f1a-a836e80c8a83,EMP0370,Worker_0370,RFID000370,Stores,WS-10,AFTERNOON,4,2026-10-04T16:22:29,OK,HAPPY,36.81,67.5,97.7,0.312,37.9,MODERATE
3dc0d0d4-ab1f-4d27-b1e3-3e3413ada2ad,EMP0454,Worker_0454,RFID000454,Packaging,WS-03,AFTERNOON,4,2026-10-04T16:22:29,OK,OK,36.29,68.9,97.9,0.323,34.66,LOW
eb290c99-9d4c-47fb-b0ec-b18763f9e199,EMP0786,Worker_0786,RFID000786,Quality,WS-08,AFTERNOON,4,2026-10-04T16:22:34,HAPPY,HAPPY,36.28,78.6,98.6,0.192,8.76,LOW
97f06d13-eb13-4bab-a06b-9944d805af78,EMP0691,Worker_0691,RFID000691,Maintenance,WS-09,AFTERNOON,4,2026-10-04T16:22:37,HAPPY,HAPPY,36.73,69.9,98.0,0.256,12.86,LOW
7931af4c-660c-4368-8b3d-f72f8e4abe4f,EMP0910,Worker_0910,RFID000910,Production,WS-01,AFTERNOON,4,2026-10-04T16:22:40,SAD,OK,36.97,95.4,96.4,0.393,78.97,HIGH
7c38560e-d0e0-4743-a551-eae8b37ee285,EMP0119,Worker_0119,RFID000119,Production,WS-05,AFTERNOON,4,2026-10-04T16:23:03,OK,SAD,36.65,81.1,98.0,0.334,41.85,MODERATE
e4fd0121-c6bc-4877-a704-c3811a29ed68,EMP0551,Worker_0551,RFID000551,Cutting,WS-07,AFTERNOON,4,2026-10-04T16:23:09,HAPPY,HAPPY,36.49,71.2,97.7,0.108,5.81,LOW
e3d5690e-2685-4b16-a6bb-949294f1f914,EMP0931,Worker_0931,RFID000931,Packaging,WS-05,AFTERNOON,4,2026-10-04T16:23:47,OK,HAPPY,36.59,73.4,98.0,0.362,33.79,LOW
984bcb22-3714-4a7a-b46c-e5c826c7380d,EMP0492,Worker_0492,RFID000492,Quality,WS-06,AFTERNOON,4,2026-10-04T16:23:55,OK,OK,36.5,87.0,98.5,0.209,37.46,MODERATE
0d846f5c-513a-4ee6-bcdc-4165e89ecad8,EMP0977,Worker_0977,RFID000977,Maintenance,WS-08,AFTERNOON,4,2026-10-04T16:24:01,SAD,OK,36.65,96.1,98.4,0.659,87.61,HIGH
306f2357-3ec4-48f7-9cf8-fb3f095a0d66,EMP0579,Worker_0579,RFID000579,Production,WS-10,AFTERNOON,4,2026-10-04T16:24:03,SAD,SAD,36.47,76.5,98.0,0.443,86.31,HIGH
9084bb6b-2dc0-43c7-b379-6579826bbefd,EMP0698,Worker_0698,RFID000698,Production,WS-05,AFTERNOON,4,2026-10-04T16:24:14,HAPPY,HAPPY,36.68,77.9,98.6,0.134,12.09,LOW
4a60d8fb-c7f9-43ea-a926-b3af51266d0c,EMP0099,Worker_0099,RFID000099,Cutting,WS-10,AFTERNOON,4,2026-10-04T16:24:39,OK,OK,36.61,81.4,98.4,0.279,33.79,LOW
b70f873a-6c9b-4a4a-9cc5-edcf7f3695b2,EMP0923,Worker_0923,RFID000923,Assembly,WS-10,AFTERNOON,4,2026-10-04T16:24:44,OK,HAPPY,36.46,70.6,96.1,0.366,35.58,MODERATE
04781847-0bfa-42ef-a671-183fd4a52315,EMP0062,Worker_0062,RFID000062,Packaging,WS-05,AFTERNOON,4,2026-10-04T16:24:47,OK,OK,36.27,73.9,96.3,0.301,34.0,LOW
b980a445-9441-4bd4-b651-4e5b1cb6edb1,EMP0874,Worker_0874,RFID000874,Cutting,WS-05,AFTERNOON,4,2026-10-04T16:25:23,HAPPY,HAPPY,36.21,84.1,98.4,0.326,14.28,LOW
ffb33102-8cfe-4d6f-9e22-e15cc3e416aa,EMP0829,Worker_0829,RFID000829,Quality,WS-03,AFTERNOON,4,2026-10-04T16:25:32,SAD,OK,36.82,87.6,96.9,0.541,83.4,HIGH
7921fb4f-c496-4f40-a68e-503de235554e,EMP0774,Worker_0774,RFID000774,Quality,WS-07,AFTERNOON,4,2026-10-04T16:25:33,OK,OK,36.92,87.8,99.3,0.438,44.56,MODERATE
dc789375-1e33-48bd-9961-6bc96cf1e9aa,EMP0437,Worker_0437,RFID000437,Finishing,WS-03,AFTERNOON,4,2026-10-04T16:26:10,SAD,SAD,36.41,82.6,95.9,0.576,89.43,HIGH
04ff95fb-bccf-4a00-abd5-1f5fab3f39d8,EMP0588,Worker_0588,RFID000588,Cutting,WS-03,AFTERNOON,4,2026-10-04T16:26:39,HAPPY,SAD,36.7,75.1,99.7,0.158,7.97,LOW
41e77a05-6fb1-4f17-9c99-059212bd43ff,EMP0242,Worker_0242,RFID000242,Finishing,WS-02,AFTERNOON,4,2026-10-04T16:27:31,OK,SAD,36.43,77.0,97.0,0.28,34.36,LOW
8e1ba44a-12bd-48d2-8799-f66fe417a14a,EMP0853,Worker_0853,RFID000853,Production,WS-05,AFTERNOON,4,2026-10-04T16:27:32,HAPPY,OK,36.51,70.2,99.0,0.19,6.8,LOW
affb6b08-4581-402a-9f75-c1524981e06f,EMP0346,Worker_0346,RFID000346,Quality,WS-06,AFTERNOON,4,2026-10-04T16:27:49,HAPPY,SAD,36.53,72.7,97.3,0.251,9.05,LOW
785cbafd-2ba6-4816-b878-a157313802be,EMP0947,Worker_0947,RFID000947,Stores,WS-08,AFTERNOON,4,2026-10-04T16:28:15,HAPPY,OK,36.55,80.3,99.1,0.134,9.4,LOW
3d22414a-1c56-46c7-9f90-266a4be56923,EMP0612,Worker_0612,RFID000612,Finishing,WS-10,AFTERNOON,4,2026-10-04T16:28:26,SAD,SAD,36.86,79.8,98.5,0.458,79.98,HIGH
19a4a23c-04f4-4c91-b58c-d7e3bed2220d,EMP0294,Worker_0294,RFID000294,Packaging,WS-07,AFTERNOON,4,2026-10-04T16:28:33,SAD,OK,36.27,85.8,98.8,0.72,88.38,HIGH
f1944974-97f7-4d1b-852f-d753e6db2046,EMP0436,Worker_0436,RFID000436,Production,WS-03,AFTERNOON,4,2026-10-04T16:28:35,HAPPY,OK,36.71,76.6,99.5,0.165,12.64,LOW
aba1d1bf-5cd8-4359-b576-7bd686522c02,EMP0754,Worker_0754,RFID000754,Stores,WS-04,AFTERNOON,4,2026-10-04T16:28:38,SAD,OK,36.84,92.7,97.6,0.593,92.47,HIGH
9d916ea1-bc22-4e48-b694-c22d1b775648,EMP0155,Worker_0155,RFID000155,Production,WS-09,AFTERNOON,4,2026-10-04T16:28:42,SAD,HAPPY,36.84,81.6,96.6,0.535,80.5,HIGH
29be1868-2376-4c9b-9cb3-0bb288534f54,EMP0362,Worker_0362,RFID000362,Maintenance,WS-01,AFTERNOON,4,2026-10-04T16:28:42,HAPPY,OK,36.36,73.1,98.6,0.312,14.94,LOW
588a2731-4296-4dc9-a187-998c1dcbae7a,EMP0162,Worker_0162,RFID000162,Production,WS-10,AFTERNOON,4,2026-10-04T16:29:09,HAPPY,SAD,36.51,82.0,98.7,0.296,5.1,LOW
6cf8c88c-7073-4555-ad16-efe016ee801b,EMP0379,Worker_0379,RFID000379,Cutting,WS-02,AFTERNOON,4,2026-10-04T16:29:11,HAPPY,HAPPY,36.21,77.6,98.1,0.382,8.98,LOW
2bc3474c-f41b-4f37-ab17-c2edb348d677,EMP0029,Worker_0029,RFID000029,Quality,WS-05,AFTERNOON,4,2026-10-04T16:29:13,OK,OK,36.68,78.4,96.5,0.436,45.93,MODERATE
cf9f672a-c04c-4054-80c3-dd393fc90a02,EMP0889,Worker_0889,RFID000889,Packaging,WS-05,AFTERNOON,4,2026-10-04T16:29:23,SAD,OK,36.43,86.7,96.1,0.524,77.55,HIGH
b14feeac-dbfc-4323-bf81-4944007b7a6f,EMP0007,Worker_0007,RFID000007,Assembly,WS-01,AFTERNOON,4,2026-10-04T16:29:47,OK,SAD,36.55,79.4,98.4,0.394,41.91,MODERATE
fdbe425e-a9f7-4305-9557-0d27cdf9201a,EMP0560,Worker_0560,RFID000560,Finishing,WS-06,AFTERNOON,4,2026-10-04T16:29:48,HAPPY,HAPPY,36.65,69.3,97.3,0.173,9.56,LOW
4ccea301-bdce-4850-bbe2-c0e1173c1ee3,EMP0509,Worker_0509,RFID000509,Finishing,WS-08,AFTERNOON,4,2026-10-04T16:29:55,HAPPY,HAPPY,36.58,65.1,97.3,0.121,10.64,LOW
7ec8fc68-fbd4-4333-94ec-abc1bdf997b5,EMP0409,Worker_0409,RFID000409,Maintenance,WS-06,AFTERNOON,4,2026-10-04T16:30:41,HAPPY,HAPPY,36.3,86.4,98.9,0.19,14.06,LOW
98907913-58e8-435e-add3-1e68253450b5,EMP0104,Worker_0104,RFID000104,Packaging,WS-07,AFTERNOON,4,2026-10-04T16:30:58,HAPPY,HAPPY,36.32,66.8,97.8,0.255,7.01,LOW
8f33ccca-03a6-4403-a7b1-7d963bb97362,EMP0891,Worker_0891,RFID000891,Production,WS-08,AFTERNOON,4,2026-10-04T16:31:09,HAPPY,OK,36.44,63.7,98.0,0.319,11.16,LOW
97e9b8e8-59ba-4ae6-9e2a-c09500b57cc8,EMP0157,Worker_0157,RFID000157,Assembly,WS-03,AFTERNOON,4,2026-10-04T16:31:12,OK,SAD,36.7,73.2,98.1,0.269,33.21,LOW
adcbce53-bf3d-4499-ac53-c67b4572c2ac,EMP0504,Worker_0504,RFID000504,Production,WS-01,AFTERNOON,4,2026-10-04T16:31:15,OK,HAPPY,36.66,77.2,97.7,0.318,42.12,MODERATE
21eafcae-a0fa-4787-98c8-1b02f34d1349,EMP0578,Worker_0578,RFID000578,Quality,WS-07,AFTERNOON,4,2026-10-04T16:31:21,OK,OK,36.3,67.6,98.7,0.209,34.73,LOW
123dc465-de76-4800-8f39-0a580fcbfea5,EMP0248,Worker_0248,RFID000248,Cutting,WS-09,AFTERNOON,4,2026-10-04T16:31:26,SAD,SAD,36.84,80.6,98.2,0.558,88.08,HIGH
bd2c978d-8c90-411a-a978-866b1137a9ce,EMP0613,Worker_0613,RFID000613,Stores,WS-08,AFTERNOON,4,2026-10-04T16:31:51,HAPPY,HAPPY,36.63,80.0,98.3,0.207,10.95,LOW
e7dd1373-ecdc-4851-b9e7-868968558106,EMP0480,Worker_0480,RFID000480,Finishing,WS-03,AFTERNOON,4,2026-10-04T16:31:52,OK,OK,36.62,85.9,98.5,0.504,45.56,MODERATE
0853e4fb-4eb8-4943-b3ef-cbb5e5f3de3f,EMP0989,Worker_0989,RFID000989,Cutting,WS-10,AFTERNOON,4,2026-10-04T16:32:15,SAD,OK,36.5,91.6,98.4,0.333,79.63,HIGH
a2ab2df2-836f-4b02-b670-3d295d1e3324,EMP0980,Worker_0980,RFID000980,Production,WS-09,AFTERNOON,4,2026-10-04T16:32:33,OK,HAPPY,36.55,81.3,97.9,0.356,34.89,LOW
840c4f6a-357d-4006-88ea-26f381c69302,EMP0143,Worker_0143,RFID000143,Stores,WS-10,AFTERNOON,4,2026-10-04T16:32:40,OK,HAPPY,36.21,72.3,99.0,0.496,42.41,MODERATE
30b50507-36b0-47d4-a993-9085c2a04d7a,EMP0361,Worker_0361,RFID000361,Production,WS-08,AFTERNOON,4,2026-10-04T16:32:50,HAPPY,SAD,36.79,77.4,96.7,0.346,9.74,LOW
5c42bb13-3039-47b6-b3bb-228c28d25b09,EMP0719,Worker_0719,RFID000719,Quality,WS-07,AFTERNOON,4,2026-10-04T16:33:04,OK,OK,36.29,76.5,97.4,0.29,34.69,LOW
2d23447b-56c9-467c-9d4b-ee34183b75b1,EMP0333,Worker_0333,RFID000333,Packaging,WS-08,AFTERNOON,4,2026-10-04T16:33:18,HAPPY,OK,36.37,63.7,98.4,0.209,8.78,LOW
8399bd4f-54a0-430a-b01b-fc5c9bd13455,EMP0897,Worker_0897,RFID000897,Cutting,WS-07,AFTERNOON,4,2026-10-04T16:33:23,HAPPY,HAPPY,36.38,71.9,97.5,0.443,10.71,LOW
82f35b73-f81e-4c22-852d-39aa7ad3ac10,EMP0784,Worker_0784,RFID000784,Production,WS-05,AFTERNOON,4,2026-10-04T16:33:30,HAPPY,HAPPY,36.29,72.8,97.7,0.395,9.83,LOW
d849ec26-69d4-4e7b-8771-5abec677366f,EMP0489,Worker_0489,RFID000489,Stores,WS-09,AFTERNOON,4,2026-10-04T16:33:41,OK,SAD,36.69,77.0,97.0,0.247,36.86,MODERATE
ba53a0c1-dedf-4d27-9930-afd058516b16,EMP0054,Worker_0054,RFID000054,Assembly,WS-10,AFTERNOON,4,2026-10-04T16:33:43,SAD,SAD,36.65,87.1,98.0,0.56,92.13,HIGH
cf9e3f98-2b3f-4e6f-87ef-d47388168767,EMP0053,Worker_0053,RFID000053,Stores,WS-01,AFTERNOON,4,2026-10-04T16:33:55,HAPPY,HAPPY,36.79,70.7,96.8,0.379,9.04,LOW
81d104a5-eb91-4630-a8f6-c5490426f82b,EMP0329,Worker_0329,RFID000329,Stores,WS-09,AFTERNOON,4,2026-10-04T16:34:09,HAPPY,HAPPY,36.54,73.7,97.0,0.254,6.95,LOW
0b145db1-0a55-4235-9a4c-a63be22f01a2,EMP0286,Worker_0286,RFID000286,Cutting,WS-06,AFTERNOON,4,2026-10-04T16:34:23,OK,SAD,36.45,86.9,98.4,0.36,37.14,MODERATE
38d521cc-f87a-463c-9727-de90f177b7d7,EMP0347,Worker_0347,RFID000347,Finishing,WS-08,AFTERNOON,4,2026-10-04T16:34:26,OK,SAD,36.37,67.7,99.4,0.215,34.63,LOW
c11505ac-4996-4fe8-98b3-eaae76d15d16,EMP0863,Worker_0863,RFID000863,Maintenance,WS-08,AFTERNOON,4,2026-10-04T16:34:30,HAPPY,OK,36.77,74.2,98.9,0.368,12.69,LOW
6f94bed1-d3a1-4319-bb03-3c9b227b1962,EMP0177,Worker_0177,RFID000177,Stores,WS-02,AFTERNOON,4,2026-10-04T16:34:57,OK,OK,36.29,75.0,97.5,0.28,38.67,MODERATE
62d7f6a1-05ca-4aa1-b2ab-0dc43dbad6bd,EMP0021,Worker_0021,RFID000021,Quality,WS-03,AFTERNOON,4,2026-10-04T16:34:58,SAD,OK,36.96,99.1,96.9,0.602,93.3,HIGH
f8faaff1-f4a2-4180-90e0-c8341d5b03a0,EMP0881,Worker_0881,RFID000881,Production,WS-05,AFTERNOON,4,2026-10-04T16:35:11,SAD,SAD,36.85,88.1,97.4,0.344,82.37,HIGH
34908e9c-5c98-4230-85b9-cf5051df64b2,EMP0740,Worker_0740,RFID000740,Stores,WS-02,AFTERNOON,4,2026-10-04T16:35:21,SAD,HAPPY,36.71,100.3,96.7,0.564,91.33,HIGH
447e4996-7342-4fac-95b6-b9d2b0d9b4ec,EMP0461,Worker_0461,RFID000461,Maintenance,WS-06,AFTERNOON,4,2026-10-04T16:35:25,OK,HAPPY,36.73,66.0,97.3,0.18,34.9,LOW
46aff14b-ff45-416e-b0c9-560a03d6dbe8,EMP0004,Worker_0004,RFID000004,Quality,WS-07,AFTERNOON,4,2026-10-04T16:35:28,HAPPY,HAPPY,36.18,70.6,98.6,0.205,12.59,LOW
a040d824-327f-40b8-ab0b-904b73d199e4,EMP0151,Worker_0151,RFID000151,Quality,WS-10,AFTERNOON,4,2026-10-04T16:35:32,OK,HAPPY,36.83,72.6,96.4,0.206,42.67,MODERATE
e39953d8-cdd2-4a0b-a820-890b96383c24,EMP0955,Worker_0955,RFID000955,Maintenance,WS-05,AFTERNOON,4,2026-10-04T16:35:51,HAPPY,HAPPY,36.29,83.0,98.7,0.104,6.91,LOW
abe3c9e8-1545-40f8-a3d0-d6bcf90d1eed,EMP0884,Worker_0884,RFID000884,Production,WS-03,AFTERNOON,4,2026-10-04T16:36:20,HAPPY,OK,36.42,77.3,97.8,0.157,12.79,LOW
2dfe95e9-ff0d-4875-bafe-ae52ba366e54,EMP0223,Worker_0223,RFID000223,Stores,WS-06,AFTERNOON,4,2026-10-04T16:36:36,OK,HAPPY,36.46,80.5,97.9,0.458,46.11,MODERATE
e7699a69-7b96-4292-b3aa-5cf3e5b2c917,EMP0170,Worker_0170,RFID000170,Assembly,WS-05,AFTERNOON,4,2026-10-04T16:36:50,OK,HAPPY,36.47,78.9,97.6,0.222,38.65,MODERATE
b8db03cb-2fbe-4fa6-9ffd-edde9225bfcd,EMP0142,Worker_0142,RFID000142,Maintenance,WS-10,AFTERNOON,4,2026-10-04T16:36:55,HAPPY,HAPPY,36.58,71.3,98.2,0.278,11.06,LOW
1a600a66-7f0a-4a6a-8929-f8083741f6a8,EMP0357,Worker_0357,RFID000357,Stores,WS-01,AFTERNOON,4,2026-10-04T16:37:06,OK,OK,36.4,80.0,97.5,0.364,36.82,MODERATE
b27d20c3-6e55-4d55-ad23-df3355148c40,EMP0423,Worker_0423,RFID000423,Finishing,WS-06,AFTERNOON,4,2026-10-04T16:37:20,HAPPY,OK,36.49,83.2,97.3,0.15,6.68,LOW
37aeec66-8054-4d3f-a032-37272c88d88d,EMP0758,Worker_0758,RFID000758,Production,WS-02,AFTERNOON,4,2026-10-04T16:37:24,SAD,HAPPY,36.5,91.4,97.1,0.356,80.6,HIGH
e3c2eb8a-5ecc-4e05-bf28-c760716a552f,EMP0885,Worker_0885,RFID000885,Assembly,WS-04,AFTERNOON,4,2026-10-04T16:37:39,HAPPY,OK,36.37,66.9,96.8,0.403,12.48,LOW
7fab7cbd-7093-4a1c-b605-77e06b4184ab,EMP0692,Worker_0692,RFID000692,Production,WS-05,AFTERNOON,4,2026-10-04T16:38:06,HAPPY,HAPPY,36.37,68.6,98.7,0.258,14.87,LOW
5adecf7a-aed3-450d-b2ab-90c98530461a,EMP0997,Worker_0997,RFID000997,Cutting,WS-08,AFTERNOON,4,2026-10-04T16:38:50,HAPPY,HAPPY,36.51,73.3,99.2,0.247,11.43,LOW
dbd8e309-9854-4d5b-a081-212984b7b3f8,EMP0229,Worker_0229,RFID000229,Quality,WS-06,AFTERNOON,4,2026-10-04T16:39:28,SAD,OK,36.45,95.6,96.6,0.313,76.01,HIGH
b42eb12e-e0fb-41bc-bb27-2c847d3bf250,EMP0150,Worker_0150,RFID000150,Packaging,WS-02,AFTERNOON,4,2026-10-04T16:39:30,HAPPY,OK,36.5,82.0,98.6,0.317,9.46,LOW
3394edc5-ef83-487e-8678-4b2ba34e8177,EMP0050,Worker_0050,RFID000050,Packaging,WS-05,AFTERNOON,4,2026-10-04T16:39:50,HAPPY,HAPPY,36.5,66.7,98.6,0.096,11.45,LOW
bdd37376-94b3-427f-bd50-5cc627cb3a10,EMP0122,Worker_0122,RFID000122,Cutting,WS-07,AFTERNOON,4,2026-10-04T16:40:03,SAD,SAD,36.99,89.4,98.6,0.426,91.96,HIGH
9420cce5-3e1f-47e1-ae69-9ba33ddb78be,EMP0477,Worker_0477,RFID000477,Production,WS-08,AFTERNOON,4,2026-10-04T16:40:10,HAPPY,OK,36.14,83.3,98.6,0.271,7.94,LOW
35b365ad-0574-4e26-bb39-585f47766f12,EMP0716,Worker_0716,RFID000716,Quality,WS-07,AFTERNOON,4,2026-10-04T16:41:03,SAD,SAD,36.7,79.6,96.6,0.526,85.68,HIGH
826be906-14c6-44cd-9dae-768b7af435d0,EMP0970,Worker_0970,RFID000970,Quality,WS-07,AFTERNOON,4,2026-10-04T16:41:26,OK,HAPPY,36.38,81.5,98.3,0.188,42.65,MODERATE
2e4d3a62-85ba-4ddd-8e0d-00424ef00753,EMP0823,Worker_0823,RFID000823,Maintenance,WS-09,AFTERNOON,4,2026-10-04T16:42:07,HAPPY,SAD,36.44,74.7,97.7,0.234,14.54,LOW
a08519e1-160d-46e1-85fc-7f28397eaabc,EMP0855,Worker_0855,RFID000855,Stores,WS-07,AFTERNOON,4,2026-10-04T16:42:15,HAPPY,HAPPY,36.68,74.4,99.2,0.319,12.71,LOW
86f54eba-3be7-46ec-a24b-710a60ee02f9,EMP0973,Worker_0973,RFID000973,Production,WS-06,AFTERNOON,4,2026-10-04T16:42:20,OK,HAPPY,36.73,83.5,98.8,0.276,39.64,MODERATE
e15ae4fd-e801-40f5-ad94-d0887c32b0a3,EMP0533,Worker_0533,RFID000533,Packaging,WS-09,AFTERNOON,4,2026-10-04T16:42:26,OK,OK,36.61,79.4,98.7,0.342,41.76,MODERATE
8cef2bb4-5ed8-4ec2-a7d0-3988d53e5ea5,EMP0314,Worker_0314,RFID000314,Assembly,WS-09,AFTERNOON,4,2026-10-04T16:42:32,OK,OK,36.29,77.0,98.8,0.44,40.5,MODERATE
39304bcd-da1a-4dcb-87c2-5b12b5aaf420,EMP0310,Worker_0310,RFID000310,Cutting,WS-03,AFTERNOON,4,2026-10-04T16:42:46,SAD,OK,36.4,94.2,98.5,0.414,84.69,HIGH
5de02dfb-884f-44f8-966f-6b30a6c9951e,EMP0093,Worker_0093,RFID000093,Assembly,WS-09,AFTERNOON,4,2026-10-04T16:42:47,HAPPY,HAPPY,36.53,81.9,98.4,0.308,6.17,LOW
bedc7874-d34a-401f-b3e3-eb71c14f018f,EMP0197,Worker_0197,RFID000197,Finishing,WS-04,AFTERNOON,4,2026-10-04T16:43:06,SAD,SAD,36.61,87.3,97.7,0.531,83.89,HIGH
f68811a8-012f-4007-a2ae-47292244cca9,EMP0824,Worker_0824,RFID000824,Finishing,WS-10,AFTERNOON,4,2026-10-04T16:43:17,HAPPY,OK,36.59,82.7,99.1,0.15,11.44,LOW
f9ea6cdc-3c12-4310-a098-f07716824cc0,EMP0747,Worker_0747,RFID000747,Production,WS-10,AFTERNOON,4,2026-10-04T16:43:39,OK,OK,36.53,83.8,99.5,0.239,37.07,MODERATE
9c2e69cd-671a-4eda-b627-24aca451df0b,EMP0810,Worker_0810,RFID000810,Cutting,WS-04,AFTERNOON,4,2026-10-04T16:44:00,OK,HAPPY,36.52,75.5,98.0,0.313,38.47,MODERATE
01dd8dd0-25a5-4ec3-ac6c-e718bf467fb5,EMP0648,Worker_0648,RFID000648,Finishing,WS-04,AFTERNOON,4,2026-10-04T16:44:11,OK,OK,36.27,81.4,97.7,0.334,33.93,LOW
43140b8a-7050-46a7-a341-360c1d54c808,EMP0411,Worker_0411,RFID000411,Finishing,WS-08,AFTERNOON,4,2026-10-04T16:44:18,SAD,HAPPY,36.46,82.2,97.5,0.488,75.88,HIGH
a036b637-1ee3-4a61-a687-bf8e94ceb8c8,EMP0514,Worker_0514,RFID000514,Cutting,WS-07,AFTERNOON,4,2026-10-04T16:44:23,SAD,OK,36.28,94.5,98.0,0.433,88.07,HIGH
32b98bc8-d4a7-46d2-93f1-3dea3836225b,EMP0508,Worker_0508,RFID000508,Cutting,WS-06,AFTERNOON,4,2026-10-04T16:45:15,OK,OK,36.76,78.7,98.7,0.427,43.94,MODERATE
8d3afdaf-0e7d-433a-8d38-00af4db08ef6,EMP0328,Worker_0328,RFID000328,Quality,WS-02,AFTERNOON,4,2026-10-04T16:45:27,HAPPY,HAPPY,36.32,62.8,98.0,0.238,14.6,LOW
f23d2f2f-d810-44ef-9dd9-53c5c4b01138,EMP0706,Worker_0706,RFID000706,Maintenance,WS-10,AFTERNOON,4,2026-10-04T16:45:38,SAD,HAPPY,36.55,82.8,97.2,0.71,83.26,HIGH
e7006f07-2b55-42b2-9866-65e4e18c4eeb,EMP0428,Worker_0428,RFID000428,Stores,WS-10,AFTERNOON,4,2026-10-04T16:45:40,HAPPY,OK,36.51,68.3,97.8,0.419,10.29,LOW
3d407b60-edb9-4591-a5f1-4b1898dc62f5,EMP0395,Worker_0395,RFID000395,Production,WS-06,AFTERNOON,4,2026-10-04T16:46:08,SAD,OK,36.57,99.6,96.7,0.609,91.93,HIGH
a686482c-f792-441c-9dff-3fefc6bbda53,EMP0440,Worker_0440,RFID000440,Cutting,WS-06,AFTERNOON,4,2026-10-04T16:46:19,OK,HAPPY,36.46,80.7,97.5,0.457,42.07,MODERATE
209edc2e-519e-4c32-9e23-bb8a6ef7a7fb,EMP0908,Worker_0908,RFID000908,Maintenance,WS-10,AFTERNOON,4,2026-10-04T16:46:56,OK,OK,36.65,80.2,98.2,0.424,44.87,MODERATE
a230edad-85ed-4bac-8135-dcd6f56d97d5,EMP0690,Worker_0690,RFID000690,Assembly,WS-05,AFTERNOON,4,2026-10-04T16:47:30,HAPPY,OK,36.09,72.0,97.3,0.205,12.7,LOW
de1c58a5-9761-499b-a559-1eeba2239fe9,EMP0641,Worker_0641,RFID000641,Maintenance,WS-05,AFTERNOON,4,2026-10-04T16:47:32,OK,OK,36.57,79.6,97.3,0.29,39.8,MODERATE
fd7f06b0-2a06-41ee-95ef-87a0889798f0,EMP0289,Worker_0289,RFID000289,Packaging,WS-04,AFTERNOON,4,2026-10-04T16:47:38,OK,OK,36.34,74.6,97.4,0.297,37.2,MODERATE
b58e4bbe-7c94-498c-bb2c-83c829057c1b,EMP0035,Worker_0035,RFID000035,Assembly,WS-03,AFTERNOON,4,2026-10-04T16:48:10,OK,SAD,36.28,71.0,98.9,0.216,39.19,MODERATE
bbc4aba2-8ecf-4d8f-b8fa-428e09be4b37,EMP0262,Worker_0262,RFID000262,Maintenance,WS-05,AFTERNOON,4,2026-10-04T16:48:17,OK,OK,36.7,80.6,97.6,0.515,43.5,MODERATE
76a89f71-d59e-434e-a2d8-9bbade885251,EMP0257,Worker_0257,RFID000257,Quality,WS-07,AFTERNOON,4,2026-10-04T16:48:47,SAD,OK,36.66,94.1,97.5,0.639,85.56,HIGH
32068d2a-393c-4d85-8596-f00ffaa7e0a2,EMP0013,Worker_0013,RFID000013,Cutting,WS-10,AFTERNOON,4,2026-10-04T16:48:52,HAPPY,HAPPY,36.11,73.0,99.1,0.257,5.54,LOW
37814503-aecb-4c52-9f41-fc90e88d1143,EMP0976,Worker_0976,RFID000976,Packaging,WS-03,AFTERNOON,4,2026-10-04T16:49:02,HAPPY,HAPPY,36.54,70.4,98.9,0.374,7.71,LOW
5b5a3ceb-f73e-49aa-84b8-b10419feda0b,EMP0138,Worker_0138,RFID000138,Stores,WS-03,AFTERNOON,4,2026-10-04T16:49:21,OK,OK,36.46,72.2,98.8,0.142,38.87,MODERATE
4179ec96-a196-41be-af94-06789a1dff42,EMP0140,Worker_0140,RFID000140,Maintenance,WS-06,AFTERNOON,4,2026-10-04T16:49:32,OK,SAD,36.49,86.0,97.5,0.354,38.78,MODERATE
a1adc4c9-91b0-422f-96f4-4c35d9f6a2be,EMP0482,Worker_0482,RFID000482,Stores,WS-05,AFTERNOON,4,2026-10-04T16:49:41,HAPPY,HAPPY,36.45,82.2,97.7,0.22,15.0,LOW
8aa779e4-1183-4dca-950c-f080d2d2e4cc,EMP0983,Worker_0983,RFID000983,Maintenance,WS-10,AFTERNOON,4,2026-10-04T16:49:48,HAPPY,HAPPY,36.29,64.8,96.6,0.142,6.17,LOW
b3470a9e-1191-4b0e-9172-6f1ae38c851c,EMP0811,Worker_0811,RFID000811,Finishing,WS-04,AFTERNOON,4,2026-10-04T16:50:27,HAPPY,HAPPY,36.37,71.4,98.7,0.211,9.27,LOW
e3717eae-0e23-41fc-8366-b90f5f1b42f0,EMP0962,Worker_0962,RFID000962,Assembly,WS-06,AFTERNOON,4,2026-10-04T16:50:32,OK,HAPPY,36.55,82.7,97.2,0.297,33.52,LOW
524c28f8-fde5-493a-8026-91fb97f4df97,EMP0778,Worker_0778,RFID000778,Assembly,WS-03,AFTERNOON,4,2026-10-04T16:50:33,HAPPY,HAPPY,36.58,82.4,99.0,0.298,9.22,LOW
f93e007b-caf5-4c15-8b42-d608c41be306,EMP0752,Worker_0752,RFID000752,Quality,WS-01,AFTERNOON,4,2026-10-04T16:50:46,HAPPY,OK,36.43,74.2,97.5,0.199,12.83,LOW
cbc82e5a-ac6b-4372-8774-0dd50f6524be,EMP0988,Worker_0988,RFID000988,Cutting,WS-09,AFTERNOON,4,2026-10-04T16:50:54,SAD,HAPPY,36.53,76.0,97.2,0.582,76.6,HIGH
3e81240e-492c-4eac-98cd-3cc35e250966,EMP0381,Worker_0381,RFID000381,Packaging,WS-03,AFTERNOON,4,2026-10-04T16:51:05,SAD,SAD,37.01,95.3,96.7,0.273,89.13,HIGH
3edaba77-05db-4d0c-ba1b-2175defbde02,EMP0114,Worker_0114,RFID000114,Assembly,WS-01,AFTERNOON,4,2026-10-04T16:51:11,OK,SAD,36.72,90.5,97.5,0.247,49.77,MODERATE
09aa01ae-1040-4051-9485-b1f5ed9068d7,EMP0502,Worker_0502,RFID000502,Assembly,WS-05,AFTERNOON,4,2026-10-04T16:51:16,HAPPY,HAPPY,36.44,78.8,98.4,0.198,11.48,LOW
a9887b81-e50b-45d7-a53c-41ebf10e61ca,EMP0911,Worker_0911,RFID000911,Finishing,WS-08,AFTERNOON,4,2026-10-04T16:51:16,SAD,SAD,36.41,76.9,99.1,0.431,81.13,HIGH
83ab2f07-ab47-4400-ae8b-096409f7d368,EMP0129,Worker_0129,RFID000129,Stores,WS-06,AFTERNOON,4,2026-10-04T16:51:21,HAPPY,HAPPY,36.34,70.9,97.6,0.133,8.74,LOW
ea1e1ec7-f6e5-41b4-89c2-563edb554a10,EMP0628,Worker_0628,RFID000628,Stores,WS-04,AFTERNOON,4,2026-10-04T16:51:27,HAPPY,HAPPY,36.66,71.2,98.4,0.336,8.36,LOW
c3f6ac2c-f734-46f5-acdf-cd024a4fa503,EMP0450,Worker_0450,RFID000450,Production,WS-03,AFTERNOON,4,2026-10-04T16:51:30,HAPPY,OK,36.56,76.8,97.1,0.172,14.99,LOW
e3df3b02-abe7-464d-8e42-eed6abbc0cf4,EMP0332,Worker_0332,RFID000332,Cutting,WS-05,AFTERNOON,4,2026-10-04T16:51:33,OK,SAD,36.34,78.2,97.3,0.221,42.46,MODERATE
6efe7bb0-1e18-4446-9676-09bf2129d7c7,EMP0060,Worker_0060,RFID000060,Stores,WS-08,AFTERNOON,4,2026-10-04T16:51:44,OK,OK,36.75,75.3,97.7,0.427,37.47,MODERATE
3373e4bf-3425-4079-bd71-7e204e87b83a,EMP0870,Worker_0870,RFID000870,Cutting,WS-08,AFTERNOON,4,2026-10-04T16:51:46,OK,OK,36.82,72.1,99.1,0.376,36.29,MODERATE
2084287a-4425-45e2-96a0-e145e7e4066f,EMP0226,Worker_0226,RFID000226,Maintenance,WS-08,AFTERNOON,4,2026-10-04T16:51:56,HAPPY,HAPPY,36.6,71.3,98.1,0.289,8.55,LOW
2e6ad8c0-2a3f-4c9e-8ce2-38a80e777620,EMP0473,Worker_0473,RFID000473,Cutting,WS-10,AFTERNOON,4,2026-10-04T16:51:59,OK,OK,36.61,74.8,97.7,0.493,39.85,MODERATE
c5dfbf59-f4a0-4c8e-8a45-96cc2c1d65a2,EMP0079,Worker_0079,RFID000079,Production,WS-01,AFTERNOON,4,2026-10-04T16:52:23,OK,SAD,36.38,85.1,96.4,0.144,38.13,MODERATE
9722acf5-1202-4e14-9c22-61ebd8e303d0,EMP0727,Worker_0727,RFID000727,Quality,WS-08,AFTERNOON,4,2026-10-04T16:52:26,HAPPY,OK,36.52,86.7,96.6,0.308,12.49,LOW
3c414bca-d2dd-4a17-a13e-65243726279c,EMP0483,Worker_0483,RFID000483,Assembly,WS-08,AFTERNOON,4,2026-10-04T16:52:53,HAPPY,HAPPY,36.64,74.8,98.1,0.171,7.06,LOW
97ceb09f-acb0-4fdc-806d-d7ba5726b8fb,EMP0121,Worker_0121,RFID000121,Packaging,WS-04,AFTERNOON,4,2026-10-04T16:52:57,OK,OK,36.49,80.6,99.3,0.175,41.77,MODERATE
51d66d6b-8525-4cd7-bea2-e5ad254659ad,EMP0065,Worker_0065,RFID000065,Cutting,WS-04,AFTERNOON,4,2026-10-04T16:53:04,SAD,HAPPY,36.83,80.0,98.1,0.226,74.44,HIGH
c140ba51-5dd0-4a9a-87cc-f055bc02ea69,EMP0819,Worker_0819,RFID000819,Packaging,WS-01,AFTERNOON,4,2026-10-04T16:54:07,OK,HAPPY,36.4,76.8,96.9,0.211,40.34,MODERATE
70412fea-cd33-4629-9d06-0ca3f8cf8cd8,EMP0843,Worker_0843,RFID000843,Cutting,WS-03,AFTERNOON,4,2026-10-04T16:54:16,SAD,OK,36.57,88.1,97.5,0.445,77.48,HIGH
785e4950-4984-476e-ba81-ffa72eb3e0c4,EMP0883,Worker_0883,RFID000883,Maintenance,WS-05,AFTERNOON,4,2026-10-04T16:54:34,OK,HAPPY,36.62,83.6,96.9,0.331,39.59,MODERATE
2e1c0f08-c5f8-4af4-8bcb-7108adc43e60,EMP0700,Worker_0700,RFID000700,Packaging,WS-07,AFTERNOON,4,2026-10-04T16:54:41,OK,HAPPY,36.41,78.1,99.5,0.421,37.4,MODERATE
97574d6a-e0e2-4769-81f1-2bd62f282a51,EMP0386,Worker_0386,RFID000386,Production,WS-06,AFTERNOON,4,2026-10-04T16:54:51,OK,HAPPY,36.39,90.7,98.9,0.44,47.75,MODERATE
f870df91-58e4-4214-be2a-af1be3b58223,EMP0517,Worker_0517,RFID000517,Packaging,WS-08,AFTERNOON,4,2026-10-04T16:54:55,HAPPY,OK,36.36,82.7,97.3,0.233,6.75,LOW
061417cd-acf5-4cba-b77f-171d48505825,EMP0592,Worker_0592,RFID000592,Packaging,WS-07,AFTERNOON,4,2026-10-04T16:55:01,OK,OK,36.79,76.9,96.7,0.312,38.47,MODERATE
d6b69a92-85e1-4f71-978d-b41f6395b29c,EMP0602,Worker_0602,RFID000602,Stores,WS-06,AFTERNOON,4,2026-10-04T16:55:07,OK,HAPPY,36.42,79.8,98.6,0.291,41.49,MODERATE
f794c2fc-19f1-452e-b59b-90d814b76a1f,EMP0986,Worker_0986,RFID000986,Cutting,WS-05,AFTERNOON,4,2026-10-04T16:55:29,OK,SAD,36.82,77.4,99.0,0.325,42.61,MODERATE
6decaed8-af13-4936-9e51-58b9c71c5a65,EMP0991,Worker_0991,RFID000991,Packaging,WS-01,AFTERNOON,4,2026-10-04T16:56:09,OK,SAD,36.5,70.9,98.4,0.275,38.57,MODERATE
355553a6-ff7a-45e3-a810-03787e8d2f3b,EMP0475,Worker_0475,RFID000475,Maintenance,WS-05,AFTERNOON,4,2026-10-04T16:56:24,OK,SAD,36.73,82.0,98.1,0.253,36.12,MODERATE
cdf79f61-f5ff-4e2e-8d44-b5abaeb9b944,EMP0431,Worker_0431,RFID000431,Stores,WS-01,AFTERNOON,4,2026-10-04T16:56:26,HAPPY,OK,36.49,70.3,99.2,0.294,10.95,LOW
ce008a9d-68f4-48e1-bed6-3294e00e673f,EMP0169,Worker_0169,RFID000169,Stores,WS-10,AFTERNOON,4,2026-10-04T16:57:07,HAPPY,HAPPY,36.76,72.9,97.4,0.294,5.25,LOW
471d7b59-aae8-4ca9-a773-0a98d1b0f4b9,EMP0225,Worker_0225,RFID000225,Packaging,WS-02,AFTERNOON,4,2026-10-04T16:57:13,OK,HAPPY,36.4,72.6,97.5,0.359,42.63,MODERATE
b5ed6a5c-d884-470f-aea7-0b3b8366c273,EMP0751,Worker_0751,RFID000751,Maintenance,WS-10,AFTERNOON,4,2026-10-04T16:57:24,HAPPY,HAPPY,36.21,70.9,98.2,0.169,9.78,LOW
83da367b-dd2a-4d57-a2cf-0a942bb1a66e,EMP0452,Worker_0452,RFID000452,Finishing,WS-10,AFTERNOON,4,2026-10-04T16:57:26,OK,SAD,36.56,85.0,97.3,0.457,44.06,MODERATE
77ed2553-3ef8-4908-bf4a-48b0b1a43655,EMP0002,Worker_0002,RFID000002,Assembly,WS-10,AFTERNOON,4,2026-10-04T16:57:41,HAPPY,HAPPY,36.32,77.6,98.2,0.244,12.35,LOW
d9d8aec6-d02e-40af-9507-bda96c44a686,EMP0767,Worker_0767,RFID000767,Stores,WS-05,AFTERNOON,4,2026-10-04T16:58:00,HAPPY,HAPPY,36.76,72.7,98.0,0.343,14.33,LOW
14b15016-1363-48b0-adb1-496602b25f96,EMP0645,Worker_0645,RFID000645,Maintenance,WS-08,AFTERNOON,4,2026-10-04T16:58:04,HAPPY,OK,36.37,81.2,99.9,0.186,14.0,LOW
bb642fe2-6961-4961-a72e-1df98802ec60,EMP0559,Worker_0559,RFID000559,Production,WS-09,AFTERNOON,4,2026-10-04T16:58:07,HAPPY,HAPPY,36.53,75.4,97.4,0.05,5.44,LOW
034182d6-0976-43ca-893f-83cd8dbaa7d9,EMP0028,Worker_0028,RFID000028,Cutting,WS-06,AFTERNOON,4,2026-10-04T16:58:09,HAPPY,OK,36.23,78.1,97.3,0.235,10.96,LOW
bfa922f5-883b-4c6d-a4fb-ca7d0d87e26a,EMP0922,Worker_0922,RFID000922,Assembly,WS-09,AFTERNOON,4,2026-10-04T16:59:29,HAPPY,OK,36.33,72.4,98.2,0.27,7.55,LOW
cf0d5e0b-9474-41e3-9ba2-46e856bff49d,EMP0292,Worker_0292,RFID000292,Packaging,WS-09,AFTERNOON,4,2026-10-04T16:59:34,HAPPY,SAD,36.7,73.0,97.2,0.201,5.38,LOW
389bc208-6198-4dc8-8832-fef5e3c25237,EMP0036,Worker_0036,RFID000036,Packaging,WS-10,AFTERNOON,4,2026-10-04T16:59:38,HAPPY,HAPPY,36.42,73.5,98.4,0.339,11.51,LOW
34acb4c5-57fb-43d6-9516-c9a4e080b874,EMP0464,Worker_0464,RFID000464,Stores,WS-01,AFTERNOON,4,2026-10-04T16:59:45,OK,HAPPY,36.4,79.1,97.5,0.262,36.63,MODERATE
98df7a33-53c9-468f-bed4-8d1c530ba18d,EMP0858,Worker_0858,RFID000858,Quality,WS-10,AFTERNOON,4,2026-10-04T16:59:55,HAPPY,SAD,36.56,78.9,97.9,0.3,11.99,LOW
970ab7e5-abec-492e-bce5-94dd52920b78,EMP0519,Worker_0519,RFID000519,Maintenance,WS-09,AFTERNOON,4,2026-10-04T16:59:59,HAPPY,HAPPY,36.55,81.1,98.2,0.099,13.91,LOW
242d8ce5-fadb-418e-b0bd-766a2cfd5249,EMP0541,Worker_0541,RFID000541,Quality,WS-09,AFTERNOON,5,2026-10-05T13:00:03,HAPPY,HAPPY,36.61,71.0,98.1,0.311,14.21,LOW
26b336c0-ceea-4546-8e42-5567aa0969ab,EMP0184,Worker_0184,RFID000184,Assembly,WS-02,AFTERNOON,5,2026-10-05T13:00:30,OK,OK,36.51,84.7,97.9,0.273,34.08,LOW
128f252d-7e7d-4616-b491-4e9b15ce682d,EMP0236,Worker_0236,RFID000236,Assembly,WS-09,AFTERNOON,5,2026-10-05T13:00:58,HAPPY,OK,36.48,77.6,98.2,0.146,5.34,LOW
35c683ec-b48a-4318-96d2-5cbd4bcc0c18,EMP0044,Worker_0044,RFID000044,Maintenance,WS-01,AFTERNOON,5,2026-10-05T13:01:08,HAPPY,HAPPY,36.63,64.6,98.6,0.253,8.15,LOW
c1d47dd6-9330-4b16-ada9-e27281007123,EMP0899,Worker_0899,RFID000899,Stores,WS-08,AFTERNOON,5,2026-10-05T13:01:08,SAD,SAD,36.5,84.5,97.7,0.56,91.37,HIGH
f89b9f05-aadd-44c3-af40-ca9a9a9298ac,EMP0097,Worker_0097,RFID000097,Production,WS-05,AFTERNOON,5,2026-10-05T13:01:48,HAPPY,HAPPY,36.48,80.9,98.8,0.212,9.41,LOW
cd66d9eb-f81e-4186-a1d0-ee747cdf23b8,EMP0021,Worker_0021,RFID000021,Quality,WS-03,AFTERNOON,5,2026-10-05T13:02:28,SAD,SAD,36.92,93.7,96.9,0.46,95.39,HIGH
73a3c850-28d2-4c94-9570-84cf54cf8e93,EMP0675,Worker_0675,RFID000675,Maintenance,WS-09,AFTERNOON,5,2026-10-05T13:02:45,HAPPY,OK,36.41,74.3,98.2,0.143,12.98,LOW
c9655527-19ea-49e6-b9bf-c8e8f8d7ffe9,EMP0156,Worker_0156,RFID000156,Cutting,WS-02,AFTERNOON,5,2026-10-05T13:02:46,OK,OK,36.75,73.4,97.3,0.268,35.4,MODERATE
b7f65fb8-6fd9-4ee3-bc90-e527e4f6cdb0,EMP0431,Worker_0431,RFID000431,Stores,WS-01,AFTERNOON,5,2026-10-05T13:02:55,OK,HAPPY,36.65,72.8,98.8,0.33,41.86,MODERATE
f48625ad-6db6-4e2d-aea8-bd77d43268dd,EMP0912,Worker_0912,RFID000912,Quality,WS-08,AFTERNOON,5,2026-10-05T13:03:19,HAPPY,OK,36.38,76.3,97.4,0.262,12.11,LOW
e22370e0-101e-4e1f-be87-fbaedccaa45d,EMP0380,Worker_0380,RFID000380,Quality,WS-03,AFTERNOON,5,2026-10-05T13:03:34,OK,OK,36.53,65.4,98.2,0.194,41.76,MODERATE
2a897db1-d0b7-4654-91b5-c32dfe1aa129,EMP0633,Worker_0633,RFID000633,Packaging,WS-05,AFTERNOON,5,2026-10-05T13:03:49,OK,OK,36.39,80.1,98.1,0.185,40.0,MODERATE
1cd4b88c-28c5-4e7e-ba07-66d2f056e66a,EMP0284,Worker_0284,RFID000284,Production,WS-07,AFTERNOON,5,2026-10-05T13:03:51,HAPPY,HAPPY,36.22,70.4,99.0,0.32,8.31,LOW
bb3602a5-9620-46dc-ae31-c0c893839bd4,EMP0173,Worker_0173,RFID000173,Quality,WS-05,AFTERNOON,5,2026-10-05T13:03:52,HAPPY,HAPPY,36.21,74.3,98.0,0.212,12.63,LOW
26f1425f-c31d-4e29-81bf-8e9f88db2bb1,EMP0302,Worker_0302,RFID000302,Finishing,WS-04,AFTERNOON,5,2026-10-05T13:03:56,HAPPY,HAPPY,36.54,81.0,98.3,0.192,7.96,LOW
064287f5-6351-4104-ad3c-207cbdb39d42,EMP0162,Worker_0162,RFID000162,Production,WS-10,AFTERNOON,5,2026-10-05T13:04:02,OK,HAPPY,36.67,88.8,98.0,0.232,43.29,MODERATE
3a68f5bc-3c48-44ec-818b-667400bb25aa,EMP0483,Worker_0483,RFID000483,Assembly,WS-08,AFTERNOON,5,2026-10-05T13:04:38,HAPPY,HAPPY,36.37,80.9,98.8,0.059,12.9,LOW
9fdf8b8d-18f7-4ef8-ad81-53392b547514,EMP0138,Worker_0138,RFID000138,Stores,WS-03,AFTERNOON,5,2026-10-05T13:05:35,HAPPY,OK,36.4,72.3,98.8,0.137,9.28,LOW
641f0809-7030-4352-864c-330ba5950e5d,EMP0274,Worker_0274,RFID000274,Cutting,WS-02,AFTERNOON,5,2026-10-05T13:06:08,HAPPY,OK,36.33,66.1,99.1,0.183,11.33,LOW
02c465cc-69c2-498d-af73-5ba0a36ece20,EMP0362,Worker_0362,RFID000362,Maintenance,WS-01,AFTERNOON,5,2026-10-05T13:06:21,SAD,HAPPY,36.46,90.3,98.0,0.531,83.95,HIGH
ac43ba27-f94e-437f-b979-8a11ded9f697,EMP0746,Worker_0746,RFID000746,Quality,WS-04,AFTERNOON,5,2026-10-05T13:06:29,OK,OK,36.41,86.4,98.4,0.313,39.36,MODERATE
f0af3364-e2e5-495d-ba39-53b118ced9ab,EMP0073,Worker_0073,RFID000073,Cutting,WS-09,AFTERNOON,5,2026-10-05T13:07:03,SAD,OK,36.81,98.3,97.1,0.514,88.31,HIGH
9f992caf-80e6-4f39-a0ea-335bfc31144e,EMP0376,Worker_0376,RFID000376,Quality,WS-01,AFTERNOON,5,2026-10-05T13:07:48,SAD,SAD,36.29,81.7,97.8,0.423,87.35,HIGH
0cc9a6cc-6a7e-412b-8aec-80d2a2a7ffef,EMP0769,Worker_0769,RFID000769,Production,WS-06,AFTERNOON,5,2026-10-05T13:07:53,SAD,HAPPY,36.76,95.4,97.1,0.604,86.12,HIGH
d8608018-02ae-4d69-a000-15b3852514c6,EMP0318,Worker_0318,RFID000318,Assembly,WS-09,AFTERNOON,5,2026-10-05T13:08:01,HAPPY,SAD,36.39,82.8,98.5,0.246,10.02,LOW
d0b8c428-f00c-4d9d-ba31-f77275f529e4,EMP0896,Worker_0896,RFID000896,Finishing,WS-06,AFTERNOON,5,2026-10-05T13:08:57,SAD,SAD,36.45,96.9,98.2,0.432,90.4,HIGH
e4ef427c-b2ce-4e09-affe-a54d72f82275,EMP0523,Worker_0523,RFID000523,Production,WS-09,AFTERNOON,5,2026-10-05T13:09:07,OK,OK,36.71,84.2,97.1,0.324,40.17,MODERATE
cf027bcf-317c-4dc8-8a20-a358100977af,EMP0607,Worker_0607,RFID000607,Packaging,WS-06,AFTERNOON,5,2026-10-05T13:09:21,HAPPY,HAPPY,36.45,71.9,97.9,0.269,10.8,LOW
496f8422-6e5d-4aa3-a1e9-e95b94810ebb,EMP0136,Worker_0136,RFID000136,Finishing,WS-05,AFTERNOON,5,2026-10-05T13:09:25,OK,OK,36.44,88.1,98.6,0.282,39.34,MODERATE
2190f8da-2051-41de-ad61-39beb34ef8d1,EMP0428,Worker_0428,RFID000428,Stores,WS-10,AFTERNOON,5,2026-10-05T13:09:44,HAPPY,HAPPY,36.55,79.9,97.2,0.337,6.25,LOW
225bbb31-e1a8-450e-b428-3f11d2348b6d,EMP0378,Worker_0378,RFID000378,Production,WS-06,AFTERNOON,5,2026-10-05T13:09:50,HAPPY,HAPPY,36.84,78.4,97.6,0.189,14.93,LOW
f6dfeae8-f4d6-44cd-91b3-1b4ef2e3f043,EMP0087,Worker_0087,RFID000087,Assembly,WS-05,AFTERNOON,5,2026-10-05T13:10:19,HAPPY,HAPPY,36.44,83.3,98.2,0.328,12.56,LOW
bae7d60d-c61a-44e2-82a1-53460dfb53fd,EMP0855,Worker_0855,RFID000855,Stores,WS-07,AFTERNOON,5,2026-10-05T13:10:24,SAD,HAPPY,36.61,88.3,97.8,0.686,85.61,HIGH
74d8c2a3-865c-42dc-bcaa-914e97a7ae2f,EMP0737,Worker_0737,RFID000737,Stores,WS-08,AFTERNOON,5,2026-10-05T13:10:55,OK,OK,36.74,88.3,97.5,0.314,39.15,MODERATE
8c1749da-8501-4ac0-a410-f10c935432aa,EMP0014,Worker_0014,RFID000014,Production,WS-02,AFTERNOON,5,2026-10-05T13:11:10,OK,OK,36.35,75.4,98.0,0.333,41.88,MODERATE
d243d2d5-d809-4ee5-af12-a1de00849a20,EMP0298,Worker_0298,RFID000298,Cutting,WS-09,AFTERNOON,5,2026-10-05T13:11:23,HAPPY,OK,36.36,74.4,97.9,0.244,14.2,LOW
d057001a-db7e-4573-8f58-cbe1804f4db7,EMP0249,Worker_0249,RFID000249,Quality,WS-02,AFTERNOON,5,2026-10-05T13:11:35,OK,OK,36.86,80.0,98.1,0.465,45.03,MODERATE
d0988147-a45d-4b1f-90e3-6bb5fa4ca9a0,EMP0345,Worker_0345,RFID000345,Production,WS-08,AFTERNOON,5,2026-10-05T13:11:38,OK,SAD,36.41,72.8,99.3,0.257,41.22,MODERATE
d3174543-0b37-4d3b-9ba0-b3091ccf00a7,EMP0262,Worker_0262,RFID000262,Maintenance,WS-05,AFTERNOON,5,2026-10-05T13:11:50,OK,OK,36.74,70.4,97.0,0.464,44.78,MODERATE
91fa6b34-a1f8-4281-b4b7-66cfecda6ca0,EMP0885,Worker_0885,RFID000885,Assembly,WS-04,AFTERNOON,5,2026-10-05T13:11:56,OK,HAPPY,36.52,75.0,98.0,0.41,40.66,MODERATE
83a7fa0c-2bb4-48a1-b3b7-45bafd997360,EMP0387,Worker_0387,RFID000387,Quality,WS-08,AFTERNOON,5,2026-10-05T13:12:26,HAPPY,OK,36.57,84.6,97.5,0.157,8.37,LOW
eedb8c90-642f-4cca-96ad-3e076908457f,EMP0004,Worker_0004,RFID000004,Quality,WS-07,AFTERNOON,5,2026-10-05T13:12:33,HAPPY,HAPPY,36.27,73.5,100.0,0.255,14.04,LOW
3f937338-0474-4e65-9e58-17156fd463e4,EMP0165,Worker_0165,RFID000165,Packaging,WS-07,AFTERNOON,5,2026-10-05T13:12:36,OK,HAPPY,36.8,88.3,98.5,0.344,37.93,MODERATE
b41c29f5-f800-4d4f-818e-00e474953433,EMP0463,Worker_0463,RFID000463,Cutting,WS-10,AFTERNOON,5,2026-10-05T13:12:51,HAPPY,OK,36.16,80.0,97.2,0.325,12.7,LOW
06c2a718-effd-4af7-854f-f9df84307538,EMP0134,Worker_0134,RFID000134,Cutting,WS-10,AFTERNOON,5,2026-10-05T13:12:57,HAPPY,SAD,36.33,76.1,98.3,0.183,6.42,LOW
19a33016-130d-429e-9440-12f245b06a76,EMP0682,Worker_0682,RFID000682,Assembly,WS-04,AFTERNOON,5,2026-10-05T13:13:01,SAD,OK,36.74,78.6,96.8,0.493,73.33,HIGH
fabcbb4d-cb71-4036-8ad2-d19955fc2199,EMP0564,Worker_0564,RFID000564,Stores,WS-05,AFTERNOON,5,2026-10-05T13:13:12,HAPPY,HAPPY,36.38,74.6,98.7,0.129,10.14,LOW
166589c3-b39b-450e-93ae-d90c07a0488f,EMP0224,Worker_0224,RFID000224,Stores,WS-08,AFTERNOON,5,2026-10-05T13:13:21,HAPPY,HAPPY,36.53,86.3,97.7,0.266,10.39,LOW
4f147aeb-dfd6-46cc-85a5-6e3a09584f48,EMP0292,Worker_0292,RFID000292,Packaging,WS-09,AFTERNOON,5,2026-10-05T13:13:43,HAPPY,HAPPY,36.73,72.4,97.0,0.187,14.37,LOW
0588a137-bd6e-48e1-9c00-84006a440129,EMP0197,Worker_0197,RFID000197,Finishing,WS-04,AFTERNOON,5,2026-10-05T13:13:52,OK,SAD,36.48,84.2,98.4,0.263,38.52,MODERATE
9da480db-c459-43e9-8751-2df5397b5e5c,EMP0042,Worker_0042,RFID000042,Assembly,WS-09,AFTERNOON,5,2026-10-05T13:14:02,SAD,OK,36.6,74.8,96.9,0.494,78.53,HIGH
ea7fd4b4-2d70-4ce6-8529-fd312c2941fa,EMP0375,Worker_0375,RFID000375,Maintenance,WS-03,AFTERNOON,5,2026-10-05T13:14:59,HAPPY,HAPPY,36.6,86.1,97.4,0.268,16.73,LOW
4a2c9426-4e18-44eb-9a43-31e5b09b16e9,EMP0001,Worker_0001,RFID000001,Assembly,WS-01,AFTERNOON,5,2026-10-05T13:15:13,SAD,HAPPY,36.46,88.8,97.6,0.318,73.44,HIGH
5d75c566-cb51-48a7-b249-31aba0d6d7ff,EMP0251,Worker_0251,RFID000251,Finishing,WS-09,AFTERNOON,5,2026-10-05T13:15:31,HAPPY,SAD,36.61,77.4,98.7,0.224,11.36,LOW
0637c620-6e00-459d-af02-d3fc3fab6fac,EMP0199,Worker_0199,RFID000199,Quality,WS-04,AFTERNOON,5,2026-10-05T13:15:37,SAD,OK,36.4,89.8,96.2,0.562,87.25,HIGH
624b764a-cd68-4eea-8e38-84a507cc4aeb,EMP0037,Worker_0037,RFID000037,Maintenance,WS-04,AFTERNOON,5,2026-10-05T13:15:58,SAD,OK,36.52,85.8,97.0,0.26,77.07,HIGH
a4ee3842-839d-479b-811a-488c6445d074,EMP0456,Worker_0456,RFID000456,Cutting,WS-09,AFTERNOON,5,2026-10-05T13:16:10,SAD,HAPPY,36.68,80.7,96.7,0.5,73.37,HIGH
f8277051-1816-4c36-bb45-faff05373b4a,EMP0843,Worker_0843,RFID000843,Cutting,WS-03,AFTERNOON,5,2026-10-05T13:16:18,OK,SAD,36.52,87.0,98.0,0.367,46.24,MODERATE
dc1feff1-d513-4932-b67f-e1e5125da902,EMP0280,Worker_0280,RFID000280,Stores,WS-02,AFTERNOON,5,2026-10-05T13:16:33,OK,OK,36.31,87.9,97.8,0.446,41.61,MODERATE
6f843a0e-f195-4492-bc6b-f65b6f37b6c5,EMP0958,Worker_0958,RFID000958,Stores,WS-07,AFTERNOON,5,2026-10-05T13:16:34,HAPPY,HAPPY,36.53,75.0,99.5,0.365,5.89,LOW
3c690649-7e19-4b8f-8414-eb6e600f368e,EMP0474,Worker_0474,RFID000474,Maintenance,WS-05,AFTERNOON,5,2026-10-05T13:16:59,HAPPY,OK,36.54,74.3,98.3,0.208,6.26,LOW
a70cb98f-1694-4edf-adb1-7e0c3b5cfdea,EMP0099,Worker_0099,RFID000099,Cutting,WS-10,AFTERNOON,5,2026-10-05T13:17:08,SAD,OK,36.91,82.5,97.6,0.306,67.73,HIGH
9de38e53-3e0a-4612-a43e-e59fa45d5c8d,EMP0622,Worker_0622,RFID000622,Stores,WS-08,AFTERNOON,5,2026-10-05T13:17:09,OK,OK,36.57,76.4,97.9,0.296,35.35,MODERATE
0452c0eb-fb8a-44c9-a309-64b2d5a24f01,EMP0962,Worker_0962,RFID000962,Assembly,WS-06,AFTERNOON,5,2026-10-05T13:17:12,HAPPY,OK,36.51,77.0,97.8,0.245,12.34,LOW
6a8966fc-e722-49eb-921f-0d832c60f107,EMP0620,Worker_0620,RFID000620,Packaging,WS-09,AFTERNOON,5,2026-10-05T13:17:15,HAPPY,HAPPY,36.51,70.4,97.6,0.298,5.14,LOW
f8efc373-5fb2-4527-8295-b3bb88b47859,EMP0773,Worker_0773,RFID000773,Assembly,WS-01,AFTERNOON,5,2026-10-05T13:17:15,OK,OK,36.67,74.4,98.1,0.465,45.13,MODERATE
a51d3aa9-3cef-4c9b-9971-a089c2e5ebc8,EMP0028,Worker_0028,RFID000028,Cutting,WS-06,AFTERNOON,5,2026-10-05T13:17:43,OK,HAPPY,36.43,83.0,97.4,0.355,40.52,MODERATE
1976290c-3da9-4e21-9537-98a49a996bf6,EMP0678,Worker_0678,RFID000678,Assembly,WS-10,AFTERNOON,5,2026-10-05T13:17:48,SAD,SAD,36.54,83.8,98.0,0.427,80.22,HIGH
61e298d7-57c4-493d-9476-4b788231a936,EMP0669,Worker_0669,RFID000669,Finishing,WS-07,AFTERNOON,5,2026-10-05T13:17:58,HAPPY,HAPPY,36.28,84.7,98.5,0.211,12.44,LOW
75dc60f2-6472-43c1-8ccf-774629fb7b4b,EMP0535,Worker_0535,RFID000535,Production,WS-05,AFTERNOON,5,2026-10-05T13:18:10,HAPPY,HAPPY,36.77,70.8,98.8,0.196,14.55,LOW
20cf4584-751d-4aef-864b-d2e79ec81f09,EMP0045,Worker_0045,RFID000045,Cutting,WS-09,AFTERNOON,5,2026-10-05T13:18:11,HAPPY,OK,36.11,63.0,99.7,0.352,5.84,LOW
1a720dac-df1e-4cd2-8907-80e153b37149,EMP0764,Worker_0764,RFID000764,Cutting,WS-02,AFTERNOON,5,2026-10-05T13:18:18,OK,HAPPY,36.67,81.0,98.2,0.483,46.91,MODERATE
f00c0e4a-3960-4cf5-9ed8-f4b19402cac3,EMP0232,Worker_0232,RFID000232,Assembly,WS-03,AFTERNOON,5,2026-10-05T13:18:29,HAPPY,HAPPY,36.55,83.7,98.3,0.314,10.63,LOW
a0c9c54b-dd5d-4c82-94f1-43bb55bf9346,EMP0641,Worker_0641,RFID000641,Maintenance,WS-05,AFTERNOON,5,2026-10-05T13:18:42,HAPPY,OK,36.59,74.7,97.9,0.079,6.17,LOW
ec6f57cf-f7ff-4ffb-bb54-8c8d574343c7,EMP0742,Worker_0742,RFID000742,Stores,WS-01,AFTERNOON,5,2026-10-05T13:19:00,SAD,SAD,36.5,82.5,98.1,0.565,85.1,HIGH
1f836834-37df-42a4-a95e-217bcb0ceb80,EMP0933,Worker_0933,RFID000933,Production,WS-08,AFTERNOON,5,2026-10-05T13:19:27,HAPPY,HAPPY,36.12,81.4,98.7,0.278,7.24,LOW
fa7a30bf-1d96-4270-a0f3-7f4f6c09f220,EMP0234,Worker_0234,RFID000234,Quality,WS-03,AFTERNOON,5,2026-10-05T13:19:55,OK,SAD,36.73,76.7,98.2,0.409,43.21,MODERATE
78a9b899-6520-49a8-b7e2-c4c2650f7520,EMP0039,Worker_0039,RFID000039,Assembly,WS-02,AFTERNOON,5,2026-10-05T13:21:24,OK,HAPPY,36.5,80.8,96.9,0.289,41.57,MODERATE
cbe1aa1b-e31a-401e-a1d7-e1d085472aa0,EMP0881,Worker_0881,RFID000881,Production,WS-05,AFTERNOON,5,2026-10-05T13:21:46,SAD,SAD,36.69,84.8,96.4,0.426,85.28,HIGH
ff91e92d-4028-4d49-96f6-d68b88692b2e,EMP0943,Worker_0943,RFID000943,Maintenance,WS-05,AFTERNOON,5,2026-10-05T13:22:02,OK,SAD,36.66,78.0,96.7,0.259,41.84,MODERATE
b8f18120-b580-418f-8336-7642f7b34232,EMP0168,Worker_0168,RFID000168,Production,WS-02,AFTERNOON,5,2026-10-05T13:22:11,OK,OK,36.29,88.2,97.4,0.246,41.84,MODERATE
f96ebe36-2e43-40dc-a432-fd5df5d4be67,EMP0406,Worker_0406,RFID000406,Packaging,WS-07,AFTERNOON,5,2026-10-05T13:22:13,SAD,HAPPY,36.53,88.5,97.5,0.429,76.69,HIGH
5ccf8f12-7178-4b67-8697-72e2d9fd7de1,EMP0072,Worker_0072,RFID000072,Production,WS-10,AFTERNOON,5,2026-10-05T13:22:26,OK,OK,36.34,80.2,97.6,0.406,41.15,MODERATE
70efe03a-3659-4d04-8897-22c5502ebecc,EMP0461,Worker_0461,RFID000461,Maintenance,WS-06,AFTERNOON,5,2026-10-05T13:22:29,OK,OK,36.76,75.0,97.9,0.279,42.62,MODERATE
6e0dd351-5789-478d-a52d-2ac0e7a48acd,EMP0489,Worker_0489,RFID000489,Stores,WS-09,AFTERNOON,5,2026-10-05T13:22:42,HAPPY,OK,36.62,71.1,98.2,0.212,11.81,LOW
fd2cab67-2a95-423c-adef-eb1d7e9bca89,EMP0967,Worker_0967,RFID000967,Finishing,WS-01,AFTERNOON,5,2026-10-05T13:23:08,HAPPY,HAPPY,36.73,77.3,97.6,0.229,5.56,LOW
d3a63088-3d7f-4783-a0d8-ee4a80ee14d5,EMP0382,Worker_0382,RFID000382,Quality,WS-02,AFTERNOON,5,2026-10-05T13:23:19,HAPPY,OK,36.49,75.4,98.7,0.122,13.69,LOW
24d24490-12fa-4938-b9e0-3d0134580aa7,EMP0982,Worker_0982,RFID000982,Finishing,WS-05,AFTERNOON,5,2026-10-05T13:23:34,OK,OK,36.24,72.8,98.6,0.405,43.71,MODERATE
a3da4038-7a42-4f53-a5a2-143e1e37220c,EMP0971,Worker_0971,RFID000971,Maintenance,WS-02,AFTERNOON,5,2026-10-05T13:23:50,HAPPY,HAPPY,36.66,73.3,99.2,0.297,10.08,LOW
6bbf5ea5-d5f8-4788-903c-3826c8ffe5cb,EMP0755,Worker_0755,RFID000755,Finishing,WS-10,AFTERNOON,5,2026-10-05T13:24:13,HAPPY,HAPPY,36.64,65.8,99.0,0.229,6.18,LOW
46eb667c-e107-4ec3-85f9-aa612ebdda1f,EMP0655,Worker_0655,RFID000655,Stores,WS-09,AFTERNOON,5,2026-10-05T13:24:37,HAPPY,SAD,36.59,79.3,98.8,0.198,11.61,LOW
f3263a24-11af-4b1c-8e82-87398a9328d7,EMP0758,Worker_0758,RFID000758,Production,WS-02,AFTERNOON,5,2026-10-05T13:25:06,OK,SAD,36.54,84.1,97.3,0.175,42.81,MODERATE
299d2084-d324-41e0-b9a7-cd95729f1405,EMP0509,Worker_0509,RFID000509,Finishing,WS-08,AFTERNOON,5,2026-10-05T13:25:09,HAPPY,HAPPY,36.54,71.0,97.8,0.211,12.07,LOW
ff0e41d9-9097-4ef4-b810-d3cd9e7fad98,EMP0029,Worker_0029,RFID000029,Quality,WS-05,AFTERNOON,5,2026-10-05T13:25:15,OK,OK,36.81,77.2,97.4,0.447,45.05,MODERATE
743ede39-aecf-4c85-af37-ed069ddebc48,EMP0612,Worker_0612,RFID000612,Finishing,WS-10,AFTERNOON,5,2026-10-05T13:25:15,SAD,SAD,36.83,86.2,97.3,0.711,92.13,HIGH
b3e84f64-d304-464d-8262-672b61bfba1b,EMP0728,Worker_0728,RFID000728,Cutting,WS-02,AFTERNOON,5,2026-10-05T13:25:17,OK,HAPPY,36.9,86.0,96.8,0.387,39.87,MODERATE
878cf0f1-f5d0-4d3f-b46a-40d09a9830db,EMP0196,Worker_0196,RFID000196,Quality,WS-08,AFTERNOON,5,2026-10-05T13:25:33,OK,OK,36.51,74.6,97.7,0.426,42.79,MODERATE
f49f201b-aee3-4080-a191-eb0afefd901e,EMP0772,Worker_0772,RFID000772,Cutting,WS-06,AFTERNOON,5,2026-10-05T13:26:17,OK,HAPPY,36.38,79.8,99.7,0.43,37.2,MODERATE
684ec7d1-3e44-4a7d-9001-18f348dc259c,EMP0830,Worker_0830,RFID000830,Stores,WS-07,AFTERNOON,5,2026-10-05T13:26:19,OK,HAPPY,36.53,73.9,97.3,0.446,38.01,MODERATE
58a72134-bfe3-4f0e-a166-04fec349f836,EMP0763,Worker_0763,RFID000763,Finishing,WS-02,AFTERNOON,5,2026-10-05T13:26:31,SAD,OK,36.65,89.9,97.5,0.705,85.56,HIGH
1fec2ae2-1e84-46ab-b1a3-db07e8fae591,EMP0842,Worker_0842,RFID000842,Finishing,WS-10,AFTERNOON,5,2026-10-05T13:27:33,OK,SAD,36.21,86.5,97.7,0.339,37.17,MODERATE
cc0e99d7-5b71-4ac5-9620-986814290f74,EMP0455,Worker_0455,RFID000455,Quality,WS-10,AFTERNOON,5,2026-10-05T13:27:34,OK,HAPPY,36.75,78.8,98.6,0.175,42.01,MODERATE
77868c99-9b5f-41d0-92f2-8a10a1a2cf03,EMP0596,Worker_0596,RFID000596,Cutting,WS-02,AFTERNOON,5,2026-10-05T13:27:37,OK,SAD,36.49,76.7,96.8,0.156,35.72,MODERATE
78ecc2df-4199-49c2-9a7e-31ab9e31648f,EMP0537,Worker_0537,RFID000537,Quality,WS-02,AFTERNOON,5,2026-10-05T13:27:41,HAPPY,OK,36.32,70.6,98.7,0.179,14.81,LOW
fd3b12af-792e-4e92-b990-d4e7eee58173,EMP0074,Worker_0074,RFID000074,Cutting,WS-08,AFTERNOON,5,2026-10-05T13:27:43,HAPPY,OK,36.34,67.5,98.5,0.228,13.46,LOW
c0f72131-8ecc-4ac0-8a83-578460238a4b,EMP0656,Worker_0656,RFID000656,Cutting,WS-06,AFTERNOON,5,2026-10-05T13:28:19,HAPPY,OK,36.46,78.6,97.4,0.323,11.61,LOW
90349aca-029b-4c6b-9149-ee62a382c6cd,EMP0791,Worker_0791,RFID000791,Finishing,WS-05,AFTERNOON,5,2026-10-05T13:28:33,SAD,HAPPY,36.79,85.9,97.0,0.627,80.58,HIGH
45269181-4388-4e70-acd0-b18fb122d7c2,EMP0267,Worker_0267,RFID000267,Cutting,WS-08,AFTERNOON,5,2026-10-05T13:28:41,OK,OK,36.35,81.5,98.7,0.348,36.93,MODERATE
86be0f77-b6e9-4a7a-acb1-4cd27b0a61e3,EMP0007,Worker_0007,RFID000007,Assembly,WS-01,AFTERNOON,5,2026-10-05T13:29:26,OK,OK,36.74,79.9,98.0,0.35,39.34,MODERATE
21525716-c3ab-44a8-a682-76aa66fe17b8,EMP0901,Worker_0901,RFID000901,Finishing,WS-06,AFTERNOON,5,2026-10-05T13:29:31,HAPPY,HAPPY,36.74,65.7,99.0,0.208,11.61,LOW
62244563-3da4-4590-80db-7d05024efb0c,EMP0647,Worker_0647,RFID000647,Maintenance,WS-07,AFTERNOON,5,2026-10-05T13:30:10,OK,OK,36.31,82.1,98.6,0.225,34.7,LOW
bf0c2c5b-22ba-451b-8c50-9f909ad3f1f0,EMP0963,Worker_0963,RFID000963,Finishing,WS-05,AFTERNOON,5,2026-10-05T13:30:14,HAPPY,OK,36.8,75.9,96.7,0.343,5.59,LOW
4a0aecd5-becd-4c1e-b584-6c614e010667,EMP0812,Worker_0812,RFID000812,Assembly,WS-09,AFTERNOON,5,2026-10-05T13:30:41,SAD,SAD,36.65,84.9,98.1,0.487,88.87,HIGH
9bd5fd7d-6acc-4ac9-b00b-cf7bff3e63e0,EMP0448,Worker_0448,RFID000448,Cutting,WS-08,AFTERNOON,5,2026-10-05T13:30:46,OK,HAPPY,36.71,82.3,97.3,0.238,34.68,LOW
57e59a1b-ac24-4f8a-ac0e-910e6ed18e7e,EMP0143,Worker_0143,RFID000143,Stores,WS-10,AFTERNOON,5,2026-10-05T13:30:52,OK,OK,36.32,74.0,99.1,0.372,40.51,MODERATE
db3b7176-dbf4-47ca-9933-401bb907a8a4,EMP0391,Worker_0391,RFID000391,Assembly,WS-05,AFTERNOON,5,2026-10-05T13:30:53,OK,HAPPY,36.71,90.0,98.4,0.161,40.22,MODERATE
7cb5ecea-65e4-48cb-a40e-7fbad58b921c,EMP0725,Worker_0725,RFID000725,Production,WS-06,AFTERNOON,5,2026-10-05T13:31:02,HAPPY,HAPPY,36.75,70.3,98.9,0.351,12.26,LOW
537013b7-c4e0-4456-8160-5ec03c45e898,EMP0048,Worker_0048,RFID000048,Cutting,WS-10,AFTERNOON,5,2026-10-05T13:31:26,OK,OK,36.86,85.6,98.1,0.246,45.14,MODERATE
d1003591-b830-45b9-8324-7897859047b8,EMP0181,Worker_0181,RFID000181,Finishing,WS-08,AFTERNOON,5,2026-10-05T13:31:28,HAPPY,SAD,36.6,80.6,97.8,0.443,16.6,LOW
dfdcec94-00f8-4796-8168-eb4f370e7c80,EMP0151,Worker_0151,RFID000151,Quality,WS-10,AFTERNOON,5,2026-10-05T13:31:51,OK,OK,36.78,62.5,97.4,0.225,38.58,MODERATE
9b3ea0ce-6740-462c-92e5-60de17bbcd11,EMP0240,Worker_0240,RFID000240,Production,WS-03,AFTERNOON,5,2026-10-05T13:31:59,OK,HAPPY,36.5,79.8,97.9,0.349,37.36,MODERATE
870766d6-93d3-4d3c-afed-6052d15ac92d,EMP0715,Worker_0715,RFID000715,Quality,WS-08,AFTERNOON,5,2026-10-05T13:32:00,SAD,SAD,36.76,91.5,97.9,0.425,87.35,HIGH
9a566357-b3f6-4290-9575-872a55af6fcb,EMP0086,Worker_0086,RFID000086,Finishing,WS-08,AFTERNOON,5,2026-10-05T13:32:35,OK,SAD,36.73,74.5,97.1,0.505,39.53,MODERATE
28f6da6a-8f5d-48a3-82ea-9e284fcfbdb3,EMP0741,Worker_0741,RFID000741,Quality,WS-10,AFTERNOON,5,2026-10-05T13:33:47,OK,HAPPY,36.3,76.2,97.8,0.473,44.45,MODERATE
4135fba9-7cbe-406a-b0f9-6519bc1ef1df,EMP0555,Worker_0555,RFID000555,Quality,WS-05,AFTERNOON,5,2026-10-05T13:33:51,HAPPY,OK,36.66,81.6,98.6,0.243,7.37,LOW
87074e28-5948-4b5b-ab3f-fd248ece3866,EMP0098,Worker_0098,RFID000098,Production,WS-03,AFTERNOON,5,2026-10-05T13:34:05,SAD,HAPPY,36.65,80.1,96.3,0.672,83.3,HIGH
a37f37b4-cd87-492d-b5d1-cda84cd6a030,EMP0016,Worker_0016,RFID000016,Maintenance,WS-06,AFTERNOON,5,2026-10-05T13:34:06,OK,OK,36.4,71.7,97.0,0.401,43.35,MODERATE
58f76723-d536-4ac9-9331-33129ef3da65,EMP0170,Worker_0170,RFID000170,Assembly,WS-05,AFTERNOON,5,2026-10-05T13:34:23,HAPPY,OK,36.42,68.2,99.3,0.203,9.62,LOW
5cf2da81-7244-430e-928b-3d56c5097e93,EMP0337,Worker_0337,RFID000337,Stores,WS-02,AFTERNOON,5,2026-10-05T13:34:24,OK,HAPPY,36.38,80.7,98.8,0.164,41.03,MODERATE
b39bffa0-7361-4d31-a519-496f93c2ff71,EMP0434,Worker_0434,RFID000434,Stores,WS-04,AFTERNOON,5,2026-10-05T13:34:27,OK,OK,36.57,78.9,98.1,0.442,46.41,MODERATE
6748be7d-e99e-4c29-b84b-b24753d6c562,EMP0846,Worker_0846,RFID000846,Stores,WS-01,AFTERNOON,5,2026-10-05T13:34:31,HAPPY,OK,36.45,66.8,99.7,0.132,9.24,LOW
aba1109d-1cf8-4f7f-b9a5-a30fecf63e91,EMP0390,Worker_0390,RFID000390,Packaging,WS-03,AFTERNOON,5,2026-10-05T13:34:37,SAD,SAD,36.73,90.0,97.8,0.474,88.27,HIGH
f8343b44-a14e-487e-8154-a34a146e565b,EMP0025,Worker_0025,RFID000025,Stores,WS-02,AFTERNOON,5,2026-10-05T13:34:51,OK,SAD,36.42,85.9,97.6,0.341,40.11,MODERATE
abc2bac5-7de4-4e0a-b363-daedf0486419,EMP0396,Worker_0396,RFID000396,Assembly,WS-08,AFTERNOON,5,2026-10-05T13:34:51,HAPPY,OK,36.38,76.5,97.3,0.239,7.76,LOW
fa21c5fd-fdd7-4b74-82b1-fb2fc7ff13f4,EMP0681,Worker_0681,RFID000681,Packaging,WS-03,AFTERNOON,5,2026-10-05T13:34:54,HAPPY,SAD,36.63,67.9,98.6,0.256,6.99,LOW
a62b87ef-582c-4188-a525-addf435b11b9,EMP0929,Worker_0929,RFID000929,Cutting,WS-07,AFTERNOON,5,2026-10-05T13:34:58,HAPPY,HAPPY,36.67,83.9,97.7,0.177,10.97,LOW
242e82d2-db91-4b09-9033-0d59e6f56519,EMP0445,Worker_0445,RFID000445,Maintenance,WS-05,AFTERNOON,5,2026-10-05T13:35:25,HAPPY,OK,36.15,64.1,97.4,0.24,5.89,LOW
4edb70dc-a4b7-425c-85fb-b05d201ea2c5,EMP0499,Worker_0499,RFID000499,Packaging,WS-05,AFTERNOON,5,2026-10-05T13:35:29,HAPPY,SAD,36.83,84.0,97.8,0.209,8.71,LOW
55f5b62b-0eef-4a3e-925c-20e3516f6237,EMP0767,Worker_0767,RFID000767,Stores,WS-05,AFTERNOON,5,2026-10-05T13:35:31,SAD,HAPPY,36.84,79.5,96.9,0.529,75.35,HIGH
219dff7f-da17-4b9d-b38a-48dca1b1454c,EMP0895,Worker_0895,RFID000895,Quality,WS-09,AFTERNOON,5,2026-10-05T13:35:40,OK,OK,36.81,65.0,100,0.405,37.9,MODERATE
d8e0e788-1d43-4eb4-aefd-361963780ba4,EMP0956,Worker_0956,RFID000956,Maintenance,WS-04,AFTERNOON,5,2026-10-05T13:35:53,OK,HAPPY,36.51,75.6,97.4,0.294,38.36,MODERATE
63deb950-e5a3-4157-b8bf-f1bc2cd2ad1a,EMP0436,Worker_0436,RFID000436,Production,WS-03,AFTERNOON,5,2026-10-05T13:36:12,OK,HAPPY,36.72,77.9,97.9,0.214,34.89,LOW
a797091d-b747-4683-a3d1-9afb4f7b2fe7,EMP0551,Worker_0551,RFID000551,Cutting,WS-07,AFTERNOON,5,2026-10-05T13:36:16,OK,HAPPY,36.58,81.1,97.1,0.175,36.09,MODERATE
a695b2b1-2541-464b-84be-9d36e1523b5d,EMP0018,Worker_0018,RFID000018,Packaging,WS-03,AFTERNOON,5,2026-10-05T13:36:45,HAPPY,OK,36.27,72.9,99.8,0.235,7.91,LOW
3179d224-65ae-44d0-a4e2-299c2f2f0b1b,EMP0473,Worker_0473,RFID000473,Cutting,WS-10,AFTERNOON,5,2026-10-05T13:37:05,OK,OK,36.67,75.2,97.9,0.398,41.6,MODERATE
74501f42-d3cc-4cff-8ee2-b914436fb5bc,EMP0314,Worker_0314,RFID000314,Assembly,WS-09,AFTERNOON,5,2026-10-05T13:37:28,SAD,OK,36.56,82.8,97.4,0.563,83.95,HIGH
a5bcbba0-73c8-427f-a307-729d489f0d91,EMP0157,Worker_0157,RFID000157,Assembly,WS-03,AFTERNOON,5,2026-10-05T13:37:40,HAPPY,OK,36.46,77.2,98.6,0.257,11.87,LOW
b70094f2-f104-4863-9399-7bd44ad59640,EMP0441,Worker_0441,RFID000441,Packaging,WS-03,AFTERNOON,5,2026-10-05T13:38:09,SAD,OK,36.84,79.7,97.1,0.26,76.3,HIGH
bd02a937-cea7-4e8b-8905-a3124d5bd49c,EMP0115,Worker_0115,RFID000115,Cutting,WS-02,AFTERNOON,5,2026-10-05T13:38:38,HAPPY,HAPPY,36.65,73.5,97.5,0.395,6.44,LOW
b1b66dde-9ece-46df-85d5-c8829622bbf8,EMP0124,Worker_0124,RFID000124,Finishing,WS-01,AFTERNOON,5,2026-10-05T13:38:40,HAPPY,HAPPY,36.47,77.4,98.2,0.253,6.09,LOW
276fdac0-932e-4a76-8817-334e1be6f6b9,EMP0510,Worker_0510,RFID000510,Packaging,WS-06,AFTERNOON,5,2026-10-05T13:38:50,OK,HAPPY,36.67,76.5,98.1,0.345,42.23,MODERATE
7e856b69-229f-4e20-adaa-73c1c01dde4c,EMP0805,Worker_0805,RFID000805,Quality,WS-01,AFTERNOON,5,2026-10-05T13:38:57,SAD,SAD,36.82,97.5,96.2,0.52,87.7,HIGH
97eee32d-a221-48bb-8fa4-ba0da759ae89,EMP0349,Worker_0349,RFID000349,Cutting,WS-08,AFTERNOON,5,2026-10-05T13:39:26,SAD,HAPPY,36.45,88.3,97.2,0.562,87.86,HIGH
01e446a3-5d39-4bd8-b763-3e8881bf925a,EMP0566,Worker_0566,RFID000566,Production,WS-10,AFTERNOON,5,2026-10-05T13:39:26,OK,OK,36.51,81.4,97.7,0.172,36.79,MODERATE
353c0c3a-3281-4cac-aa45-d51af1bd4d58,EMP0495,Worker_0495,RFID000495,Production,WS-10,AFTERNOON,5,2026-10-05T13:39:34,SAD,SAD,36.72,92.9,97.2,0.393,86.02,HIGH
f027b4f7-188e-4b44-9495-6858570a8167,EMP0817,Worker_0817,RFID000817,Assembly,WS-02,AFTERNOON,5,2026-10-05T13:39:35,SAD,HAPPY,36.8,80.3,97.0,0.447,78.06,HIGH
e28418f8-54ba-4d13-8edd-15f8d6926c6e,EMP0672,Worker_0672,RFID000672,Packaging,WS-07,AFTERNOON,5,2026-10-05T13:39:59,HAPPY,HAPPY,36.66,78.0,97.4,0.39,13.16,LOW
0ff640c4-5b4c-467e-a9d0-feae458ad25b,EMP0556,Worker_0556,RFID000556,Production,WS-09,AFTERNOON,5,2026-10-05T13:40:08,OK,HAPPY,36.45,82.4,97.0,0.422,41.52,MODERATE
dd441084-45ab-4d18-a9de-63a92da11760,EMP0342,Worker_0342,RFID000342,Assembly,WS-02,AFTERNOON,5,2026-10-05T13:41:17,HAPPY,OK,36.59,81.0,97.9,0.281,14.49,LOW
b233c2a3-df75-4d63-a0a4-d939f4107911,EMP0325,Worker_0325,RFID000325,Cutting,WS-07,AFTERNOON,5,2026-10-05T13:41:20,SAD,HAPPY,36.61,78.3,97.5,0.474,75.96,HIGH
cb429613-44f1-4e06-8728-146a50584830,EMP0356,Worker_0356,RFID000356,Quality,WS-09,AFTERNOON,5,2026-10-05T13:42:03,OK,HAPPY,36.43,78.9,97.1,0.536,44.96,MODERATE
74b2131b-4c17-438b-b422-796966061bb6,EMP0371,Worker_0371,RFID000371,Stores,WS-02,AFTERNOON,5,2026-10-05T13:42:10,OK,OK,36.58,85.2,98.6,0.31,40.59,MODERATE
ce1db3ae-5b43-4f93-a807-80d3ff51fb8e,EMP0659,Worker_0659,RFID000659,Cutting,WS-03,AFTERNOON,5,2026-10-05T13:42:16,OK,SAD,36.42,84.1,97.6,0.376,34.07,LOW
7c519544-d5d2-487d-9201-84659a489c7d,EMP0952,Worker_0952,RFID000952,Packaging,WS-02,AFTERNOON,5,2026-10-05T13:43:18,SAD,SAD,36.47,94.4,97.6,0.318,85.28,HIGH
3f3282f6-97c0-4925-be31-7d2c8ac7d64a,EMP0182,Worker_0182,RFID000182,Stores,WS-06,AFTERNOON,5,2026-10-05T13:43:37,HAPPY,SAD,36.27,66.6,97.6,0.193,5.82,LOW
01eb181e-b800-40c0-837d-9aeafaf117da,EMP0534,Worker_0534,RFID000534,Production,WS-07,AFTERNOON,5,2026-10-05T13:43:43,SAD,OK,36.84,79.6,98.7,0.491,72.27,HIGH
3c149b5e-4229-4e1b-afb1-fd06b66fc494,EMP0600,Worker_0600,RFID000600,Production,WS-03,AFTERNOON,5,2026-10-05T13:43:43,HAPPY,SAD,36.19,68.0,98.2,0.232,6.88,LOW
7c42bcea-8252-4318-9063-4af25a7da7aa,EMP0719,Worker_0719,RFID000719,Quality,WS-07,AFTERNOON,5,2026-10-05T13:43:51,HAPPY,OK,36.31,75.4,97.3,0.183,14.33,LOW
9f177928-e85a-4a53-a539-29414fb7d3bc,EMP0462,Worker_0462,RFID000462,Assembly,WS-04,AFTERNOON,5,2026-10-05T13:44:38,HAPPY,OK,36.7,69.7,98.4,0.383,10.01,LOW
259ac0ca-b704-40d4-adbd-d24e48d0c837,EMP0159,Worker_0159,RFID000159,Packaging,WS-07,AFTERNOON,5,2026-10-05T13:44:50,HAPPY,OK,36.42,69.6,97.6,0.214,5.17,LOW
afab3c98-25fc-4216-9a73-dd2a579adafe,EMP0802,Worker_0802,RFID000802,Finishing,WS-02,AFTERNOON,5,2026-10-05T13:45:14,HAPPY,HAPPY,36.64,72.1,98.0,0.129,7.59,LOW
ef747d39-da77-4654-b174-174bb8a861bb,EMP0309,Worker_0309,RFID000309,Production,WS-09,AFTERNOON,5,2026-10-05T13:45:18,HAPPY,OK,36.65,68.4,99.7,0.353,10.29,LOW
7bbf7934-0e69-4093-be2c-66e1db2d87bd,EMP0343,Worker_0343,RFID000343,Cutting,WS-06,AFTERNOON,5,2026-10-05T13:45:43,HAPPY,HAPPY,36.39,86.2,98.2,0.151,16.34,LOW
7b8ef6dd-524e-4ca0-929a-b46d8832055f,EMP0464,Worker_0464,RFID000464,Stores,WS-01,AFTERNOON,5,2026-10-05T13:45:45,HAPPY,OK,36.32,77.5,97.5,0.246,12.89,LOW
b5b9ebed-ca96-48ac-a79c-512c11e14fbb,EMP0333,Worker_0333,RFID000333,Packaging,WS-08,AFTERNOON,5,2026-10-05T13:45:54,HAPPY,HAPPY,36.4,64.5,98.8,0.198,6.57,LOW
c5195cc1-5914-460a-bd43-cf67bc3a08fc,EMP0347,Worker_0347,RFID000347,Finishing,WS-08,AFTERNOON,5,2026-10-05T13:45:59,HAPPY,OK,36.38,71.7,98.8,0.17,12.83,LOW
6a7688ca-8a6b-4999-806f-bf5d4716d37c,EMP0873,Worker_0873,RFID000873,Maintenance,WS-07,AFTERNOON,5,2026-10-05T13:46:06,HAPPY,HAPPY,36.4,70.4,97.9,0.4,5.37,LOW
31a68696-e2df-4c14-baed-553b17d3314c,EMP0794,Worker_0794,RFID000794,Cutting,WS-08,AFTERNOON,5,2026-10-05T13:46:26,HAPPY,HAPPY,36.6,77.6,99.0,0.295,12.16,LOW
3263e547-0f4a-4446-a833-d33752c2f50c,EMP0581,Worker_0581,RFID000581,Packaging,WS-07,AFTERNOON,5,2026-10-05T13:46:29,OK,HAPPY,36.74,83.4,98.4,0.267,37.94,MODERATE
1c9853d4-ff01-4c55-a8a4-5f6d2631ab73,EMP0217,Worker_0217,RFID000217,Cutting,WS-06,AFTERNOON,5,2026-10-05T13:46:50,HAPPY,SAD,36.45,87.8,97.9,0.458,14.71,LOW
7d4d8b41-c78a-4a21-bf01-39228f9988bd,EMP0401,Worker_0401,RFID000401,Packaging,WS-09,AFTERNOON,5,2026-10-05T13:47:42,HAPPY,HAPPY,36.82,81.4,97.4,0.321,11.35,LOW
fef0dbe1-521f-4c36-8ab7-d4436a188e16,EMP0888,Worker_0888,RFID000888,Quality,WS-05,AFTERNOON,5,2026-10-05T13:48:07,OK,HAPPY,36.69,65.8,97.3,0.432,38.67,MODERATE
8145a1c3-f7e6-4df3-ab37-a4b6def77304,EMP0889,Worker_0889,RFID000889,Packaging,WS-05,AFTERNOON,5,2026-10-05T13:48:23,HAPPY,SAD,36.32,68.7,97.0,0.331,12.88,LOW
ff615eaa-abbe-4b52-91c9-232d0424e861,EMP0422,Worker_0422,RFID000422,Packaging,WS-09,AFTERNOON,5,2026-10-05T13:48:24,OK,OK,36.88,82.3,98.6,0.323,40.93,MODERATE
034e623e-1dcd-41f2-98a3-582a2838353a,EMP0966,Worker_0966,RFID000966,Packaging,WS-03,AFTERNOON,5,2026-10-05T13:48:43,SAD,SAD,36.53,79.4,98.2,0.37,82.42,HIGH
5050083c-895f-4b70-ac30-7b60c9bf3f87,EMP0310,Worker_0310,RFID000310,Cutting,WS-03,AFTERNOON,5,2026-10-05T13:48:45,OK,SAD,36.37,84.9,98.4,0.183,36.19,MODERATE
6dc672f6-d027-41e3-a113-924cb25af8de,EMP0797,Worker_0797,RFID000797,Production,WS-10,AFTERNOON,5,2026-10-05T13:48:48,OK,HAPPY,36.82,81.9,99.3,0.37,38.12,MODERATE
07718184-e4e0-404f-b5cf-084c5314d1ce,EMP0648,Worker_0648,RFID000648,Finishing,WS-04,AFTERNOON,5,2026-10-05T13:48:50,OK,OK,36.15,84.9,97.8,0.412,45.46,MODERATE
afeb0dfb-8d7d-46e1-bf53-8cb4cc3333cc,EMP0915,Worker_0915,RFID000915,Stores,WS-01,AFTERNOON,5,2026-10-05T13:48:52,HAPPY,OK,36.28,70.4,99.1,0.268,5.81,LOW
aff39bd8-87f7-4eed-85a4-c6a3a556de93,EMP0619,Worker_0619,RFID000619,Quality,WS-10,AFTERNOON,5,2026-10-05T13:49:28,HAPPY,OK,36.58,78.8,98.3,0.133,7.23,LOW
a8417839-452a-4caf-9ec9-ac21d23dc892,EMP0637,Worker_0637,RFID000637,Quality,WS-05,AFTERNOON,5,2026-10-05T13:49:33,OK,OK,36.65,61.8,98.5,0.31,38.37,MODERATE
1edfd442-cd03-4656-8964-8090e271fc43,EMP0490,Worker_0490,RFID000490,Stores,WS-05,AFTERNOON,5,2026-10-05T13:49:45,OK,OK,36.53,73.8,98.4,0.265,38.6,MODERATE
e19d0214-493a-4e8d-8fbb-841d29d80a01,EMP0800,Worker_0800,RFID000800,Maintenance,WS-07,AFTERNOON,5,2026-10-05T13:49:56,SAD,OK,36.7,88.3,98.3,0.332,79.52,HIGH
184fdd68-3379-472a-80a8-383a22171f8b,EMP0816,Worker_0816,RFID000816,Production,WS-05,AFTERNOON,5,2026-10-05T13:50:09,HAPPY,HAPPY,36.25,80.3,99.1,0.289,11.48,LOW
4b872938-dc4f-471b-8517-6aa738ea6589,EMP0676,Worker_0676,RFID000676,Quality,WS-03,AFTERNOON,5,2026-10-05T13:50:16,HAPPY,OK,36.7,70.1,97.1,0.11,13.27,LOW
12fcc299-70e3-49ee-8ea2-9369138ee61f,EMP0443,Worker_0443,RFID000443,Assembly,WS-06,AFTERNOON,5,2026-10-05T13:50:21,SAD,OK,36.77,93.6,98.0,0.231,76.66,HIGH
2f258a6b-b3cf-4bcc-ad8c-f0f1ec8c69fd,EMP0792,Worker_0792,RFID000792,Stores,WS-09,AFTERNOON,5,2026-10-05T13:50:23,OK,HAPPY,36.33,83.9,99.2,0.347,35.86,MODERATE
1d2243bb-4ec3-474e-a870-9ab3357bda20,EMP0213,Worker_0213,RFID000213,Finishing,WS-03,AFTERNOON,5,2026-10-05T13:50:31,OK,SAD,36.33,84.1,98.1,0.333,40.27,MODERATE
4bba8e4f-0d56-4c1f-8032-b5c4d8a745aa,EMP0739,Worker_0739,RFID000739,Stores,WS-09,AFTERNOON,5,2026-10-05T13:50:42,OK,OK,36.35,82.7,98.4,0.399,36.74,MODERATE
1a005e36-be01-4f98-94a8-775e92c59a46,EMP0975,Worker_0975,RFID000975,Cutting,WS-02,AFTERNOON,5,2026-10-05T13:51:23,HAPPY,OK,36.22,68.2,98.6,0.342,7.21,LOW
aedecb6b-d4cb-4a84-a719-8b6ca4ba7f63,EMP0964,Worker_0964,RFID000964,Maintenance,WS-09,AFTERNOON,5,2026-10-05T13:51:24,OK,OK,36.81,74.8,97.9,0.392,38.02,MODERATE
6d303a09-59a5-45c0-9a0a-0a42c96e3618,EMP0580,Worker_0580,RFID000580,Production,WS-05,AFTERNOON,5,2026-10-05T13:51:40,OK,OK,36.39,82.6,97.8,0.388,40.44,MODERATE
f7145cb8-f877-4192-96f8-a297e2f6b0ff,EMP0470,Worker_0470,RFID000470,Packaging,WS-05,AFTERNOON,5,2026-10-05T13:51:51,OK,OK,36.59,83.3,98.3,0.447,43.4,MODERATE
b8627991-7be4-4aeb-b13a-2800d8d049ee,EMP0230,Worker_0230,RFID000230,Production,WS-06,AFTERNOON,5,2026-10-05T13:52:06,HAPPY,OK,36.49,78.9,98.3,0.271,11.69,LOW
630bbece-d814-40e2-8006-356d755201e2,EMP0405,Worker_0405,RFID000405,Production,WS-06,AFTERNOON,5,2026-10-05T13:52:12,OK,HAPPY,36.65,72.8,99.2,0.432,45.59,MODERATE
555aab05-654b-430a-8fde-5cb41358f1bf,EMP0554,Worker_0554,RFID000554,Finishing,WS-03,AFTERNOON,5,2026-10-05T13:52:25,OK,HAPPY,36.44,81.3,98.1,0.404,42.94,MODERATE
4e042ff8-dc8c-4332-b95e-afd5e54d9b4a,EMP0219,Worker_0219,RFID000219,Assembly,WS-06,AFTERNOON,5,2026-10-05T13:52:50,OK,HAPPY,36.4,83.4,97.8,0.234,35.84,MODERATE
6a39afd6-e369-48f9-a267-63d2bc68fc24,EMP0976,Worker_0976,RFID000976,Packaging,WS-03,AFTERNOON,5,2026-10-05T13:52:54,HAPPY,HAPPY,36.4,72.0,98.8,0.37,10.86,LOW
fdf94ba5-3c6d-4772-833f-61fe666fba24,EMP0133,Worker_0133,RFID000133,Cutting,WS-05,AFTERNOON,5,2026-10-05T13:53:01,HAPPY,HAPPY,36.28,72.5,98.1,0.353,5.38,LOW
cae6b29c-ab3b-42df-a628-3cb8e1ae8ba6,EMP0828,Worker_0828,RFID000828,Cutting,WS-05,AFTERNOON,5,2026-10-05T13:53:17,OK,SAD,36.69,78.9,97.9,0.224,34.55,LOW
08ed07fa-0e83-4337-a2ca-7c1767e95e48,EMP0457,Worker_0457,RFID000457,Cutting,WS-02,AFTERNOON,5,2026-10-05T13:54:01,SAD,OK,36.54,92.2,97.8,0.699,86.77,HIGH
0f7c79cd-341c-44d6-bcbb-937221f0fa20,EMP0171,Worker_0171,RFID000171,Assembly,WS-06,AFTERNOON,5,2026-10-05T13:54:51,HAPPY,OK,36.32,64.4,98.3,0.242,8.91,LOW
785ee893-614d-4447-88ec-af98d13bcf5e,EMP0599,Worker_0599,RFID000599,Production,WS-10,AFTERNOON,5,2026-10-05T13:54:59,HAPPY,OK,36.66,76.0,97.9,0.304,6.03,LOW
1ee575a2-296d-4617-9cdb-c7c02eec8f99,EMP0761,Worker_0761,RFID000761,Finishing,WS-07,AFTERNOON,5,2026-10-05T13:55:18,OK,SAD,36.45,79.1,97.8,0.245,35.64,MODERATE
37da279a-d133-4892-a983-160ed9db2384,EMP0981,Worker_0981,RFID000981,Finishing,WS-09,AFTERNOON,5,2026-10-05T13:55:18,HAPPY,HAPPY,36.4,69.4,97.7,0.187,11.42,LOW
94860991-ea61-4d41-9a30-10b17bae118f,EMP0106,Worker_0106,RFID000106,Finishing,WS-05,AFTERNOON,5,2026-10-05T13:55:48,HAPPY,OK,36.73,77.9,98.3,0.216,11.29,LOW
9bd11a32-e570-4e90-b537-5330fb386ca9,EMP0947,Worker_0947,RFID000947,Stores,WS-08,AFTERNOON,5,2026-10-05T13:55:53,OK,HAPPY,36.87,80.5,98.1,0.21,33.38,LOW
87d33af1-4443-4f88-bb37-721b8a632e63,EMP0917,Worker_0917,RFID000917,Packaging,WS-04,AFTERNOON,5,2026-10-05T13:56:00,HAPPY,HAPPY,36.36,73.1,97.2,0.239,8.83,LOW
b2b1b718-0b06-4931-990d-5302aa593d16,EMP0297,Worker_0297,RFID000297,Packaging,WS-05,AFTERNOON,5,2026-10-05T13:56:02,SAD,HAPPY,36.54,99.1,97.0,0.483,81.73,HIGH
3f8035ec-9570-4e05-83df-8e1d464140f0,EMP0372,Worker_0372,RFID000372,Stores,WS-05,AFTERNOON,5,2026-10-05T13:56:14,OK,HAPPY,36.68,72.8,98.4,0.348,34.99,LOW
ef0d043d-960d-437a-98e6-9c8a77740bf2,EMP0100,Worker_0100,RFID000100,Maintenance,WS-10,AFTERNOON,5,2026-10-05T13:56:19,OK,HAPPY,36.31,88.3,97.8,0.371,46.25,MODERATE
15e52ea0-c575-4ed0-8ffc-ed2c214efe76,EMP1000,Worker_1000,RFID001000,Cutting,WS-07,AFTERNOON,5,2026-10-05T13:56:32,SAD,HAPPY,36.95,98.2,98.1,0.426,87.66,HIGH
db778695-5590-42f0-a45f-290269e91c28,EMP0697,Worker_0697,RFID000697,Stores,WS-06,AFTERNOON,5,2026-10-05T13:56:36,OK,OK,36.32,74.3,98.7,0.378,37.91,MODERATE
a8d5fa70-ef6d-4ab4-ae1b-f55e119ff821,EMP0414,Worker_0414,RFID000414,Production,WS-05,AFTERNOON,5,2026-10-05T13:56:48,HAPPY,OK,36.69,70.7,98.0,0.157,6.04,LOW
8f043b26-4d0c-473b-8948-14f63b7c5202,EMP0938,Worker_0938,RFID000938,Cutting,WS-05,AFTERNOON,5,2026-10-05T13:57:09,HAPPY,OK,36.16,82.1,98.3,0.231,9.66,LOW
38488a91-4f75-45e6-a920-ec29a16de1ff,EMP0729,Worker_0729,RFID000729,Maintenance,WS-06,AFTERNOON,5,2026-10-05T13:57:17,OK,HAPPY,36.45,71.1,98.2,0.342,37.17,MODERATE
c8180178-d491-41f1-8ec5-71abbb9c5af9,EMP0369,Worker_0369,RFID000369,Assembly,WS-07,AFTERNOON,5,2026-10-05T13:57:44,SAD,SAD,36.61,77.3,98.5,0.49,79.76,HIGH
ab4dd9a2-c7fc-4909-9bd8-9647adf288ce,EMP0753,Worker_0753,RFID000753,Quality,WS-10,AFTERNOON,5,2026-10-05T13:57:53,HAPPY,OK,36.68,80.1,98.1,0.275,9.17,LOW
8b835347-dabb-4f2b-84ad-b01fbfe0b971,EMP0727,Worker_0727,RFID000727,Quality,WS-08,AFTERNOON,5,2026-10-05T13:58:03,OK,HAPPY,36.32,84.8,97.2,0.447,46.91,MODERATE
0b0a9410-2215-460a-a8b1-fbee3d6136d8,EMP0771,Worker_0771,RFID000771,Cutting,WS-07,AFTERNOON,5,2026-10-05T13:58:17,HAPPY,HAPPY,36.5,76.3,99.2,0.224,14.37,LOW
bfa3502f-c6bf-4291-b0fc-ea6b8f064a17,EMP0853,Worker_0853,RFID000853,Production,WS-05,AFTERNOON,5,2026-10-05T13:58:43,OK,HAPPY,36.75,79.5,98.5,0.292,34.6,LOW
88cc91e8-9454-4394-9a07-d3e161d4d6bf,EMP0820,Worker_0820,RFID000820,Stores,WS-09,AFTERNOON,5,2026-10-05T13:59:26,OK,HAPPY,36.4,68.1,98.6,0.208,38.07,MODERATE
e781442a-0e90-43c4-a4d6-ee072571f8ba,EMP0451,Worker_0451,RFID000451,Packaging,WS-09,AFTERNOON,5,2026-10-05T13:59:29,OK,SAD,36.6,72.3,98.4,0.506,38.53,MODERATE
af02b2cc-4c08-43a5-b6b5-2701adc2d710,EMP0806,Worker_0806,RFID000806,Production,WS-09,AFTERNOON,5,2026-10-05T13:59:33,OK,OK,36.61,83.9,97.7,0.301,36.65,MODERATE
8a318851-e70d-4a68-9d4d-4a2000746005,EMP0067,Worker_0067,RFID000067,Finishing,WS-10,AFTERNOON,5,2026-10-05T13:59:43,HAPPY,HAPPY,36.79,75.0,98.3,0.386,11.3,LOW
de975a1d-13e7-4b36-8489-e38eafdcde6d,EMP0108,Worker_0108,RFID000108,Production,WS-05,AFTERNOON,5,2026-10-05T13:59:44,HAPPY,HAPPY,36.51,70.4,98.0,0.312,13.03,LOW
e0ada2d5-4c5a-4c70-9c09-ecf325cac8b4,EMP0161,Worker_0161,RFID000161,Assembly,WS-02,AFTERNOON,5,2026-10-05T13:59:52,HAPPY,OK,36.08,75.6,97.4,0.289,13.24,LOW
8014043a-6770-4094-a43b-b506f5e646fb,EMP0679,Worker_0679,RFID000679,Stores,WS-06,AFTERNOON,5,2026-10-05T14:00:30,OK,OK,36.56,85.5,98.9,0.318,37.96,MODERATE
d84ada60-25a8-4140-8252-e8f1e349691e,EMP0778,Worker_0778,RFID000778,Assembly,WS-03,AFTERNOON,5,2026-10-05T14:00:34,HAPPY,HAPPY,36.41,77.6,98.7,0.249,8.55,LOW
836c0cf9-cbb3-44db-bc9a-aa65a7f92a47,EMP0341,Worker_0341,RFID000341,Cutting,WS-09,AFTERNOON,5,2026-10-05T14:01:05,HAPPY,HAPPY,36.59,68.2,97.6,0.377,9.46,LOW
6e988dc4-ac0f-4af1-bc87-3ef7a0cea572,EMP0941,Worker_0941,RFID000941,Production,WS-04,AFTERNOON,5,2026-10-05T14:01:26,OK,OK,36.47,76.1,98.0,0.42,42.71,MODERATE
ea084888-4cca-48f1-bff3-d145471bf8ce,EMP0987,Worker_0987,RFID000987,Stores,WS-03,AFTERNOON,5,2026-10-05T14:01:30,OK,SAD,36.36,77.2,99.4,0.192,42.35,MODERATE
794b5304-d20e-437b-abc5-f2de65df371d,EMP0353,Worker_0353,RFID000353,Cutting,WS-10,AFTERNOON,5,2026-10-05T14:01:32,HAPPY,SAD,36.41,70.0,97.7,0.104,11.53,LOW
afe6235f-2bf6-4803-a035-381e7e3935d2,EMP0022,Worker_0022,RFID000022,Packaging,WS-09,AFTERNOON,5,2026-10-05T14:01:47,HAPPY,SAD,36.7,79.0,98.8,0.207,5.92,LOW
b3894cae-cef2-414d-a5f0-f0f41df868c0,EMP0093,Worker_0093,RFID000093,Assembly,WS-09,AFTERNOON,5,2026-10-05T14:01:56,OK,HAPPY,36.71,90.7,96.8,0.334,42.33,MODERATE
a73d2dbb-d905-4539-bd59-d0de084f78dd,EMP0736,Worker_0736,RFID000736,Stores,WS-06,AFTERNOON,5,2026-10-05T14:02:01,HAPPY,HAPPY,36.57,73.2,98.9,0.241,12.78,LOW
1ab20ac8-d8e5-4129-a400-9bbc03ae81d8,EMP0664,Worker_0664,RFID000664,Assembly,WS-01,AFTERNOON,5,2026-10-05T14:02:26,HAPPY,OK,36.2,82.6,97.5,0.324,9.72,LOW
d4ad930d-da7d-4566-a7e2-52d2c305f755,EMP0815,Worker_0815,RFID000815,Production,WS-08,AFTERNOON,5,2026-10-05T14:02:42,OK,HAPPY,36.75,89.7,97.2,0.327,44.03,MODERATE
d6de2810-595e-434b-945f-fd9a433290b6,EMP0205,Worker_0205,RFID000205,Packaging,WS-03,AFTERNOON,5,2026-10-05T14:03:02,SAD,OK,36.8,80.7,97.5,0.452,75.74,HIGH
a302b89e-fc18-4934-9d8a-2722b116ba57,EMP0660,Worker_0660,RFID000660,Assembly,WS-09,AFTERNOON,5,2026-10-05T14:03:02,HAPPY,HAPPY,36.24,74.9,97.9,0.241,14.77,LOW
548e594f-946a-4939-bfba-6805eed12a76,EMP0137,Worker_0137,RFID000137,Maintenance,WS-03,AFTERNOON,5,2026-10-05T14:03:06,HAPPY,OK,36.66,74.2,98.5,0.179,15.0,LOW
9c35c0ad-33f5-48cb-9865-17506703a7f2,EMP0988,Worker_0988,RFID000988,Cutting,WS-09,AFTERNOON,5,2026-10-05T14:03:33,HAPPY,SAD,36.39,71.2,97.0,0.342,12.97,LOW
f4797b5f-6ef9-4e66-9550-ededadb5e093,EMP0155,Worker_0155,RFID000155,Production,WS-09,AFTERNOON,5,2026-10-05T14:03:43,OK,SAD,36.66,76.8,97.0,0.44,45.0,MODERATE
9d21875b-b309-47b3-ba4e-dbf52cd18823,EMP0229,Worker_0229,RFID000229,Quality,WS-06,AFTERNOON,5,2026-10-05T14:03:44,SAD,SAD,36.47,91.0,97.3,0.547,90.92,HIGH
2b114c28-0e7b-4fcb-8007-2ac43e736e19,EMP0420,Worker_0420,RFID000420,Maintenance,WS-08,AFTERNOON,5,2026-10-05T14:04:28,OK,OK,36.34,81.7,98.2,0.27,37.77,MODERATE
c38d237f-0589-4abd-b1e5-d3bccb1da318,EMP0283,Worker_0283,RFID000283,Finishing,WS-05,AFTERNOON,5,2026-10-05T14:04:32,OK,OK,36.49,89.0,98.1,0.451,43.8,MODERATE
822d17c3-216c-4184-8d04-35989fa67a05,EMP0900,Worker_0900,RFID000900,Finishing,WS-04,AFTERNOON,5,2026-10-05T14:04:39,HAPPY,HAPPY,36.37,77.5,98.3,0.129,8.56,LOW
193b224c-2ce6-4b4e-98e8-cb5cd779d19e,EMP0752,Worker_0752,RFID000752,Quality,WS-01,AFTERNOON,5,2026-10-05T14:04:45,SAD,HAPPY,36.79,83.7,96.6,0.4,69.32,HIGH
4f96b448-4c9e-47f2-aff6-e43f145ae0d2,EMP0003,Worker_0003,RFID000003,Packaging,WS-09,AFTERNOON,5,2026-10-05T14:04:52,HAPPY,HAPPY,36.54,77.5,97.1,0.311,7.07,LOW
4e97f380-a6d0-4ea0-8647-fad70e4acc79,EMP0062,Worker_0062,RFID000062,Packaging,WS-05,AFTERNOON,5,2026-10-05T14:04:53,HAPPY,OK,36.26,77.2,97.5,0.263,6.41,LOW
48f282c4-606b-49c6-8577-1128d88f7814,EMP0540,Worker_0540,RFID000540,Maintenance,WS-08,AFTERNOON,5,2026-10-05T14:04:58,HAPPY,HAPPY,36.45,82.6,96.7,0.278,8.93,LOW
92e3e654-c302-4815-8122-10286e8fcdf4,EMP0125,Worker_0125,RFID000125,Maintenance,WS-06,AFTERNOON,5,2026-10-05T14:05:20,OK,SAD,36.51,81.2,97.3,0.292,34.68,LOW
bf530395-e6d3-42d5-ab4d-26393f738f6e,EMP0278,Worker_0278,RFID000278,Finishing,WS-03,AFTERNOON,5,2026-10-05T14:05:50,SAD,OK,37.11,77.6,97.0,0.545,83.05,HIGH
e3d7d643-a0fc-4f4f-ad7c-5a635e2678c8,EMP0316,Worker_0316,RFID000316,Assembly,WS-01,AFTERNOON,5,2026-10-05T14:05:51,OK,OK,36.55,73.5,98.2,0.32,37.75,MODERATE
cdb984ad-34a4-4675-902e-3193424b5d4f,EMP0859,Worker_0859,RFID000859,Quality,WS-03,AFTERNOON,5,2026-10-05T14:06:17,HAPPY,HAPPY,36.14,74.2,97.2,0.094,8.84,LOW
055dade9-2358-48a9-a5dd-bea311be4bf0,EMP0332,Worker_0332,RFID000332,Cutting,WS-05,AFTERNOON,5,2026-10-05T14:06:19,HAPPY,OK,36.08,77.3,97.7,0.176,8.23,LOW
ad280ef8-c432-4f94-bbf0-82ac094ed774,EMP0525,Worker_0525,RFID000525,Stores,WS-09,AFTERNOON,5,2026-10-05T14:06:34,HAPPY,HAPPY,36.4,86.2,98.6,0.385,16.83,LOW
c21e6a7d-c1a1-4bdb-a99d-0064b4b3612b,EMP0276,Worker_0276,RFID000276,Stores,WS-04,AFTERNOON,5,2026-10-05T14:06:37,OK,OK,36.24,73.2,97.4,0.365,33.79,LOW
af5ef799-da8d-4c20-8cd7-60e002eacf5b,EMP0572,Worker_0572,RFID000572,Production,WS-01,AFTERNOON,5,2026-10-05T14:06:42,OK,OK,36.49,82.0,98.6,0.305,41.95,MODERATE
4fa8b194-3d91-4e39-a804-c8e9bf859f8d,EMP0834,Worker_0834,RFID000834,Production,WS-05,AFTERNOON,5,2026-10-05T14:06:43,HAPPY,SAD,36.72,69.9,97.7,0.217,11.07,LOW
f5a09e7f-de9f-4071-9ff5-eb8e4da47059,EMP0110,Worker_0110,RFID000110,Cutting,WS-06,AFTERNOON,5,2026-10-05T14:06:49,HAPPY,OK,36.1,73.8,98.5,0.258,13.46,LOW
bc4e2ec4-0103-4b65-800f-a29d089c8cfe,EMP0970,Worker_0970,RFID000970,Quality,WS-07,AFTERNOON,5,2026-10-05T14:07:09,HAPPY,OK,36.28,84.1,98.7,0.23,10.05,LOW
534c687f-7cb0-4822-9412-341e9e7c4b19,EMP0308,Worker_0308,RFID000308,Stores,WS-03,AFTERNOON,5,2026-10-05T14:07:13,OK,SAD,36.55,74.1,97.1,0.45,38.45,MODERATE
ff763dd0-85c8-4c1c-8c71-e79a2adee42e,EMP0149,Worker_0149,RFID000149,Packaging,WS-10,AFTERNOON,5,2026-10-05T14:07:34,OK,HAPPY,36.3,89.7,96.9,0.355,40.33,MODERATE
44c9f446-104c-4baf-bc4d-13418c3e0a19,EMP0225,Worker_0225,RFID000225,Packaging,WS-02,AFTERNOON,5,2026-10-05T14:08:02,OK,OK,36.32,65.7,98.8,0.494,42.39,MODERATE
0be081ea-b8d0-490e-a405-d8d3b8e7bf4d,EMP0117,Worker_0117,RFID000117,Finishing,WS-04,AFTERNOON,5,2026-10-05T14:08:17,SAD,OK,36.46,89.3,96.9,0.555,87.45,HIGH
0e97b6bd-7a8c-4239-ad71-0adeb4fc766d,EMP0860,Worker_0860,RFID000860,Quality,WS-04,AFTERNOON,5,2026-10-05T14:08:25,HAPPY,HAPPY,36.17,73.0,97.8,0.184,10.86,LOW
d70bb48f-6fd0-4c94-83bb-d99aa391b9c5,EMP0368,Worker_0368,RFID000368,Finishing,WS-03,AFTERNOON,5,2026-10-05T14:08:40,HAPPY,OK,36.35,77.4,97.9,0.204,7.7,LOW
65699e75-2b22-41d8-9f1d-4deaf07d2be4,EMP0690,Worker_0690,RFID000690,Assembly,WS-05,AFTERNOON,5,2026-10-05T14:08:58,HAPPY,HAPPY,36.23,76.2,97.5,0.237,8.96,LOW
35fb3ab7-af4d-419a-a8c5-164fe2200e2b,EMP0563,Worker_0563,RFID000563,Cutting,WS-05,AFTERNOON,5,2026-10-05T14:09:08,OK,HAPPY,36.31,84.0,98.9,0.411,42.65,MODERATE
a6c0d448-4de8-4707-9ce4-e12e482e8349,EMP0160,Worker_0160,RFID000160,Assembly,WS-06,AFTERNOON,5,2026-10-05T14:09:53,OK,SAD,36.8,76.7,97.7,0.213,38.25,MODERATE
5c3723c6-94aa-42e3-89e2-309056a355ad,EMP0079,Worker_0079,RFID000079,Production,WS-01,AFTERNOON,5,2026-10-05T14:10:25,OK,OK,36.28,86.1,97.7,0.167,38.74,MODERATE
9c191988-3a2b-4899-8899-28251ee1b7bc,EMP0502,Worker_0502,RFID000502,Assembly,WS-05,AFTERNOON,5,2026-10-05T14:10:42,OK,HAPPY,36.46,80.4,98.6,0.232,36.75,MODERATE
cd3b7692-dba9-4374-8ddd-723b1b7d01ec,EMP0312,Worker_0312,RFID000312,Production,WS-09,AFTERNOON,5,2026-10-05T14:11:02,SAD,OK,36.51,93.4,97.7,0.507,87.42,HIGH
7c43a601-1673-4ec6-b17a-e2b19f96437f,EMP0388,Worker_0388,RFID000388,Production,WS-01,AFTERNOON,5,2026-10-05T14:11:12,OK,OK,36.54,89.5,97.8,0.436,44.69,MODERATE
21b37a39-91a5-46eb-ae68-20d1b0cd31d9,EMP0711,Worker_0711,RFID000711,Production,WS-10,AFTERNOON,5,2026-10-05T14:11:38,HAPPY,OK,36.47,88.5,98.2,0.197,9.84,LOW
60f125c5-daee-4190-899c-ba71b90649f6,EMP0670,Worker_0670,RFID000670,Quality,WS-09,AFTERNOON,5,2026-10-05T14:11:49,OK,OK,36.34,85.4,97.4,0.266,39.61,MODERATE
cd96052d-0737-41ae-8d18-feb8ddf89bde,EMP0253,Worker_0253,RFID000253,Finishing,WS-10,AFTERNOON,5,2026-10-05T14:12:03,OK,SAD,36.59,81.2,97.5,0.287,38.03,MODERATE
0be6a076-8801-49f9-86e3-55f0d17635a3,EMP0265,Worker_0265,RFID000265,Packaging,WS-04,AFTERNOON,5,2026-10-05T14:12:11,HAPPY,HAPPY,36.94,63.9,97.2,0.215,8.28,LOW
26b50cce-8238-4e27-92db-422779c63918,EMP0740,Worker_0740,RFID000740,Stores,WS-02,AFTERNOON,5,2026-10-05T14:12:15,OK,SAD,36.6,85.2,97.4,0.408,48.94,MODERATE
47b9ac9d-dc5b-4014-8577-42101de6e2c4,EMP0175,Worker_0175,RFID000175,Cutting,WS-01,AFTERNOON,5,2026-10-05T14:12:17,SAD,HAPPY,36.64,90.8,97.1,0.407,83.61,HIGH
a66e8ea3-5dc5-4b44-a205-8b11459c475f,EMP0598,Worker_0598,RFID000598,Quality,WS-08,AFTERNOON,5,2026-10-05T14:12:30,OK,HAPPY,36.44,73.2,98.3,0.415,41.17,MODERATE
26943884-9cba-49fa-a0c4-1e5ce5c6ff29,EMP0684,Worker_0684,RFID000684,Quality,WS-08,AFTERNOON,5,2026-10-05T14:12:31,OK,SAD,36.44,86.3,97.9,0.123,39.89,MODERATE
b64471fd-a779-43a7-a9d5-fca78bb7fd20,EMP0694,Worker_0694,RFID000694,Production,WS-05,AFTERNOON,5,2026-10-05T14:12:40,SAD,SAD,36.61,92.0,97.2,0.341,91.1,HIGH
95ea7968-1a02-4502-95fb-84bb328efd72,EMP0688,Worker_0688,RFID000688,Packaging,WS-04,AFTERNOON,5,2026-10-05T14:12:54,SAD,OK,36.37,97.3,97.7,0.328,79.33,HIGH
7c0f6dff-d45f-47e0-8458-e16e4009d4ad,EMP0824,Worker_0824,RFID000824,Finishing,WS-10,AFTERNOON,5,2026-10-05T14:12:54,OK,HAPPY,36.77,85.6,98.5,0.296,46.02,MODERATE
4a0f1149-9f98-4d61-8ea8-87557f21e71c,EMP0438,Worker_0438,RFID000438,Assembly,WS-06,AFTERNOON,5,2026-10-05T14:13:28,OK,OK,36.29,81.4,96.5,0.194,38.86,MODERATE
b7f983f5-f594-4f80-bd6f-f959c156a411,EMP0515,Worker_0515,RFID000515,Finishing,WS-08,AFTERNOON,5,2026-10-05T14:13:32,OK,OK,36.75,75.4,98.6,0.275,40.53,MODERATE
e978406d-9dec-4b32-9682-7c585c77056c,EMP0140,Worker_0140,RFID000140,Maintenance,WS-06,AFTERNOON,5,2026-10-05T14:13:36,HAPPY,OK,36.44,78.4,97.3,0.274,8.06,LOW
df37927a-7a01-4af9-8f0c-a681d372ff68,EMP0002,Worker_0002,RFID000002,Assembly,WS-10,AFTERNOON,5,2026-10-05T14:13:44,OK,HAPPY,36.24,84.4,97.0,0.229,39.32,MODERATE
76f732f1-78a3-4bd2-a7f5-01ce5384c514,EMP0590,Worker_0590,RFID000590,Production,WS-07,AFTERNOON,5,2026-10-05T14:13:52,SAD,HAPPY,36.75,99.5,97.5,0.411,85.36,HIGH
abed5558-4d71-4e46-98b1-c75511224f8d,EMP0036,Worker_0036,RFID000036,Packaging,WS-10,AFTERNOON,5,2026-10-05T14:14:19,HAPPY,HAPPY,36.57,77.7,98.0,0.267,5.6,LOW
4355ea32-ad34-418c-b2b8-8a12009cda92,EMP0576,Worker_0576,RFID000576,Packaging,WS-02,AFTERNOON,5,2026-10-05T14:14:46,OK,HAPPY,36.32,77.5,96.8,0.213,39.59,MODERATE
e04d2f21-d85b-4bda-98e2-6ecaf8513730,EMP0399,Worker_0399,RFID000399,Production,WS-09,AFTERNOON,5,2026-10-05T14:14:57,HAPPY,OK,36.47,75.4,98.3,0.155,13.47,LOW
b59fd4ea-5cb6-4cd0-98d7-86b508b8b7ae,EMP0407,Worker_0407,RFID000407,Packaging,WS-09,AFTERNOON,5,2026-10-05T14:15:08,SAD,OK,36.85,80.3,96.9,0.583,85.26,HIGH
be2b8ada-ed04-4e97-a010-026df9b6a34b,EMP0751,Worker_0751,RFID000751,Maintenance,WS-10,AFTERNOON,5,2026-10-05T14:15:16,OK,HAPPY,36.27,75.7,97.4,0.256,36.9,MODERATE
996f6921-91cb-4299-ae25-2e5ce63d7f0b,EMP0861,Worker_0861,RFID000861,Quality,WS-09,AFTERNOON,5,2026-10-05T14:15:22,SAD,HAPPY,36.99,88.7,97.2,0.665,86.0,HIGH
eb16ebeb-1475-4eb4-8d23-6a8429239195,EMP0400,Worker_0400,RFID000400,Stores,WS-05,AFTERNOON,5,2026-10-05T14:15:57,OK,HAPPY,36.55,88.8,97.7,0.333,43.42,MODERATE
92e28fae-2318-48fd-962c-2f56843c0a49,EMP0289,Worker_0289,RFID000289,Packaging,WS-04,AFTERNOON,5,2026-10-05T14:16:04,OK,OK,36.15,78.3,98.1,0.368,39.54,MODERATE
18caf90a-c5c3-4819-ad11-c48d5174ebad,EMP0145,Worker_0145,RFID000145,Quality,WS-07,AFTERNOON,5,2026-10-05T14:16:19,OK,HAPPY,36.5,74.2,98.0,0.547,45.97,MODERATE
c64a58ba-7441-49ba-bb7a-58c061b3ac2f,EMP0194,Worker_0194,RFID000194,Assembly,WS-09,AFTERNOON,5,2026-10-05T14:16:36,OK,OK,36.79,82.7,98.7,0.176,34.02,LOW
e68e85cd-1d3a-43b3-abbe-2a9f7234176d,EMP0986,Worker_0986,RFID000986,Cutting,WS-05,AFTERNOON,5,2026-10-05T14:16:36,SAD,OK,36.67,87.3,97.6,0.467,79.19,HIGH
4c1fc057-da66-4bd2-9536-56457ca9095e,EMP0643,Worker_0643,RFID000643,Stores,WS-01,AFTERNOON,5,2026-10-05T14:16:44,HAPPY,HAPPY,36.99,74.2,97.5,0.434,10.52,LOW
4ca75cc8-2f01-44f6-9d77-8baf1a0aed90,EMP0033,Worker_0033,RFID000033,Finishing,WS-03,AFTERNOON,5,2026-10-05T14:17:00,HAPPY,HAPPY,36.43,67.0,96.8,0.277,14.26,LOW
9248a18c-617e-49cb-8104-ca83192bc783,EMP0191,Worker_0191,RFID000191,Cutting,WS-03,AFTERNOON,5,2026-10-05T14:17:03,OK,OK,36.92,82.3,97.1,0.274,41.29,MODERATE
81c02214-fc89-4ab1-aa8e-697658d23b24,EMP0114,Worker_0114,RFID000114,Assembly,WS-01,AFTERNOON,5,2026-10-05T14:17:20,HAPPY,OK,36.44,89.7,97.6,0.152,15.78,LOW
8b6513db-2597-4dde-92ea-5118ff9e7b16,EMP0058,Worker_0058,RFID000058,Packaging,WS-07,AFTERNOON,5,2026-10-05T14:17:22,OK,OK,36.42,80.8,98.4,0.267,42.81,MODERATE
70bd3cfb-b87f-4dfc-b3d7-8500d281095f,EMP0204,Worker_0204,RFID000204,Finishing,WS-03,AFTERNOON,5,2026-10-05T14:17:31,HAPPY,HAPPY,36.44,81.6,98.6,0.487,18.5,LOW
c712c73f-0dc8-4d89-a53c-b3ced93dfbf5,EMP0997,Worker_0997,RFID000997,Cutting,WS-08,AFTERNOON,5,2026-10-05T14:17:41,HAPPY,HAPPY,36.59,73.6,98.2,0.268,11.4,LOW
150423df-db4e-401b-9583-f4b8030c5edf,EMP0634,Worker_0634,RFID000634,Stores,WS-06,AFTERNOON,5,2026-10-05T14:17:45,HAPPY,OK,36.61,80.3,99.0,0.329,12.12,LOW
5e1d369c-4ebe-4caf-ad2f-5fd91b2123e1,EMP0361,Worker_0361,RFID000361,Production,WS-08,AFTERNOON,5,2026-10-05T14:17:55,HAPPY,HAPPY,36.75,74.1,97.0,0.351,6.57,LOW
055b8fd2-0195-475f-baf8-bfa9e924ef1a,EMP0513,Worker_0513,RFID000513,Assembly,WS-08,AFTERNOON,5,2026-10-05T14:17:58,OK,OK,36.54,76.9,96.8,0.337,37.29,MODERATE
90d4e0b5-d49d-4280-babf-d0870554203f,EMP0856,Worker_0856,RFID000856,Finishing,WS-08,AFTERNOON,5,2026-10-05T14:19:00,OK,HAPPY,36.13,79.0,99.1,0.237,41.11,MODERATE
3459fb2f-c333-46b6-afdb-5a8f082dcd4f,EMP0733,Worker_0733,RFID000733,Assembly,WS-01,AFTERNOON,5,2026-10-05T14:19:11,HAPPY,HAPPY,36.61,74.1,98.8,0.22,7.1,LOW
3bb482e7-214d-4a6a-ae06-be2ebe3965cf,EMP0642,Worker_0642,RFID000642,Quality,WS-05,AFTERNOON,5,2026-10-05T14:19:13,HAPPY,HAPPY,36.38,62.1,98.4,0.325,5.69,LOW
0254196b-6cd4-443d-a0e4-7cf7d023397b,EMP0437,Worker_0437,RFID000437,Finishing,WS-03,AFTERNOON,5,2026-10-05T14:19:17,HAPPY,SAD,36.11,70.9,97.5,0.21,7.34,LOW
8be1b8f4-f800-4fc6-8f8b-c3402ab36501,EMP0484,Worker_0484,RFID000484,Production,WS-03,AFTERNOON,5,2026-10-05T14:19:21,SAD,OK,36.43,91.0,97.2,0.506,83.27,HIGH
7241ae36-a76c-4f91-b09e-21d081bd3bc1,EMP0083,Worker_0083,RFID000083,Maintenance,WS-10,AFTERNOON,5,2026-10-05T14:19:39,OK,HAPPY,36.74,87.0,98.6,0.128,40.58,MODERATE
58cae6d0-db42-4973-b08a-cb3a02e224b8,EMP0878,Worker_0878,RFID000878,Finishing,WS-10,AFTERNOON,5,2026-10-05T14:20:03,SAD,OK,36.54,86.1,97.9,0.663,85.38,HIGH
2e933607-f5b1-42b3-8c3f-df85bf277ba1,EMP0214,Worker_0214,RFID000214,Production,WS-04,AFTERNOON,5,2026-10-05T14:20:24,HAPPY,OK,36.39,80.9,96.9,0.236,6.49,LOW
dadfc454-5073-410e-935d-e8b307890af2,EMP0338,Worker_0338,RFID000338,Production,WS-08,AFTERNOON,5,2026-10-05T14:20:46,HAPPY,HAPPY,36.27,80.8,98.8,0.331,6.51,LOW
362ec066-c155-4947-ba43-1a4e5a318fa3,EMP0573,Worker_0573,RFID000573,Maintenance,WS-10,AFTERNOON,5,2026-10-05T14:20:46,OK,OK,36.4,74.1,98.1,0.294,37.16,MODERATE
d62ba701-d269-4c44-9f35-59f76e5a3f97,EMP0053,Worker_0053,RFID000053,Stores,WS-01,AFTERNOON,5,2026-10-05T14:20:51,HAPPY,HAPPY,36.81,64.9,97.4,0.391,10.48,LOW
113b0503-026d-49b5-ac7f-b17001dc5c3c,EMP0890,Worker_0890,RFID000890,Assembly,WS-01,AFTERNOON,5,2026-10-05T14:21:25,SAD,OK,36.83,92.9,96.9,0.411,82.92,HIGH
96391753-c71c-4fee-ba70-bf77e252d654,EMP0188,Worker_0188,RFID000188,Stores,WS-05,AFTERNOON,5,2026-10-05T14:21:54,SAD,OK,36.81,79.3,97.4,0.452,76.07,HIGH
fe4094b6-8f29-4304-8d2e-09e9d17a084c,EMP0508,Worker_0508,RFID000508,Cutting,WS-06,AFTERNOON,5,2026-10-05T14:22:08,HAPPY,OK,36.72,80.9,99.4,0.311,11.94,LOW
0b14e4a0-16e1-4fc2-9c2e-137a1ee0ebea,EMP0606,Worker_0606,RFID000606,Production,WS-08,AFTERNOON,5,2026-10-05T14:22:22,SAD,OK,36.44,78.5,98.2,0.654,79.02,HIGH
5564665c-780f-4c8c-a153-bbc7066a1e61,EMP0402,Worker_0402,RFID000402,Maintenance,WS-06,AFTERNOON,5,2026-10-05T14:22:39,SAD,SAD,36.71,88.0,97.3,0.418,84.55,HIGH
14a3c0fa-0519-43c1-a673-23ba9217dcde,EMP0169,Worker_0169,RFID000169,Stores,WS-10,AFTERNOON,5,2026-10-05T14:22:46,OK,HAPPY,36.79,83.7,97.1,0.414,42.53,MODERATE
af82a0a2-06cb-4f6e-9bac-55f739a4049b,EMP0644,Worker_0644,RFID000644,Quality,WS-08,AFTERNOON,5,2026-10-05T14:22:53,SAD,HAPPY,36.38,86.2,96.4,0.333,73.91,HIGH
94a60fbb-3953-4783-a51f-d8efbb1183fa,EMP0613,Worker_0613,RFID000613,Stores,WS-08,AFTERNOON,5,2026-10-05T14:22:56,HAPPY,HAPPY,36.73,83.2,98.6,0.299,9.01,LOW
a4119ec3-d444-41dd-b533-7f58528d479a,EMP0854,Worker_0854,RFID000854,Production,WS-05,AFTERNOON,5,2026-10-05T14:23:23,HAPPY,HAPPY,36.14,68.5,99.0,0.282,14.31,LOW
0671597a-25ea-4402-a20a-3a720469f869,EMP0898,Worker_0898,RFID000898,Assembly,WS-09,AFTERNOON,5,2026-10-05T14:23:26,HAPPY,SAD,36.69,64.9,98.7,0.204,10.06,LOW
013ad10e-7fda-484c-9962-7d635ff6bb9d,EMP0883,Worker_0883,RFID000883,Maintenance,WS-05,AFTERNOON,5,2026-10-05T14:23:27,SAD,OK,36.7,85.3,95.8,0.628,86.1,HIGH
638fe97c-a621-45c5-8cc0-12b291a85511,EMP0907,Worker_0907,RFID000907,Production,WS-02,AFTERNOON,5,2026-10-05T14:23:31,OK,OK,36.31,75.1,97.2,0.317,42.89,MODERATE
6c28b460-2a66-4243-a29f-c1790b7855fe,EMP0121,Worker_0121,RFID000121,Packaging,WS-04,AFTERNOON,5,2026-10-05T14:23:41,SAD,OK,36.65,92.8,98.3,0.382,81.29,HIGH
4b55bbb3-25d3-4a07-ba1d-b64bc1eb3bd5,EMP0275,Worker_0275,RFID000275,Packaging,WS-08,AFTERNOON,5,2026-10-05T14:24:40,HAPPY,HAPPY,36.74,73.6,98.2,0.337,11.24,LOW
1ac43f10-e4b3-4d4e-af06-b8886c30e787,EMP0569,Worker_0569,RFID000569,Quality,WS-09,AFTERNOON,5,2026-10-05T14:24:42,OK,HAPPY,36.45,71.5,97.2,0.333,33.91,LOW
c97b830c-33cc-406a-ba08-b0dd853c0847,EMP0876,Worker_0876,RFID000876,Finishing,WS-02,AFTERNOON,5,2026-10-05T14:24:53,OK,SAD,36.81,80.1,97.5,0.274,35.4,MODERATE
b177ef62-5c40-4e43-a2ec-ef80eee79934,EMP0358,Worker_0358,RFID000358,Cutting,WS-08,AFTERNOON,5,2026-10-05T14:24:59,HAPPY,HAPPY,36.61,76.8,97.8,0.188,11.5,LOW
693d8fa6-93e8-4752-863d-4c592f1c2d33,EMP0528,Worker_0528,RFID000528,Maintenance,WS-06,AFTERNOON,5,2026-10-05T14:25:07,HAPPY,OK,36.21,80.2,98.4,0.371,10.64,LOW
451e31e2-f002-4caf-9704-3dd1da666465,EMP0389,Worker_0389,RFID000389,Cutting,WS-07,AFTERNOON,5,2026-10-05T14:25:19,HAPPY,SAD,36.64,67.9,98.4,0.224,7.27,LOW
71bcb830-34d2-4315-9a83-d76972cbcec4,EMP0639,Worker_0639,RFID000639,Packaging,WS-01,AFTERNOON,5,2026-10-05T14:25:19,HAPPY,HAPPY,36.28,72.8,98.7,0.235,8.07,LOW
3fd8d846-87e5-4e45-aba6-f4a9c23ccb9b,EMP0527,Worker_0527,RFID000527,Maintenance,WS-09,AFTERNOON,5,2026-10-05T14:25:28,HAPPY,OK,36.47,81.0,98.8,0.358,14.28,LOW
bba270e0-d889-4edb-a106-e7ba4822039b,EMP0645,Worker_0645,RFID000645,Maintenance,WS-08,AFTERNOON,5,2026-10-05T14:25:39,SAD,HAPPY,36.64,98.3,98.9,0.542,83.57,HIGH
6e49a4fc-1cd8-4e08-b59e-253365b7a60e,EMP0953,Worker_0953,RFID000953,Cutting,WS-10,AFTERNOON,5,2026-10-05T14:26:00,HAPPY,SAD,36.27,75.2,97.6,0.367,13.72,LOW
5db8764f-1627-4a18-b4c5-58e14ff744be,EMP0078,Worker_0078,RFID000078,Assembly,WS-08,AFTERNOON,5,2026-10-05T14:26:23,OK,OK,36.36,77.8,98.5,0.273,35.55,MODERATE
ba75a20f-e345-41a6-a387-a5d2dd822b58,EMP0315,Worker_0315,RFID000315,Cutting,WS-02,AFTERNOON,5,2026-10-05T14:26:42,HAPPY,HAPPY,36.28,79.4,98.7,0.421,16.27,LOW
26e3cc72-e66a-431e-bb5c-6310fda72b71,EMP0142,Worker_0142,RFID000142,Maintenance,WS-10,AFTERNOON,5,2026-10-05T14:26:53,OK,HAPPY,36.66,72.2,97.4,0.381,37.7,MODERATE
bdcbf04a-3c48-455e-be0a-5d1d4b2a9318,EMP0158,Worker_0158,RFID000158,Maintenance,WS-08,AFTERNOON,5,2026-10-05T14:27:19,SAD,OK,36.73,91.9,97.8,0.452,83.31,HIGH
8c1890f1-811c-4df7-8a24-bd9ea8023bee,EMP0430,Worker_0430,RFID000430,Finishing,WS-01,AFTERNOON,5,2026-10-05T14:27:43,OK,HAPPY,36.69,71.3,98.9,0.343,41.53,MODERATE
effea26e-6d52-48f1-b69e-44b55a160138,EMP0724,Worker_0724,RFID000724,Packaging,WS-09,AFTERNOON,5,2026-10-05T14:28:44,HAPPY,OK,36.63,73.2,99.0,0.138,14.0,LOW
3c25a66f-789c-41e7-9c79-bd07b3f91186,EMP0329,Worker_0329,RFID000329,Stores,WS-09,AFTERNOON,5,2026-10-05T14:28:52,OK,HAPPY,36.54,71.2,98.2,0.29,33.65,LOW
13dc976a-bfcd-4293-b8b3-a5669f3096e9,EMP0519,Worker_0519,RFID000519,Maintenance,WS-09,AFTERNOON,5,2026-10-05T14:28:52,OK,HAPPY,36.57,77.8,97.2,0.175,40.02,MODERATE
08b98870-4ac5-4f93-8cf9-521c5004302d,EMP0440,Worker_0440,RFID000440,Cutting,WS-06,AFTERNOON,5,2026-10-05T14:29:12,OK,OK,36.35,84.2,97.3,0.37,42.69,MODERATE
7b4842a7-2707-4c31-aa3d-aecff03d26d3,EMP0493,Worker_0493,RFID000493,Cutting,WS-01,AFTERNOON,5,2026-10-05T14:29:59,SAD,SAD,36.79,86.3,97.2,0.431,90.68,HIGH
120c122f-0ed6-47e0-8bac-43688c494dde,EMP0450,Worker_0450,RFID000450,Production,WS-03,AFTERNOON,5,2026-10-05T14:30:06,SAD,HAPPY,36.83,92.9,97.1,0.499,88.51,HIGH
132b5a72-c518-4fcf-b105-cb87d6b965d8,EMP0589,Worker_0589,RFID000589,Cutting,WS-05,AFTERNOON,5,2026-10-05T14:30:19,HAPPY,HAPPY,36.55,66.3,98.9,0.259,10.5,LOW
977b4be5-ee44-48e2-87f8-43d1f11ebed2,EMP0870,Worker_0870,RFID000870,Cutting,WS-08,AFTERNOON,5,2026-10-05T14:30:19,SAD,OK,36.79,79.4,98.2,0.637,84.38,HIGH
fc8647b0-399d-4131-abfd-485f0c1d9c84,EMP0680,Worker_0680,RFID000680,Production,WS-07,AFTERNOON,5,2026-10-05T14:30:58,HAPPY,HAPPY,36.58,65.4,96.8,0.287,8.57,LOW
c0f1caa1-d7c4-478f-ac46-4915d5afcc3b,EMP0734,Worker_0734,RFID000734,Cutting,WS-07,AFTERNOON,5,2026-10-05T14:30:58,HAPPY,SAD,36.46,70.1,98.5,0.108,14.44,LOW
e5a284aa-3524-4a84-a45b-f9e9aed63f5a,EMP0367,Worker_0367,RFID000367,Quality,WS-03,AFTERNOON,5,2026-10-05T14:31:04,HAPPY,HAPPY,36.68,70.8,99.3,0.344,12.16,LOW
fa692758-45ff-4545-a400-6fdc9f1543a7,EMP0116,Worker_0116,RFID000116,Quality,WS-08,AFTERNOON,5,2026-10-05T14:31:07,HAPPY,HAPPY,36.31,82.2,98.9,0.196,9.91,LOW
b89f4bba-776c-4182-8aa6-97033f0fb50c,EMP0965,Worker_0965,RFID000965,Quality,WS-09,AFTERNOON,5,2026-10-05T14:31:09,HAPPY,HAPPY,36.47,83.5,98.5,0.156,6.06,LOW
34ace7ad-f35b-4d9e-b1e0-2848d8941304,EMP0311,Worker_0311,RFID000311,Stores,WS-01,AFTERNOON,5,2026-10-05T14:31:28,HAPPY,OK,36.39,73.3,98.5,0.216,13.51,LOW
a15f28fa-9db0-48b3-aeca-5badf1442871,EMP0593,Worker_0593,RFID000593,Maintenance,WS-10,AFTERNOON,5,2026-10-05T14:31:28,OK,SAD,36.67,79.9,98.5,0.441,43.53,MODERATE
e22ec2c3-5408-449e-9c07-63fb23a1ee43,EMP0209,Worker_0209,RFID000209,Stores,WS-02,AFTERNOON,5,2026-10-05T14:31:54,HAPPY,OK,36.55,77.9,98.3,0.231,8.9,LOW
bf0b3b0c-8d50-4417-aaeb-c65b2573297b,EMP0730,Worker_0730,RFID000730,Assembly,WS-08,AFTERNOON,5,2026-10-05T14:31:57,SAD,OK,36.97,93.1,98.3,0.684,89.39,HIGH
3ab9add2-4d38-406e-963a-06805fc8833d,EMP0031,Worker_0031,RFID000031,Packaging,WS-03,AFTERNOON,5,2026-10-05T14:31:59,OK,OK,36.51,79.8,98.2,0.428,42.67,MODERATE
55a2d6f6-68f6-4bd9-ab7d-e5adfb539242,EMP0585,Worker_0585,RFID000585,Assembly,WS-02,AFTERNOON,5,2026-10-05T14:32:02,OK,HAPPY,36.34,75.5,97.2,0.415,41.07,MODERATE
54f9dd39-96f8-4507-aefc-9f0c44138162,EMP0122,Worker_0122,RFID000122,Cutting,WS-07,AFTERNOON,5,2026-10-05T14:32:31,OK,SAD,36.76,82.5,98.0,0.225,39.45,MODERATE
228b539f-5010-4631-a99a-dbcde9d60e93,EMP0942,Worker_0942,RFID000942,Assembly,WS-09,AFTERNOON,5,2026-10-05T14:32:31,SAD,HAPPY,36.81,100.0,97.1,0.715,86.86,HIGH
7492d3f3-edc4-4712-ab07-0aa6eb38414c,EMP0065,Worker_0065,RFID000065,Cutting,WS-04,AFTERNOON,5,2026-10-05T14:32:42,HAPPY,SAD,36.76,70.1,99.0,0.219,10.91,LOW
52ef3645-0a51-4076-b3ae-531d66e800e2,EMP0394,Worker_0394,RFID000394,Maintenance,WS-03,AFTERNOON,5,2026-10-05T14:32:52,OK,OK,36.78,79.9,98.3,0.311,35.41,MODERATE
810df15d-abe4-44a4-badf-d4553d026deb,EMP0587,Worker_0587,RFID000587,Finishing,WS-07,AFTERNOON,5,2026-10-05T14:33:01,OK,OK,36.7,78.5,98.8,0.42,45.27,MODERATE
083bae90-4299-4fdc-a05f-2e51e85d0c6c,EMP0521,Worker_0521,RFID000521,Packaging,WS-06,AFTERNOON,5,2026-10-05T14:33:04,OK,HAPPY,36.43,73.7,99.0,0.348,40.65,MODERATE
307b9825-697f-43fc-90b3-d6007a8193a9,EMP0937,Worker_0937,RFID000937,Cutting,WS-04,AFTERNOON,5,2026-10-05T14:33:25,HAPPY,HAPPY,36.35,72.5,97.6,0.25,14.86,LOW
ce05e633-bee6-4127-93ee-735a96af423c,EMP0432,Worker_0432,RFID000432,Stores,WS-02,AFTERNOON,5,2026-10-05T14:33:29,HAPPY,OK,36.8,75.7,97.9,0.168,6.67,LOW
89371317-9618-4257-aeee-7c8b8c034a10,EMP0228,Worker_0228,RFID000228,Stores,WS-06,AFTERNOON,5,2026-10-05T14:33:55,HAPPY,HAPPY,36.41,76.6,97.4,0.229,8.96,LOW
c796fc85-c08a-48af-bb2f-dade355f9dfb,EMP0658,Worker_0658,RFID000658,Quality,WS-02,AFTERNOON,5,2026-10-05T14:34:44,HAPPY,HAPPY,36.27,74.5,99.5,0.248,6.24,LOW
66ed3d2f-2a2d-4935-a834-5b13694baa37,EMP0366,Worker_0366,RFID000366,Assembly,WS-03,AFTERNOON,5,2026-10-05T14:34:59,HAPPY,HAPPY,36.67,79.3,99.0,0.396,10.68,LOW
cc69e5d4-c481-4998-8c26-e6ef3dc31cca,EMP0517,Worker_0517,RFID000517,Packaging,WS-08,AFTERNOON,5,2026-10-05T14:35:05,HAPPY,HAPPY,36.41,80.0,97.1,0.142,8.37,LOW
0dfe6a92-3073-431d-a527-ae6e197cb0d0,EMP0932,Worker_0932,RFID000932,Quality,WS-05,AFTERNOON,5,2026-10-05T14:35:10,HAPPY,OK,36.27,64.8,98.8,0.296,11.93,LOW
0ede515f-32db-408b-bd77-ed14a5481e96,EMP0103,Worker_0103,RFID000103,Finishing,WS-02,AFTERNOON,5,2026-10-05T14:35:15,OK,SAD,36.96,85.0,98.8,0.324,39.86,MODERATE
ef10458c-0d8f-47c6-80f0-428627092568,EMP0005,Worker_0005,RFID000005,Assembly,WS-06,AFTERNOON,5,2026-10-05T14:35:36,SAD,OK,36.83,96.8,98.6,0.559,93.07,HIGH
e91d03fc-6914-497e-9488-7b35d8b40798,EMP0957,Worker_0957,RFID000957,Finishing,WS-04,AFTERNOON,5,2026-10-05T14:35:45,HAPPY,HAPPY,36.58,74.0,98.1,0.162,10.06,LOW
33616076-fe14-43ed-b65e-6dafa50d2bb9,EMP0193,Worker_0193,RFID000193,Packaging,WS-06,AFTERNOON,5,2026-10-05T14:35:46,HAPPY,HAPPY,36.52,77.7,97.6,0.158,11.48,LOW
a52107ea-7af8-416c-9666-3a31b432abde,EMP0974,Worker_0974,RFID000974,Quality,WS-04,AFTERNOON,5,2026-10-05T14:35:57,HAPPY,SAD,36.55,78.9,97.7,0.275,14.04,LOW
3c6b36d3-835c-4055-b3b3-90b6bb8144f8,EMP0984,Worker_0984,RFID000984,Assembly,WS-08,AFTERNOON,5,2026-10-05T14:36:01,HAPPY,HAPPY,36.29,78.9,98.3,0.166,11.68,LOW
6c0cd434-4334-43f2-bb55-bb850adbd920,EMP0615,Worker_0615,RFID000615,Production,WS-09,AFTERNOON,5,2026-10-05T14:36:15,OK,OK,36.75,72.7,98.7,0.299,36.58,MODERATE
3c91fb6f-f5aa-4f71-8dd5-f45c9cf1e894,EMP0768,Worker_0768,RFID000768,Stores,WS-02,AFTERNOON,5,2026-10-05T14:36:19,SAD,HAPPY,36.75,96.0,97.1,0.585,89.4,HIGH
ef9a3c0e-e89c-495c-8e6b-0d29c67b7741,EMP0718,Worker_0718,RFID000718,Assembly,WS-02,AFTERNOON,5,2026-10-05T14:36:37,OK,HAPPY,36.42,69.1,98.0,0.392,41.64,MODERATE
e6e97853-cf4f-4b49-8ddb-caadec0d5a17,EMP0879,Worker_0879,RFID000879,Stores,WS-09,AFTERNOON,5,2026-10-05T14:37:06,HAPPY,OK,36.17,80.2,98.1,0.3,10.89,LOW
ecce7e6c-882b-4b60-8004-2e2f0750f1bd,EMP0674,Worker_0674,RFID000674,Maintenance,WS-01,AFTERNOON,5,2026-10-05T14:37:48,SAD,OK,36.61,88.9,97.3,0.413,76.36,HIGH
edcdbe17-bf94-455a-9e5f-dd674c32d609,EMP0568,Worker_0568,RFID000568,Finishing,WS-09,AFTERNOON,5,2026-10-05T14:37:50,SAD,OK,36.57,82.7,97.2,0.541,75.23,HIGH
5b58f953-c9a2-475a-8d6d-0ee9d0a84670,EMP0776,Worker_0776,RFID000776,Production,WS-10,AFTERNOON,5,2026-10-05T14:38:08,OK,HAPPY,36.66,74.2,98.2,0.178,34.67,LOW
bb377708-a306-496c-adc1-32adf279fa30,EMP0132,Worker_0132,RFID000132,Maintenance,WS-09,AFTERNOON,5,2026-10-05T14:38:13,HAPPY,OK,36.49,67.8,97.9,0.255,6.06,LOW
e1aa2299-6472-462e-a3cf-47c8387121b4,EMP0972,Worker_0972,RFID000972,Assembly,WS-08,AFTERNOON,5,2026-10-05T14:38:44,HAPPY,SAD,36.54,80.7,98.5,0.316,13.56,LOW
25ef08d1-a77e-4510-ab2e-0ef7985a8ae4,EMP0747,Worker_0747,RFID000747,Production,WS-10,AFTERNOON,5,2026-10-05T14:38:49,OK,OK,36.58,86.9,98.7,0.182,41.3,MODERATE
8566ff26-45ba-4701-9799-303a73de8ea1,EMP0190,Worker_0190,RFID000190,Quality,WS-06,AFTERNOON,5,2026-10-05T14:39:07,OK,HAPPY,36.73,76.1,98.8,0.391,35.73,MODERATE
a1d1ea08-eedf-4bf4-966c-46a2be4e5631,EMP0051,Worker_0051,RFID000051,Packaging,WS-08,AFTERNOON,5,2026-10-05T14:39:29,SAD,OK,36.82,85.8,98.3,0.438,75.95,HIGH
5554cff0-ee5a-4915-a25b-24a0f07c683e,EMP0550,Worker_0550,RFID000550,Maintenance,WS-09,AFTERNOON,5,2026-10-05T14:39:36,OK,OK,36.75,65.4,98.1,0.32,37.96,MODERATE
7ea060f0-384a-4ebe-b8bb-5aa0a5e3bf19,EMP0920,Worker_0920,RFID000920,Stores,WS-10,AFTERNOON,5,2026-10-05T14:39:41,OK,HAPPY,36.54,70.7,98.6,0.322,42.29,MODERATE
4cb34c2f-2b76-47ae-84c4-a2e598fba339,EMP0570,Worker_0570,RFID000570,Quality,WS-08,AFTERNOON,5,2026-10-05T14:40:11,HAPPY,HAPPY,36.06,80.8,98.3,0.08,13.15,LOW
34c10940-ff03-4441-86af-2506aad0c364,EMP0836,Worker_0836,RFID000836,Packaging,WS-02,AFTERNOON,5,2026-10-05T14:40:29,OK,HAPPY,36.51,78.4,99.1,0.248,42.75,MODERATE
2c780d73-fe7a-4b0f-ba9f-5fe7dbc256bb,EMP0266,Worker_0266,RFID000266,Stores,WS-08,AFTERNOON,5,2026-10-05T14:40:32,HAPPY,OK,36.64,71.1,96.4,0.249,7.52,LOW
8d5ef504-17ca-4df5-8c72-f19c239f75ef,EMP0807,Worker_0807,RFID000807,Assembly,WS-09,AFTERNOON,5,2026-10-05T14:40:54,OK,HAPPY,36.35,69.5,97.8,0.417,40.19,MODERATE
04062b9a-ff61-448a-966a-8ccb3782d028,EMP0259,Worker_0259,RFID000259,Quality,WS-08,AFTERNOON,5,2026-10-05T14:41:13,SAD,HAPPY,36.49,89.1,96.3,0.687,84.7,HIGH
a713f9da-6df4-4ec8-a49b-e46b167d35bb,EMP0215,Worker_0215,RFID000215,Finishing,WS-05,AFTERNOON,5,2026-10-05T14:41:15,OK,SAD,36.58,68.0,98.0,0.469,40.75,MODERATE
b1c227e5-847a-4007-bcde-7c25aefbaff4,EMP0934,Worker_0934,RFID000934,Assembly,WS-07,AFTERNOON,5,2026-10-05T14:41:24,HAPPY,OK,36.6,87.6,99.0,0.268,12.61,LOW
f88054b1-b823-4c12-b6de-6c7917bdeba8,EMP0571,Worker_0571,RFID000571,Packaging,WS-01,AFTERNOON,5,2026-10-05T14:41:26,SAD,SAD,36.59,86.8,99.1,0.418,83.92,HIGH
c50d71b2-befd-4c4b-b88a-bbdc52220513,EMP0290,Worker_0290,RFID000290,Production,WS-07,AFTERNOON,5,2026-10-05T14:41:30,HAPPY,HAPPY,36.84,77.4,98.9,0.222,6.17,LOW
d2ec17dc-19d2-493b-afc4-c55c91467adf,EMP0990,Worker_0990,RFID000990,Cutting,WS-05,AFTERNOON,5,2026-10-05T14:41:59,HAPPY,OK,36.21,70.8,97.6,0.289,7.63,LOW
9453aa53-b075-4ea1-89d5-4c868afc6281,EMP0076,Worker_0076,RFID000076,Assembly,WS-07,AFTERNOON,5,2026-10-05T14:42:10,HAPPY,HAPPY,36.37,67.8,97.2,0.192,8.87,LOW
be2a6712-5378-443c-a285-6d08e01ac216,EMP0544,Worker_0544,RFID000544,Packaging,WS-01,AFTERNOON,5,2026-10-05T14:42:17,HAPPY,HAPPY,36.38,71.9,98.9,0.244,7.06,LOW
1613ea75-e116-4c9c-aeea-46c1e7718ee2,EMP0979,Worker_0979,RFID000979,Cutting,WS-02,AFTERNOON,5,2026-10-05T14:42:39,OK,HAPPY,36.64,85.2,98.4,0.323,39.09,MODERATE
4489f1ca-4a7a-4386-9beb-40d6e662ff08,EMP0285,Worker_0285,RFID000285,Finishing,WS-01,AFTERNOON,5,2026-10-05T14:43:05,OK,OK,36.44,76.9,97.1,0.334,41.69,MODERATE
a040226e-8d15-425c-b7d5-e5482831b2f9,EMP0243,Worker_0243,RFID000243,Cutting,WS-04,AFTERNOON,5,2026-10-05T14:43:13,OK,SAD,36.86,88.4,98.6,0.472,42.31,MODERATE
f4c6d459-2a13-498b-9502-76e50a56bb55,EMP0123,Worker_0123,RFID000123,Quality,WS-09,AFTERNOON,5,2026-10-05T14:43:19,SAD,HAPPY,36.54,102.1,96.4,0.699,91.52,HIGH
cb762505-ccb3-49ff-8896-bea51652a63c,EMP0320,Worker_0320,RFID000320,Quality,WS-06,AFTERNOON,5,2026-10-05T14:43:22,OK,SAD,36.31,76.4,97.3,0.443,46.06,MODERATE
a7d200c9-af80-48b8-875e-ba3f0ba651d9,EMP0560,Worker_0560,RFID000560,Finishing,WS-06,AFTERNOON,5,2026-10-05T14:43:30,SAD,HAPPY,36.73,89.6,96.6,0.498,77.73,HIGH
53fd2a50-73ff-4759-9d76-a345a129f38d,EMP0491,Worker_0491,RFID000491,Maintenance,WS-05,AFTERNOON,5,2026-10-05T14:43:57,OK,OK,36.51,83.2,98.0,0.217,42.73,MODERATE
fc009eb6-8ab1-4419-ab14-7af2252fdd61,EMP0233,Worker_0233,RFID000233,Quality,WS-03,AFTERNOON,5,2026-10-05T14:44:17,HAPPY,OK,36.76,71.9,96.9,0.188,6.61,LOW
ea3d527a-3626-44b5-baa0-b83d8c7f909d,EMP0906,Worker_0906,RFID000906,Finishing,WS-02,AFTERNOON,5,2026-10-05T14:44:18,HAPPY,HAPPY,36.44,64.9,96.8,0.388,13.07,LOW
083ccd6f-aee2-4abe-90ae-d8e486072d09,EMP0246,Worker_0246,RFID000246,Finishing,WS-05,AFTERNOON,5,2026-10-05T14:44:36,OK,OK,36.75,86.5,98.2,0.366,45.65,MODERATE
84e040cc-10d1-4818-960c-533ef3d1a775,EMP0268,Worker_0268,RFID000268,Assembly,WS-10,AFTERNOON,5,2026-10-05T14:44:39,HAPPY,OK,36.71,71.7,99.5,0.136,11.09,LOW
34a04673-4ce5-4191-8c6e-90fb9238577e,EMP0153,Worker_0153,RFID000153,Stores,WS-01,AFTERNOON,5,2026-10-05T14:44:41,HAPPY,OK,36.19,74.0,98.6,0.297,13.16,LOW
9f6412df-ab9f-4936-a5d1-f28691b32734,EMP0921,Worker_0921,RFID000921,Stores,WS-03,AFTERNOON,5,2026-10-05T14:44:52,HAPPY,OK,36.33,71.6,97.7,0.25,12.0,LOW
dbb3b9ce-c70a-454d-8acc-ab3758520f70,EMP0466,Worker_0466,RFID000466,Stores,WS-04,AFTERNOON,5,2026-10-05T14:45:10,HAPPY,HAPPY,36.56,71.4,97.8,0.302,8.44,LOW
36b0d0f8-e280-4330-a932-bac981910048,EMP0707,Worker_0707,RFID000707,Finishing,WS-03,AFTERNOON,5,2026-10-05T14:45:21,HAPPY,OK,36.54,72.4,98.8,0.262,13.03,LOW
41eb1fe5-0818-44a1-b0e4-91a0454c22f7,EMP0412,Worker_0412,RFID000412,Finishing,WS-05,AFTERNOON,5,2026-10-05T14:45:24,OK,OK,36.34,80.3,98.2,0.292,33.6,LOW
f7ad8db2-7aa1-4786-a6f4-0151d338fb8c,EMP0419,Worker_0419,RFID000419,Cutting,WS-08,AFTERNOON,5,2026-10-05T14:45:41,HAPPY,HAPPY,36.44,67.4,97.3,0.156,14.11,LOW
88310113-2ddf-4c52-846b-0e8faa7b49a4,EMP0808,Worker_0808,RFID000808,Stores,WS-06,AFTERNOON,5,2026-10-05T14:45:46,SAD,HAPPY,36.79,78.4,97.6,0.588,83.94,HIGH
bbbcfb6d-42cf-4a82-9738-2729405d4127,EMP0610,Worker_0610,RFID000610,Packaging,WS-08,AFTERNOON,5,2026-10-05T14:46:15,OK,HAPPY,36.4,87.4,96.9,0.18,44.42,MODERATE
1513cfe5-d6a3-4052-bd96-3f5f387b2bb4,EMP0208,Worker_0208,RFID000208,Production,WS-10,AFTERNOON,5,2026-10-05T14:46:17,HAPPY,HAPPY,36.38,70.7,97.2,0.279,11.91,LOW
abb1b776-6111-409a-998d-970fca38d1f0,EMP0019,Worker_0019,RFID000019,Stores,WS-08,AFTERNOON,5,2026-10-05T14:47:05,OK,HAPPY,36.85,66.5,98.2,0.422,39.34,MODERATE
20f1034c-1676-423f-8944-dd7264147835,EMP0871,Worker_0871,RFID000871,Quality,WS-10,AFTERNOON,5,2026-10-05T14:47:34,OK,OK,36.37,79.0,97.0,0.403,38.28,MODERATE
d189aee8-25fe-4ffb-9c9a-ba198a9a873d,EMP0395,Worker_0395,RFID000395,Production,WS-06,AFTERNOON,5,2026-10-05T14:47:35,HAPPY,SAD,36.29,85.7,96.9,0.369,18.77,LOW
b1f27f93-4f8e-48d5-a50b-642fa38cf63e,EMP0625,Worker_0625,RFID000625,Packaging,WS-10,AFTERNOON,5,2026-10-05T14:48:03,HAPPY,HAPPY,36.55,72.9,98.1,0.302,13.56,LOW
e7f33308-fca1-424f-a4e7-3762525f1cf0,EMP0024,Worker_0024,RFID000024,Packaging,WS-10,AFTERNOON,5,2026-10-05T14:48:07,SAD,SAD,36.48,86.5,97.3,0.304,82.71,HIGH
a78103b4-2226-4bdb-bbf0-2120e1d0111b,EMP0557,Worker_0557,RFID000557,Assembly,WS-05,AFTERNOON,5,2026-10-05T14:48:34,OK,SAD,36.58,82.8,98.2,0.288,40.32,MODERATE
23ccdf58-409b-46ad-b1c9-4a97b2190579,EMP0835,Worker_0835,RFID000835,Maintenance,WS-10,AFTERNOON,5,2026-10-05T14:48:35,SAD,OK,36.67,86.6,98.3,0.549,81.06,HIGH
de7da0f6-0d9b-4cac-9773-1bf29fa9fc7d,EMP0646,Worker_0646,RFID000646,Quality,WS-01,AFTERNOON,5,2026-10-05T14:48:44,SAD,SAD,36.45,80.5,97.2,0.363,82.53,HIGH
a79cf804-2a4c-4dde-8d5f-e1d8ace1ec01,EMP0200,Worker_0200,RFID000200,Assembly,WS-09,AFTERNOON,5,2026-10-05T14:49:01,SAD,OK,36.48,98.5,98.0,0.39,82.51,HIGH
1b778c13-81f6-42ac-a672-52c0f2aa3d21,EMP0296,Worker_0296,RFID000296,Stores,WS-07,AFTERNOON,5,2026-10-05T14:49:27,HAPPY,HAPPY,36.34,72.7,97.1,0.259,7.22,LOW
50e1b6ba-de3f-49c2-bed0-a939e21c4306,EMP0518,Worker_0518,RFID000518,Finishing,WS-06,AFTERNOON,5,2026-10-05T14:49:33,OK,OK,36.36,78.5,98.6,0.319,39.82,MODERATE
8dae353a-4f5e-4dab-ad33-632c54899509,EMP0744,Worker_0744,RFID000744,Assembly,WS-08,AFTERNOON,5,2026-10-05T14:49:43,OK,OK,36.58,76.4,98.3,0.233,41.06,MODERATE
6d2659da-0cd6-41f6-a8cc-60bb8aee4cb9,EMP0602,Worker_0602,RFID000602,Stores,WS-06,AFTERNOON,5,2026-10-05T14:49:54,OK,OK,36.34,86.3,98.6,0.323,42.76,MODERATE
9276017e-2b27-4d82-8dee-7781a0ae714f,EMP0784,Worker_0784,RFID000784,Production,WS-05,AFTERNOON,5,2026-10-05T14:50:17,HAPPY,HAPPY,36.22,78.1,97.0,0.342,6.71,LOW
0eefe94a-ee46-4108-82ff-a5c2aa553776,EMP0304,Worker_0304,RFID000304,Finishing,WS-02,AFTERNOON,5,2026-10-05T14:50:19,HAPPY,HAPPY,36.76,80.5,98.7,0.173,5.02,LOW
417f3a96-7a7b-4191-81fc-081d44612cdc,EMP0009,Worker_0009,RFID000009,Assembly,WS-10,AFTERNOON,5,2026-10-05T14:50:53,SAD,HAPPY,36.73,87.8,95.8,0.474,79.07,HIGH
c3d26b09-9604-4727-b52f-24478c16b173,EMP0085,Worker_0085,RFID000085,Stores,WS-08,AFTERNOON,5,2026-10-05T14:51:00,HAPPY,OK,36.28,80.4,98.6,0.393,10.15,LOW
6c89883f-4e29-4bee-941e-607c8f26202f,EMP0408,Worker_0408,RFID000408,Quality,WS-07,AFTERNOON,5,2026-10-05T14:51:07,SAD,OK,36.69,83.5,97.6,0.599,77.21,HIGH
175011b6-9c83-440e-8cca-0542a39ce585,EMP0189,Worker_0189,RFID000189,Stores,WS-02,AFTERNOON,5,2026-10-05T14:51:29,SAD,OK,36.83,80.9,97.2,0.395,69.66,HIGH
8c0676ed-e81c-411c-8a1a-fcefd653129c,EMP0849,Worker_0849,RFID000849,Maintenance,WS-09,AFTERNOON,5,2026-10-05T14:51:34,HAPPY,HAPPY,36.22,76.8,97.3,0.183,8.39,LOW
c9fb12ae-36a3-4fa8-bd3f-f7880395abb2,EMP0413,Worker_0413,RFID000413,Production,WS-04,AFTERNOON,5,2026-10-05T14:51:45,HAPPY,OK,36.21,86.9,97.6,0.215,11.5,LOW
64dc6a1f-b17d-4844-ba48-01abcb75da53,EMP0403,Worker_0403,RFID000403,Packaging,WS-08,AFTERNOON,5,2026-10-05T14:51:46,SAD,OK,37.0,83.5,98.7,0.608,82.06,HIGH
57375744-c459-49bf-89b3-5f29a1ed87bb,EMP0032,Worker_0032,RFID000032,Production,WS-07,AFTERNOON,5,2026-10-05T14:52:01,SAD,SAD,36.95,78.6,98.1,0.628,88.04,HIGH
b86dbde1-5d40-40bb-a8b3-6788d3357457,EMP0164,Worker_0164,RFID000164,Finishing,WS-04,AFTERNOON,5,2026-10-05T14:52:10,HAPPY,OK,36.17,83.8,98.7,0.131,8.95,LOW
89f13685-2185-48d0-9396-c7f1057b6539,EMP0796,Worker_0796,RFID000796,Assembly,WS-08,AFTERNOON,5,2026-10-05T14:52:10,HAPPY,SAD,36.48,72.1,97.8,0.065,5.86,LOW
be9d6fb5-f1f8-4b0a-960b-1bd0fa7e15ff,EMP0803,Worker_0803,RFID000803,Quality,WS-09,AFTERNOON,5,2026-10-05T14:52:27,OK,HAPPY,36.35,81.1,98.2,0.395,38.08,MODERATE
3ff9dea7-ef7c-4431-91d7-b2cb6a51a446,EMP0822,Worker_0822,RFID000822,Maintenance,WS-07,AFTERNOON,5,2026-10-05T14:53:20,HAPPY,OK,36.5,76.5,97.7,0.191,8.51,LOW
cacb4a53-de7f-42ee-ad80-f6244c43b9a5,EMP0212,Worker_0212,RFID000212,Production,WS-06,AFTERNOON,5,2026-10-05T14:53:37,HAPPY,OK,36.67,77.0,96.8,0.336,12.96,LOW
73fafece-df3e-4d6c-9ca6-010809de7081,EMP0851,Worker_0851,RFID000851,Assembly,WS-04,AFTERNOON,5,2026-10-05T14:53:41,HAPPY,HAPPY,36.41,77.3,97.2,0.35,12.7,LOW
7af3dd6f-a777-4d4c-bbfc-cb79ee64d2c1,EMP0300,Worker_0300,RFID000300,Production,WS-02,AFTERNOON,5,2026-10-05T14:53:51,OK,OK,36.74,68.3,98.1,0.281,34.62,LOW
fcb6058b-dd1b-4c32-91ef-13017ec08774,EMP0939,Worker_0939,RFID000939,Cutting,WS-08,AFTERNOON,5,2026-10-05T14:53:54,HAPPY,OK,36.77,80.8,99.4,0.392,9.03,LOW
74eb8d3a-6979-4557-afc3-5b8a5864300b,EMP0665,Worker_0665,RFID000665,Production,WS-06,AFTERNOON,5,2026-10-05T14:54:00,OK,SAD,36.79,88.1,97.5,0.329,41.27,MODERATE
6dd1478b-3d0e-4822-a6ee-b447906a89a5,EMP0271,Worker_0271,RFID000271,Finishing,WS-03,AFTERNOON,5,2026-10-05T14:54:23,OK,HAPPY,36.46,91.9,97.1,0.208,50.18,MODERATE
8ca35093-e0c6-4583-84df-1804f80cba02,EMP0346,Worker_0346,RFID000346,Quality,WS-06,AFTERNOON,5,2026-10-05T14:54:26,OK,HAPPY,36.51,75.1,97.8,0.274,40.99,MODERATE
5ebc5a57-2f0c-407f-a503-0ee514f5f373,EMP0172,Worker_0172,RFID000172,Production,WS-04,AFTERNOON,5,2026-10-05T14:54:32,HAPPY,HAPPY,36.44,79.9,97.0,0.158,13.84,LOW
7f6e9c9a-4ca6-43a4-ba1a-5470f7e8ee02,EMP0127,Worker_0127,RFID000127,Packaging,WS-05,AFTERNOON,5,2026-10-05T14:55:09,HAPPY,OK,36.58,86.3,98.6,0.156,18.23,LOW
4c3a94f0-10bc-404d-b59b-6d367f9810bf,EMP0409,Worker_0409,RFID000409,Maintenance,WS-06,AFTERNOON,5,2026-10-05T14:55:20,HAPPY,HAPPY,36.39,82.2,99.0,0.158,14.93,LOW
3af6c6a7-d7e1-43f1-adee-ee77fbb4b255,EMP0785,Worker_0785,RFID000785,Maintenance,WS-05,AFTERNOON,5,2026-10-05T14:55:34,OK,OK,36.28,88.7,97.8,0.204,46.92,MODERATE
712d1cf4-88e3-4553-8de9-230a6216a859,EMP0960,Worker_0960,RFID000960,Production,WS-01,AFTERNOON,5,2026-10-05T14:55:38,SAD,HAPPY,36.85,85.3,96.4,0.358,80.81,HIGH
52f07485-cc22-454d-881d-1eda8eb5b5cc,EMP0583,Worker_0583,RFID000583,Cutting,WS-03,AFTERNOON,5,2026-10-05T14:55:54,SAD,OK,36.51,80.7,97.9,0.542,79.94,HIGH
9e78c93c-265b-4c63-a1a2-9c05126bb936,EMP0112,Worker_0112,RFID000112,Production,WS-09,AFTERNOON,5,2026-10-05T14:56:08,HAPPY,OK,36.01,73.8,97.9,0.268,9.93,LOW
cd2a2835-c4f3-450d-82aa-d43775b05591,EMP0838,Worker_0838,RFID000838,Packaging,WS-10,AFTERNOON,5,2026-10-05T14:56:26,HAPPY,HAPPY,36.83,76.5,98.9,0.203,14.56,LOW
f29fe482-832a-41f8-ba1b-0aed3cb121e3,EMP0614,Worker_0614,RFID000614,Maintenance,WS-07,AFTERNOON,5,2026-10-05T14:56:28,OK,OK,36.5,67.8,97.4,0.402,37.04,MODERATE
69e396b9-e054-4ee0-b8e1-710073ccf1d3,EMP0591,Worker_0591,RFID000591,Maintenance,WS-05,AFTERNOON,5,2026-10-05T14:56:31,HAPPY,HAPPY,36.44,80.8,97.7,0.215,8.69,LOW
e313d56b-351a-432f-9671-7910b5ba8322,EMP0141,Worker_0141,RFID000141,Cutting,WS-09,AFTERNOON,5,2026-10-05T14:56:33,HAPPY,OK,36.62,70.5,97.3,0.225,14.8,LOW
7040d6f8-6dec-4cd0-90fb-152a84eec400,EMP0945,Worker_0945,RFID000945,Finishing,WS-08,AFTERNOON,5,2026-10-05T14:56:45,OK,SAD,36.7,82.4,96.9,0.216,34.7,LOW
76148f8c-7619-430f-bbd3-61bb11e0823b,EMP0714,Worker_0714,RFID000714,Cutting,WS-05,AFTERNOON,5,2026-10-05T14:56:54,OK,SAD,36.57,85.5,97.4,0.386,44.88,MODERATE
0ce38e82-81f8-492c-b0fb-ebfbe0a03a0d,EMP0415,Worker_0415,RFID000415,Packaging,WS-02,AFTERNOON,5,2026-10-05T14:56:55,HAPPY,SAD,36.65,71.8,97.2,0.088,12.78,LOW
a9a2b452-75db-405a-ae86-6da09b00deb3,EMP0482,Worker_0482,RFID000482,Stores,WS-05,AFTERNOON,5,2026-10-05T14:56:58,HAPPY,HAPPY,36.41,77.4,98.2,0.117,11.11,LOW
fa39a0ff-c4cf-4b46-a69f-d4669b82c72a,EMP0567,Worker_0567,RFID000567,Finishing,WS-03,AFTERNOON,5,2026-10-05T14:57:32,HAPPY,HAPPY,36.39,72.6,98.8,0.385,8.12,LOW
7571c180-fb4b-4ae0-b00c-17ac11274d12,EMP0809,Worker_0809,RFID000809,Stores,WS-02,AFTERNOON,5,2026-10-05T14:57:54,OK,SAD,36.8,87.9,97.3,0.251,42.28,MODERATE
6b39a715-36e2-40a2-ab76-527855a56e97,EMP0731,Worker_0731,RFID000731,Stores,WS-05,AFTERNOON,5,2026-10-05T14:58:11,HAPPY,SAD,36.87,87.4,97.9,0.188,18.61,LOW
e28cdc15-0849-4760-bd00-e2f0c346fdc4,EMP0444,Worker_0444,RFID000444,Quality,WS-10,AFTERNOON,5,2026-10-05T14:58:20,HAPPY,OK,36.3,80.6,96.9,0.107,11.16,LOW
12da7648-aa59-44ba-a13a-a68361071f02,EMP0059,Worker_0059,RFID000059,Cutting,WS-09,AFTERNOON,5,2026-10-05T14:58:49,OK,SAD,36.35,85.5,97.2,0.395,40.41,MODERATE
ec8e3d20-b0d4-478a-8195-33dc19a0457c,EMP0468,Worker_0468,RFID000468,Stores,WS-06,AFTERNOON,5,2026-10-05T14:59:11,HAPPY,OK,36.81,73.8,98.6,0.268,14.74,LOW
136a2f4c-1436-4bf5-9308-d807361d0fe7,EMP0946,Worker_0946,RFID000946,Assembly,WS-03,AFTERNOON,5,2026-10-05T14:59:13,OK,SAD,36.61,81.4,97.8,0.382,37.67,MODERATE
326d3351-b75c-46ea-b01d-99ac64ba899e,EMP0381,Worker_0381,RFID000381,Packaging,WS-03,AFTERNOON,5,2026-10-05T14:59:39,OK,SAD,36.65,85.3,98.3,0.198,45.58,MODERATE
9f71a714-8605-4836-b20c-f373c887d73f,EMP0494,Worker_0494,RFID000494,Quality,WS-02,AFTERNOON,5,2026-10-05T15:00:00,HAPPY,HAPPY,36.55,68.5,97.0,0.259,8.78,LOW
f0d0eddd-9b3e-4df3-b1b2-28f30d0d3958,EMP0529,Worker_0529,RFID000529,Stores,WS-02,AFTERNOON,5,2026-10-05T15:00:02,SAD,OK,36.65,91.9,96.9,0.556,92.48,HIGH
bc60d338-5fc4-4c42-8ea9-98cae15afff8,EMP0055,Worker_0055,RFID000055,Cutting,WS-10,AFTERNOON,5,2026-10-05T15:00:09,HAPPY,OK,36.21,71.7,98.0,0.196,6.3,LOW
9bf035cb-fde1-408d-b4d9-2e7e16aad20f,EMP0452,Worker_0452,RFID000452,Finishing,WS-10,AFTERNOON,5,2026-10-05T15:00:12,SAD,OK,36.57,99.7,97.3,0.469,85.3,HIGH
2fd62d16-c5ad-49cb-8e7c-9ebaa8544cb5,EMP0749,Worker_0749,RFID000749,Maintenance,WS-09,AFTERNOON,5,2026-10-05T15:00:18,OK,HAPPY,36.6,70.1,97.2,0.208,40.44,MODERATE
d1178935-6f32-4b9e-9b6a-166644e62353,EMP0477,Worker_0477,RFID000477,Production,WS-08,AFTERNOON,5,2026-10-05T15:00:23,OK,HAPPY,36.36,80.9,97.0,0.231,35.68,MODERATE
704c3e0a-8235-42e4-884a-67bc63b36cf0,EMP0779,Worker_0779,RFID000779,Assembly,WS-09,AFTERNOON,5,2026-10-05T15:00:27,SAD,OK,36.48,94.2,97.8,0.604,91.43,HIGH
72757863-6818-47f7-9a36-904a92883b9b,EMP0605,Worker_0605,RFID000605,Cutting,WS-10,AFTERNOON,5,2026-10-05T15:00:41,SAD,SAD,36.4,82.6,97.1,0.395,76.45,HIGH
6b337d01-0d79-41ee-8f18-ad776d440c8b,EMP0624,Worker_0624,RFID000624,Stores,WS-06,AFTERNOON,5,2026-10-05T15:00:50,HAPPY,HAPPY,36.8,77.6,97.2,0.075,6.49,LOW
b797dd51-0a93-4883-a48d-f41d162da166,EMP0931,Worker_0931,RFID000931,Packaging,WS-05,AFTERNOON,5,2026-10-05T15:01:36,HAPPY,OK,36.54,77.0,98.4,0.305,9.28,LOW
a1d2ff8f-bc9e-4719-ba8a-c49caf8e6247,EMP0015,Worker_0015,RFID000015,Finishing,WS-09,AFTERNOON,5,2026-10-05T15:01:38,HAPPY,HAPPY,36.54,74.3,98.9,0.217,12.2,LOW
ef3b85ab-7b31-43ea-b023-5e9243f8b377,EMP0020,Worker_0020,RFID000020,Production,WS-04,AFTERNOON,5,2026-10-05T15:01:48,OK,HAPPY,36.87,85.1,96.4,0.343,39.08,MODERATE
2e4ad7df-d9ff-444a-85ef-332dcf37812a,EMP0392,Worker_0392,RFID000392,Cutting,WS-02,AFTERNOON,5,2026-10-05T15:01:57,SAD,SAD,36.74,84.3,97.0,0.658,88.7,HIGH
1c7ac033-01e6-4efd-af4f-61442504d52f,EMP0041,Worker_0041,RFID000041,Production,WS-09,AFTERNOON,5,2026-10-05T15:02:28,HAPPY,HAPPY,36.59,73.3,99.7,0.157,7.67,LOW
aa21d214-f568-47d2-946b-91c5520bcae8,EMP0993,Worker_0993,RFID000993,Quality,WS-08,AFTERNOON,5,2026-10-05T15:02:39,HAPPY,OK,36.59,77.4,99.1,0.229,14.17,LOW
6e1778e4-2098-450a-beaf-d5084e243077,EMP0269,Worker_0269,RFID000269,Cutting,WS-03,AFTERNOON,5,2026-10-05T15:02:50,OK,HAPPY,36.24,84.1,98.7,0.287,36.03,MODERATE
a048aec6-89f6-46df-b4fb-6d12c7e2f757,EMP0120,Worker_0120,RFID000120,Finishing,WS-09,AFTERNOON,5,2026-10-05T15:02:53,OK,OK,36.34,77.9,97.7,0.319,35.82,MODERATE
4ba5532c-f13e-4e9a-9147-375cbc12a29b,EMP0324,Worker_0324,RFID000324,Cutting,WS-06,AFTERNOON,5,2026-10-05T15:02:59,OK,HAPPY,36.43,71.5,98.7,0.292,38.22,MODERATE
cd58d085-8b9f-4c85-a17c-150d52e36756,EMP0488,Worker_0488,RFID000488,Cutting,WS-08,AFTERNOON,5,2026-10-05T15:03:16,OK,HAPPY,36.33,72.6,98.2,0.305,42.32,MODERATE
03d6753d-3bb2-4ea7-8b54-700b363a9792,EMP0359,Worker_0359,RFID000359,Packaging,WS-05,AFTERNOON,5,2026-10-05T15:03:27,OK,OK,36.36,73.2,97.1,0.336,38.11,MODERATE
12a3118d-6132-4dcc-a504-1c664528b711,EMP0254,Worker_0254,RFID000254,Maintenance,WS-01,AFTERNOON,5,2026-10-05T15:03:54,HAPPY,OK,36.42,76.7,98.1,0.365,10.34,LOW
baba8a14-d049-46df-bef9-14702dfb90b3,EMP0467,Worker_0467,RFID000467,Production,WS-04,AFTERNOON,5,2026-10-05T15:04:12,OK,HAPPY,36.69,81.0,96.9,0.426,37.03,MODERATE
a8878ca3-2fe1-44a8-8ddc-f57b6131e6bb,EMP0586,Worker_0586,RFID000586,Cutting,WS-09,AFTERNOON,5,2026-10-05T15:04:33,SAD,HAPPY,37.08,83.0,98.1,0.592,86.7,HIGH
1f8873c9-1337-4c70-bd90-177de4e3c318,EMP0291,Worker_0291,RFID000291,Production,WS-08,AFTERNOON,5,2026-10-05T15:04:42,HAPPY,OK,36.58,68.7,97.7,0.233,14.54,LOW
a0dd8953-04ae-4410-940a-99323fdba2ec,EMP0492,Worker_0492,RFID000492,Quality,WS-06,AFTERNOON,5,2026-10-05T15:05:19,HAPPY,OK,36.41,81.5,98.7,0.157,6.75,LOW
a0c56452-b242-4e61-a18b-f89e1d6b274c,EMP0501,Worker_0501,RFID000501,Assembly,WS-10,AFTERNOON,5,2026-10-05T15:05:38,HAPPY,OK,36.34,75.2,97.5,0.285,10.79,LOW
507ef4cb-63af-4ec6-a9bb-1d7a9db3558f,EMP0552,Worker_0552,RFID000552,Assembly,WS-10,AFTERNOON,5,2026-10-05T15:06:53,SAD,SAD,36.91,71.6,97.0,0.606,93.94,HIGH
fc2b67a8-5dbd-453a-b630-b3e954fba1d0,EMP0090,Worker_0090,RFID000090,Packaging,WS-08,AFTERNOON,5,2026-10-05T15:07:08,HAPPY,HAPPY,36.5,78.3,98.8,0.227,14.94,LOW
ebac7ae3-8469-4931-bea5-f06bc076bf77,EMP0257,Worker_0257,RFID000257,Quality,WS-07,AFTERNOON,5,2026-10-05T15:07:23,OK,SAD,36.53,81.6,98.3,0.418,40.46,MODERATE
9e61b34b-7357-471a-a68e-82518152fc0d,EMP0207,Worker_0207,RFID000207,Finishing,WS-10,AFTERNOON,5,2026-10-05T15:07:37,OK,SAD,36.52,82.5,98.3,0.377,33.04,LOW
86ba7e64-06cc-4c93-a69f-6c348c964086,EMP0503,Worker_0503,RFID000503,Quality,WS-01,AFTERNOON,5,2026-10-05T15:07:38,HAPPY,OK,36.34,85.2,98.1,0.227,15.45,LOW
99ca145c-6b57-497a-8438-6edac289ba84,EMP0507,Worker_0507,RFID000507,Production,WS-03,AFTERNOON,5,2026-10-05T15:07:47,HAPPY,HAPPY,36.69,75.2,98.2,0.194,11.96,LOW
0d8bd3e1-282e-4e64-93c9-adba153ddd03,EMP0238,Worker_0238,RFID000238,Maintenance,WS-04,AFTERNOON,5,2026-10-05T15:08:08,OK,HAPPY,36.36,88.6,98.2,0.359,37.13,MODERATE
fb428838-29a7-4107-8584-82c95624fdb5,EMP0089,Worker_0089,RFID000089,Maintenance,WS-09,AFTERNOON,5,2026-10-05T15:08:25,HAPPY,OK,36.88,64.9,96.9,0.329,7.14,LOW
6a99568c-041b-4f81-bbcb-d1edc351b306,EMP0365,Worker_0365,RFID000365,Maintenance,WS-10,AFTERNOON,5,2026-10-05T15:09:08,HAPPY,HAPPY,36.4,80.2,98.7,0.145,6.32,LOW
de19bb70-c4dd-41ca-b953-3b0faae66f93,EMP0657,Worker_0657,RFID000657,Finishing,WS-04,AFTERNOON,5,2026-10-05T15:09:25,OK,SAD,36.51,76.2,97.6,0.348,41.51,MODERATE
1787a4c1-277f-4c29-9363-32a49b4a952a,EMP0514,Worker_0514,RFID000514,Cutting,WS-07,AFTERNOON,5,2026-10-05T15:09:37,SAD,SAD,36.47,90.6,97.5,0.642,95.85,HIGH
ead050e0-7e30-418e-be39-330515cbf3e4,EMP0126,Worker_0126,RFID000126,Cutting,WS-06,AFTERNOON,5,2026-10-05T15:09:43,OK,SAD,36.84,72.8,98.9,0.399,39.28,MODERATE
4862a431-1e78-45b2-9532-6b9d9f2d1f06,EMP0220,Worker_0220,RFID000220,Stores,WS-08,AFTERNOON,5,2026-10-05T15:09:50,SAD,OK,36.87,80.8,97.6,0.515,73.13,HIGH
e4b04f55-8966-4a72-aa18-71ed9d74a74c,EMP0321,Worker_0321,RFID000321,Assembly,WS-05,AFTERNOON,5,2026-10-05T15:10:07,HAPPY,OK,36.34,70.0,99.6,0.248,9.79,LOW
8a40e2d1-51b3-4045-9ea6-3181806cc5f7,EMP0887,Worker_0887,RFID000887,Maintenance,WS-06,AFTERNOON,5,2026-10-05T15:10:12,HAPPY,SAD,36.4,69.5,99.2,0.274,5.51,LOW
1f04204d-64c4-4885-8997-1cdce11842a5,EMP0710,Worker_0710,RFID000710,Finishing,WS-10,AFTERNOON,5,2026-10-05T15:10:25,OK,HAPPY,36.48,80.0,97.4,0.241,35.25,MODERATE
b54bcc77-de5d-4a00-86d3-b6ccc8a95be9,EMP0323,Worker_0323,RFID000323,Stores,WS-01,AFTERNOON,5,2026-10-05T15:10:27,OK,OK,36.41,73.4,96.2,0.317,35.68,MODERATE
8a9c96db-961a-464d-a219-ffe7dea66366,EMP0627,Worker_0627,RFID000627,Quality,WS-06,AFTERNOON,5,2026-10-05T15:10:50,OK,HAPPY,36.49,74.6,97.8,0.42,39.27,MODERATE
44d54c9e-6ebc-4ec5-bcef-4a1fd1f8e021,EMP0968,Worker_0968,RFID000968,Quality,WS-02,AFTERNOON,5,2026-10-05T15:11:27,HAPPY,HAPPY,36.27,67.7,96.9,0.326,12.56,LOW
254a2e49-a4ab-48a7-adbe-d8e31d1090fd,EMP0301,Worker_0301,RFID000301,Stores,WS-05,AFTERNOON,5,2026-10-05T15:12:39,SAD,SAD,36.47,102.9,97.9,0.528,95.3,HIGH
a7d627c9-e1fa-4096-963a-5ecd9793e86a,EMP0447,Worker_0447,RFID000447,Assembly,WS-01,AFTERNOON,5,2026-10-05T15:12:46,HAPPY,OK,36.44,71.1,99.0,0.214,10.4,LOW
39932fa6-6715-4e70-8647-4a4e0d7b575b,EMP0092,Worker_0092,RFID000092,Stores,WS-06,AFTERNOON,5,2026-10-05T15:13:07,OK,OK,36.32,84.5,97.3,0.23,37.47,MODERATE
f5ffa379-2f66-4b9f-ac7a-a18d773971b9,EMP0328,Worker_0328,RFID000328,Quality,WS-02,AFTERNOON,5,2026-10-05T15:13:09,OK,HAPPY,36.41,76.4,98.2,0.311,42.01,MODERATE
8a8f38e0-09e9-4cad-84bd-c16cd073a6bb,EMP0995,Worker_0995,RFID000995,Finishing,WS-10,AFTERNOON,5,2026-10-05T15:13:55,OK,OK,36.57,76.7,98.2,0.286,41.45,MODERATE
9b9bf705-e0ce-4357-ac1c-a49a2702d003,EMP0423,Worker_0423,RFID000423,Finishing,WS-06,AFTERNOON,5,2026-10-05T15:14:05,OK,HAPPY,36.65,87.2,98.7,0.227,42.16,MODERATE
b723386a-36da-430e-9089-6568d658cfad,EMP0908,Worker_0908,RFID000908,Maintenance,WS-10,AFTERNOON,5,2026-10-05T15:14:10,OK,OK,36.62,83.3,97.7,0.289,36.81,MODERATE
6a32d134-dab6-4b9a-97f2-39d98cad246c,EMP0339,Worker_0339,RFID000339,Cutting,WS-08,AFTERNOON,5,2026-10-05T15:14:21,HAPPY,OK,36.13,69.7,98.1,0.207,8.27,LOW
6d6344da-957c-44b4-a61b-2ed9433b4944,EMP0046,Worker_0046,RFID000046,Stores,WS-10,AFTERNOON,5,2026-10-05T15:14:43,HAPPY,HAPPY,36.31,76.2,97.9,0.185,5.89,LOW
af49947c-1e90-45b6-826e-8cc82477e4fd,EMP0357,Worker_0357,RFID000357,Stores,WS-01,AFTERNOON,5,2026-10-05T15:15:40,OK,OK,36.41,76.3,98.7,0.331,38.07,MODERATE
3f21d198-942a-4315-82a4-f5a4b30f9f53,EMP0913,Worker_0913,RFID000913,Finishing,WS-09,AFTERNOON,5,2026-10-05T15:15:48,OK,HAPPY,36.52,78.8,97.9,0.428,45.22,MODERATE
e4fcc22a-ed52-4f20-91e5-bf23c1273287,EMP0109,Worker_0109,RFID000109,Maintenance,WS-03,AFTERNOON,5,2026-10-05T15:16:22,OK,OK,36.43,82.2,98.2,0.449,37.97,MODERATE
315b9192-f6a3-4d03-9af9-bad24c68a5a5,EMP0685,Worker_0685,RFID000685,Packaging,WS-04,AFTERNOON,5,2026-10-05T15:16:34,HAPPY,HAPPY,36.53,74.3,96.8,0.453,12.53,LOW
bac827bc-d3d7-41ca-a215-acbe5b0ff6e0,EMP0909,Worker_0909,RFID000909,Finishing,WS-04,AFTERNOON,5,2026-10-05T15:16:34,HAPPY,OK,36.41,69.9,98.7,0.241,11.59,LOW
b8563e31-ec66-4716-8449-bfce4eddfa93,EMP0433,Worker_0433,RFID000433,Quality,WS-03,AFTERNOON,5,2026-10-05T15:16:35,HAPPY,HAPPY,36.47,82.6,97.7,0.2,11.89,LOW
8eb7bf55-7f38-4360-b827-2bf89cecac55,EMP0575,Worker_0575,RFID000575,Stores,WS-08,AFTERNOON,5,2026-10-05T15:16:40,HAPPY,HAPPY,36.7,78.3,96.9,0.299,6.49,LOW
768ab63e-231b-4899-95fe-b21275163e34,EMP0174,Worker_0174,RFID000174,Packaging,WS-09,AFTERNOON,5,2026-10-05T15:17:26,HAPPY,OK,36.67,81.7,97.5,0.183,7.28,LOW
4209685d-f38b-467b-8cf7-e96c7119e1e8,EMP0255,Worker_0255,RFID000255,Packaging,WS-01,AFTERNOON,5,2026-10-05T15:17:47,OK,SAD,36.46,82.6,98.4,0.309,41.7,MODERATE
a07e0ea1-da44-4998-8ac7-44731c39306d,EMP0617,Worker_0617,RFID000617,Maintenance,WS-03,AFTERNOON,5,2026-10-05T15:19:11,HAPPY,HAPPY,36.48,76.3,97.9,0.173,11.47,LOW
eea4e608-cd64-44c6-a011-6c5e9d920436,EMP0538,Worker_0538,RFID000538,Maintenance,WS-03,AFTERNOON,5,2026-10-05T15:19:19,HAPPY,SAD,36.81,66.6,97.5,0.17,13.23,LOW
96b03dc2-be26-4a07-a559-84eec2bd3db2,EMP0799,Worker_0799,RFID000799,Quality,WS-02,AFTERNOON,5,2026-10-05T15:19:58,OK,SAD,36.44,83.5,97.5,0.458,41.49,MODERATE
bc5e9e44-93e6-4b9c-9cb5-8755ef542df0,EMP0410,Worker_0410,RFID000410,Packaging,WS-02,AFTERNOON,5,2026-10-05T15:20:21,HAPPY,HAPPY,36.22,79.8,99.0,0.184,10.96,LOW
cf1ed802-5901-4a93-8aa4-17f28d469ab0,EMP0804,Worker_0804,RFID000804,Assembly,WS-01,AFTERNOON,5,2026-10-05T15:20:37,SAD,OK,36.92,79.2,96.8,0.581,81.72,HIGH
beda9089-2d15-4de8-a4a6-8710463422d8,EMP0919,Worker_0919,RFID000919,Cutting,WS-05,AFTERNOON,5,2026-10-05T15:21:02,HAPPY,OK,36.35,60.9,97.5,0.222,5.63,LOW
004c2430-6028-4f73-ba5e-0f3d5c4dd1dd,EMP0326,Worker_0326,RFID000326,Packaging,WS-02,AFTERNOON,5,2026-10-05T15:21:07,OK,HAPPY,36.35,75.0,97.9,0.367,41.84,MODERATE
a3bf8550-6865-4f8a-a495-a15fc60991f9,EMP0565,Worker_0565,RFID000565,Quality,WS-09,AFTERNOON,5,2026-10-05T15:21:17,OK,OK,36.57,70.6,97.9,0.321,34.05,LOW
c91e9527-62a5-4ba3-8921-981a5608856f,EMP0144,Worker_0144,RFID000144,Cutting,WS-02,AFTERNOON,5,2026-10-05T15:21:31,HAPPY,HAPPY,36.62,76.2,97.2,0.149,7.01,LOW
a077da60-8736-4351-8475-06bb6bb131e6,EMP0261,Worker_0261,RFID000261,Maintenance,WS-05,AFTERNOON,5,2026-10-05T15:21:37,OK,OK,36.74,82.4,98.7,0.389,33.85,LOW
e7387cad-2c86-470f-8737-d01bd10ac035,EMP0695,Worker_0695,RFID000695,Assembly,WS-06,AFTERNOON,5,2026-10-05T15:21:50,HAPPY,SAD,36.47,78.7,98.0,0.087,6.45,LOW
0d8a4365-46bc-4927-85b3-60e1db4fa2f9,EMP0924,Worker_0924,RFID000924,Packaging,WS-06,AFTERNOON,5,2026-10-05T15:21:55,HAPPY,HAPPY,36.68,81.2,97.7,0.314,6.7,LOW
d951653f-38d4-4d50-95bb-aee632ae4815,EMP0717,Worker_0717,RFID000717,Packaging,WS-08,AFTERNOON,5,2026-10-05T15:22:27,HAPPY,OK,36.32,67.9,98.8,0.34,7.55,LOW
a33dc3e8-79e8-4174-aeca-a6cc101a8a1f,EMP0832,Worker_0832,RFID000832,Finishing,WS-01,AFTERNOON,5,2026-10-05T15:22:37,HAPPY,OK,36.2,83.6,98.5,0.236,9.76,LOW
57cbab8d-3d9e-40fe-b591-c965b6043ba2,EMP0766,Worker_0766,RFID000766,Quality,WS-03,AFTERNOON,5,2026-10-05T15:22:47,HAPPY,OK,36.27,75.6,98.8,0.23,12.33,LOW
3a7e15e5-bb49-4788-a843-2222ee7f26a4,EMP0279,Worker_0279,RFID000279,Packaging,WS-04,AFTERNOON,5,2026-10-05T15:22:53,SAD,HAPPY,36.62,92.5,98.1,0.527,83.38,HIGH
fd649162-f5e8-4c09-8a87-d91935208dab,EMP0166,Worker_0166,RFID000166,Production,WS-10,AFTERNOON,5,2026-10-05T15:23:07,HAPPY,HAPPY,36.74,81.8,98.2,0.224,7.27,LOW
e30ec14a-92b3-4d2a-acfe-35a5e4cfe55c,EMP0782,Worker_0782,RFID000782,Maintenance,WS-05,AFTERNOON,5,2026-10-05T15:23:24,HAPPY,SAD,36.67,71.1,98.3,0.09,7.71,LOW
1bebfc11-7052-401c-ac08-b93901d1eaab,EMP0702,Worker_0702,RFID000702,Quality,WS-07,AFTERNOON,5,2026-10-05T15:23:27,OK,OK,36.88,85.7,97.2,0.504,43.8,MODERATE
a86fae35-c801-4f0f-9909-d207f6611e9d,EMP0128,Worker_0128,RFID000128,Assembly,WS-08,AFTERNOON,5,2026-10-05T15:23:58,HAPPY,HAPPY,36.38,73.7,97.1,0.161,14.06,LOW
f6698a87-ad4c-4193-bf93-7c4561ff0c31,EMP0352,Worker_0352,RFID000352,Assembly,WS-05,AFTERNOON,5,2026-10-05T15:24:01,OK,HAPPY,36.53,80.5,99.2,0.272,36.64,MODERATE
43fee8c0-734b-4183-a80c-5edd524c0d0d,EMP0350,Worker_0350,RFID000350,Production,WS-10,AFTERNOON,5,2026-10-05T15:24:08,HAPPY,OK,36.44,86.4,97.9,0.05,13.57,LOW
54d7f86f-e739-411a-a1e0-2e290f36798f,EMP0050,Worker_0050,RFID000050,Packaging,WS-05,AFTERNOON,5,2026-10-05T15:24:09,HAPPY,HAPPY,36.71,68.6,98.4,0.185,10.63,LOW
fd7cea3d-648e-43fa-804e-258f6563a354,EMP0066,Worker_0066,RFID000066,Assembly,WS-08,AFTERNOON,5,2026-10-05T15:24:10,HAPPY,OK,36.47,68.2,98.8,0.224,7.23,LOW
90e92f26-79e7-4a96-b8b0-0d40e021f0bf,EMP0330,Worker_0330,RFID000330,Cutting,WS-02,AFTERNOON,5,2026-10-05T15:24:19,HAPPY,HAPPY,36.41,74.8,99.0,0.175,10.37,LOW
33c2636d-ac46-40b4-a565-cae661f77484,EMP0923,Worker_0923,RFID000923,Assembly,WS-10,AFTERNOON,5,2026-10-05T15:24:35,OK,OK,36.49,73.5,96.9,0.461,46.18,MODERATE
f8d2d5d7-6aef-49e3-82bd-35e962a4e603,EMP0322,Worker_0322,RFID000322,Stores,WS-07,AFTERNOON,5,2026-10-05T15:24:42,HAPPY,OK,36.17,78.6,99.2,0.335,9.22,LOW
b5c7aec9-3f5c-4ce6-80ce-c4935e6f6bb5,EMP0738,Worker_0738,RFID000738,Stores,WS-08,AFTERNOON,5,2026-10-05T15:25:03,HAPPY,HAPPY,36.52,75.9,99.4,0.377,9.28,LOW
7d122fa0-97ec-420b-ac68-cc23bf641bf9,EMP0950,Worker_0950,RFID000950,Maintenance,WS-03,AFTERNOON,5,2026-10-05T15:25:25,HAPPY,OK,36.67,81.5,98.6,0.188,10.01,LOW
2f7006af-8158-445e-b820-c3822bc1517d,EMP0091,Worker_0091,RFID000091,Packaging,WS-05,AFTERNOON,5,2026-10-05T15:25:35,OK,SAD,36.37,88.0,98.1,0.229,44.06,MODERATE
2c35a4a9-e40f-475d-992f-a5058af020b6,EMP0874,Worker_0874,RFID000874,Cutting,WS-05,AFTERNOON,5,2026-10-05T15:25:38,HAPPY,HAPPY,36.22,76.5,98.1,0.385,6.89,LOW
01c747ca-83b2-4cef-9095-46ee310cab74,EMP0649,Worker_0649,RFID000649,Packaging,WS-08,AFTERNOON,5,2026-10-05T15:26:15,OK,OK,36.85,74.9,98.6,0.257,33.05,LOW
655990e3-8490-483b-a9f6-93fb87d87829,EMP0850,Worker_0850,RFID000850,Assembly,WS-08,AFTERNOON,5,2026-10-05T15:26:29,OK,HAPPY,36.72,83.9,98.2,0.343,35.07,MODERATE
6db2692b-4b08-4875-a8c3-8d834ed969db,EMP0732,Worker_0732,RFID000732,Finishing,WS-08,AFTERNOON,5,2026-10-05T15:26:47,HAPPY,OK,36.63,74.1,98.1,0.164,14.17,LOW
9a456d3e-ccd1-4079-995a-ea82f5ac51e1,EMP0060,Worker_0060,RFID000060,Stores,WS-08,AFTERNOON,5,2026-10-05T15:27:22,SAD,OK,36.74,81.9,98.0,0.621,84.76,HIGH
dd21d698-4a70-4609-8976-b4a9c0811990,EMP0077,Worker_0077,RFID000077,Stores,WS-06,AFTERNOON,5,2026-10-05T15:27:26,SAD,HAPPY,36.71,84.1,97.3,0.594,85.27,HIGH
10145747-42bc-4b9f-9bd7-5058c02a573a,EMP0532,Worker_0532,RFID000532,Maintenance,WS-04,AFTERNOON,5,2026-10-05T15:27:43,OK,OK,36.29,87.9,98.2,0.188,39.58,MODERATE
8d2c4a8c-a95f-4d45-aeb1-552ce91619da,EMP0743,Worker_0743,RFID000743,Maintenance,WS-04,AFTERNOON,5,2026-10-05T15:28:47,HAPPY,SAD,36.26,71.8,98.4,0.115,10.17,LOW
872a6db1-8f65-496c-9383-4ee9090ba2f9,EMP0839,Worker_0839,RFID000839,Finishing,WS-09,AFTERNOON,5,2026-10-05T15:29:19,HAPPY,HAPPY,36.41,71.4,97.6,0.337,5.43,LOW
a91e9e31-c6ac-461a-9799-6b7f52ee4dd1,EMP0661,Worker_0661,RFID000661,Maintenance,WS-06,AFTERNOON,5,2026-10-05T15:29:39,HAPPY,OK,36.4,74.1,97.7,0.326,5.14,LOW
6244b7a2-56f0-4b76-bdc5-492c9debbb60,EMP0429,Worker_0429,RFID000429,Finishing,WS-09,AFTERNOON,5,2026-10-05T15:29:59,HAPPY,OK,36.56,71.6,97.3,0.195,13.92,LOW
08eaf046-0091-47fe-96a5-f98452d6fd71,EMP0754,Worker_0754,RFID000754,Stores,WS-04,AFTERNOON,5,2026-10-05T15:30:22,OK,SAD,36.63,77.6,97.8,0.436,40.97,MODERATE
80785ae5-feec-44cc-b088-3deb9463502d,EMP0904,Worker_0904,RFID000904,Packaging,WS-07,AFTERNOON,5,2026-10-05T15:30:27,OK,OK,36.55,86.2,99.1,0.399,44.34,MODERATE
3ab4fb7f-b5f5-4c6f-a4ff-2158165e5015,EMP0152,Worker_0152,RFID000152,Quality,WS-02,AFTERNOON,5,2026-10-05T15:30:36,HAPPY,OK,36.38,73.2,97.3,0.243,7.15,LOW
de02be86-6fff-400e-98df-72a491fa7ebc,EMP0547,Worker_0547,RFID000547,Production,WS-02,AFTERNOON,5,2026-10-05T15:30:42,OK,HAPPY,36.65,76.8,96.9,0.35,35.17,MODERATE
11733998-f588-4ade-8d6b-ecbc84bb2fe0,EMP0837,Worker_0837,RFID000837,Finishing,WS-05,AFTERNOON,5,2026-10-05T15:30:42,OK,SAD,36.49,71.8,98.7,0.212,34.85,LOW
f7893117-63e2-4f3e-8021-5ae04e0ae5af,EMP0277,Worker_0277,RFID000277,Maintenance,WS-02,AFTERNOON,5,2026-10-05T15:30:52,SAD,OK,36.93,90.9,97.7,0.236,84.41,HIGH
28d702b8-5b66-4f8b-8c41-2dfd4dcfc166,EMP0497,Worker_0497,RFID000497,Production,WS-05,AFTERNOON,5,2026-10-05T15:30:52,OK,OK,36.26,75.0,98.2,0.331,34.54,LOW
87631c5a-e18b-4921-a439-78523fc8f588,EMP0295,Worker_0295,RFID000295,Cutting,WS-09,AFTERNOON,5,2026-10-05T15:30:59,HAPPY,HAPPY,36.7,77.2,98.6,0.312,10.41,LOW
c34686f4-f8cf-4bcd-a29a-2a4dd6ae1e53,EMP0272,Worker_0272,RFID000272,Finishing,WS-05,AFTERNOON,5,2026-10-05T15:31:18,OK,SAD,36.1,76.2,97.0,0.242,35.67,MODERATE
b5eaeec8-a0c2-4c66-b40a-ca34859621fd,EMP0689,Worker_0689,RFID000689,Packaging,WS-10,AFTERNOON,5,2026-10-05T15:31:39,HAPPY,OK,36.64,74.3,99.0,0.132,13.46,LOW
7650bf99-a441-46cf-bf3a-c3766f8a7d9d,EMP0775,Worker_0775,RFID000775,Finishing,WS-09,AFTERNOON,5,2026-10-05T15:31:47,HAPPY,HAPPY,36.63,75.8,97.9,0.214,5.94,LOW
a741f071-145e-4827-be7b-bf2039a53640,EMP0862,Worker_0862,RFID000862,Finishing,WS-06,AFTERNOON,5,2026-10-05T15:32:33,OK,SAD,36.81,76.4,98.2,0.324,33.86,LOW
5237a5a8-9584-4650-8773-2d891b39ff66,EMP0035,Worker_0035,RFID000035,Assembly,WS-03,AFTERNOON,5,2026-10-05T15:32:55,SAD,OK,36.5,72.4,98.5,0.44,76.7,HIGH
b7b1a196-ab2c-42a7-b564-108c624b92a7,EMP0722,Worker_0722,RFID000722,Maintenance,WS-01,AFTERNOON,5,2026-10-05T15:33:54,OK,OK,36.79,76.5,98.0,0.227,42.24,MODERATE
2a53b8b2-99ab-4f56-bad5-7786fb9d94b7,EMP0417,Worker_0417,RFID000417,Maintenance,WS-02,AFTERNOON,5,2026-10-05T15:34:15,HAPPY,HAPPY,36.23,64.3,99.6,0.245,7.92,LOW
170fa102-b7b8-471b-aad9-4dfe5573d0bc,EMP0167,Worker_0167,RFID000167,Maintenance,WS-06,AFTERNOON,5,2026-10-05T15:34:46,OK,HAPPY,36.33,71.5,97.3,0.316,42.81,MODERATE
897a57de-be0f-4f90-919d-e0eaa7884a1a,EMP0011,Worker_0011,RFID000011,Maintenance,WS-02,AFTERNOON,5,2026-10-05T15:34:54,OK,SAD,36.69,75.0,99.0,0.295,35.18,MODERATE
cb0798e8-a286-40e6-992a-6ea87787eca1,EMP0626,Worker_0626,RFID000626,Finishing,WS-08,AFTERNOON,5,2026-10-05T15:34:58,HAPPY,HAPPY,36.42,83.7,98.3,0.253,12.82,LOW
db2308f9-bbf1-4f72-b911-8cdf25903b6f,EMP0961,Worker_0961,RFID000961,Production,WS-10,AFTERNOON,5,2026-10-05T15:35:16,OK,OK,36.24,71.9,97.7,0.214,35.03,MODERATE
9fe8c7c2-0416-41f2-9c36-4059a106c6b8,EMP0795,Worker_0795,RFID000795,Stores,WS-03,AFTERNOON,5,2026-10-05T15:35:18,OK,HAPPY,36.15,73.5,97.4,0.212,33.4,LOW
da61aae0-77fb-4472-b7be-3014cf06b70f,EMP0574,Worker_0574,RFID000574,Assembly,WS-09,AFTERNOON,5,2026-10-05T15:35:19,OK,OK,36.74,72.3,97.8,0.273,38.07,MODERATE
56ef5c52-3470-4a87-bb42-3287c7ed5f34,EMP0914,Worker_0914,RFID000914,Cutting,WS-05,AFTERNOON,5,2026-10-05T15:35:25,SAD,HAPPY,36.91,91.6,99.0,0.385,76.9,HIGH
57ac8607-f03d-4912-a4e4-c3431a111970,EMP0999,Worker_0999,RFID000999,Stores,WS-10,AFTERNOON,5,2026-10-05T15:35:26,SAD,SAD,36.86,86.2,97.1,0.632,91.15,HIGH
34a2edd9-5e58-4cda-95d2-3ef71ee4444d,EMP0148,Worker_0148,RFID000148,Stores,WS-01,AFTERNOON,5,2026-10-05T15:35:36,OK,OK,36.31,78.0,97.4,0.382,42.16,MODERATE
1b07ca1c-627d-4d08-8849-325c21dd85d8,EMP0299,Worker_0299,RFID000299,Finishing,WS-06,AFTERNOON,5,2026-10-05T15:35:41,SAD,SAD,36.91,79.7,97.2,0.615,85.69,HIGH
0b320b31-339c-4662-9117-4183fa06f2fe,EMP0562,Worker_0562,RFID000562,Stores,WS-06,AFTERNOON,5,2026-10-05T15:35:50,SAD,HAPPY,36.49,91.3,96.9,0.429,82.76,HIGH
b9ed851d-b4eb-4196-8354-a05d4039a988,EMP0286,Worker_0286,RFID000286,Cutting,WS-06,AFTERNOON,5,2026-10-05T15:36:11,HAPPY,OK,36.58,89.5,98.7,0.426,18.52,LOW
96495365-23bc-48c0-93a5-3321621c806b,EMP0530,Worker_0530,RFID000530,Maintenance,WS-07,AFTERNOON,5,2026-10-05T15:36:15,SAD,SAD,36.65,95.1,96.1,0.324,85.52,HIGH
61675f86-d692-41b2-a1e8-2aa6880876b8,EMP0801,Worker_0801,RFID000801,Maintenance,WS-01,AFTERNOON,5,2026-10-05T15:36:31,OK,HAPPY,36.48,77.2,97.2,0.415,38.0,MODERATE
394b0950-7ee6-4733-995b-b997c4a76319,EMP0317,Worker_0317,RFID000317,Quality,WS-02,AFTERNOON,5,2026-10-05T15:36:39,SAD,SAD,36.68,77.4,98.0,0.485,82.49,HIGH
c1b6046d-2a89-4557-b543-0cd3e6e09348,EMP0439,Worker_0439,RFID000439,Assembly,WS-01,AFTERNOON,5,2026-10-05T15:36:47,HAPPY,OK,36.42,66.1,97.8,0.235,13.46,LOW
83ae1e3a-b12f-4ea9-ad12-695a1918f3be,EMP0745,Worker_0745,RFID000745,Finishing,WS-09,AFTERNOON,5,2026-10-05T15:36:56,OK,OK,36.43,77.9,98.6,0.282,37.2,MODERATE
742f8eeb-fc4d-4f58-aa51-2071cb40aaa0,EMP0636,Worker_0636,RFID000636,Maintenance,WS-06,AFTERNOON,5,2026-10-05T15:37:18,OK,HAPPY,36.47,74.2,97.0,0.312,41.14,MODERATE
9f23d65c-9eaf-4a15-a80e-59971f6d4fad,EMP0385,Worker_0385,RFID000385,Packaging,WS-08,AFTERNOON,5,2026-10-05T15:37:39,HAPPY,OK,36.27,75.1,99.0,0.145,10.4,LOW
a7f84425-b1e9-4906-ab36-0181070a950e,EMP0187,Worker_0187,RFID000187,Quality,WS-01,AFTERNOON,5,2026-10-05T15:37:44,OK,OK,36.48,76.4,97.8,0.293,34.98,LOW
f14e8ee7-04e0-40f5-b23e-abfac6201508,EMP0150,Worker_0150,RFID000150,Packaging,WS-02,AFTERNOON,5,2026-10-05T15:38:00,HAPPY,HAPPY,36.47,89.1,98.6,0.375,9.4,LOW
52198f68-9703-4faf-b407-c76af4d83298,EMP0080,Worker_0080,RFID000080,Assembly,WS-10,AFTERNOON,5,2026-10-05T15:38:05,HAPPY,HAPPY,36.39,83.0,97.1,0.127,14.18,LOW
3feb5437-25e2-40c0-ba40-82152cc8d2e4,EMP0364,Worker_0364,RFID000364,Quality,WS-10,AFTERNOON,5,2026-10-05T15:38:18,HAPPY,HAPPY,36.35,69.5,98.2,0.107,11.07,LOW
5d840e08-7ea2-458c-8d1c-915fc5a42708,EMP0478,Worker_0478,RFID000478,Packaging,WS-06,AFTERNOON,5,2026-10-05T15:38:56,SAD,SAD,36.68,96.5,97.6,0.512,87.25,HIGH
b4712461-5958-4d27-b1d9-bfe565579ee3,EMP0781,Worker_0781,RFID000781,Finishing,WS-08,AFTERNOON,5,2026-10-05T15:39:00,OK,HAPPY,36.43,80.7,98.1,0.218,35.72,MODERATE
4530bf93-c482-4d9f-afba-e23dfab7c1ef,EMP0210,Worker_0210,RFID000210,Finishing,WS-01,AFTERNOON,5,2026-10-05T15:39:01,OK,HAPPY,36.91,87.5,98.2,0.149,39.38,MODERATE
f5a95a52-c4ce-4473-9c66-0b7e64a61074,EMP0811,Worker_0811,RFID000811,Finishing,WS-04,AFTERNOON,5,2026-10-05T15:39:17,OK,HAPPY,36.42,72.3,98.7,0.355,40.91,MODERATE
c18388b0-0feb-4fd1-b8ed-ea3600055603,EMP0788,Worker_0788,RFID000788,Cutting,WS-07,AFTERNOON,5,2026-10-05T15:39:27,HAPPY,HAPPY,36.32,69.6,98.6,0.152,5.33,LOW
0268601c-0172-4417-bdf6-7a01398aa084,EMP0866,Worker_0866,RFID000866,Packaging,WS-10,AFTERNOON,5,2026-10-05T15:39:51,HAPPY,HAPPY,36.69,80.9,98.1,0.205,10.88,LOW
6f7c092e-c40a-49c6-8c72-91472f03089f,EMP0351,Worker_0351,RFID000351,Maintenance,WS-02,AFTERNOON,5,2026-10-05T15:39:53,SAD,HAPPY,36.87,92.4,97.6,0.399,84.89,HIGH
dcfad4ee-19e8-4477-89e0-60d338c5b8b2,EMP0818,Worker_0818,RFID000818,Cutting,WS-06,AFTERNOON,5,2026-10-05T15:40:01,OK,OK,36.7,75.0,97.7,0.211,40.54,MODERATE
07fdb86d-a137-4d70-9c6e-3c4302a606f9,EMP0823,Worker_0823,RFID000823,Maintenance,WS-09,AFTERNOON,5,2026-10-05T15:40:02,SAD,HAPPY,36.6,86.0,96.7,0.671,86.27,HIGH
d2c994f8-1518-4261-bf47-52a5e0be2aa2,EMP0107,Worker_0107,RFID000107,Production,WS-07,AFTERNOON,5,2026-10-05T15:40:12,OK,OK,36.78,86.2,97.1,0.226,46.15,MODERATE
ee9136c4-1691-49dd-b142-292c23dea165,EMP0858,Worker_0858,RFID000858,Quality,WS-10,AFTERNOON,5,2026-10-05T15:40:53,OK,HAPPY,36.72,83.8,97.1,0.384,36.09,MODERATE
1951f571-3cd1-4d68-aee5-2c354948f3e2,EMP0536,Worker_0536,RFID000536,Stores,WS-10,AFTERNOON,5,2026-10-05T15:41:02,HAPPY,OK,36.44,76.5,98.4,0.284,10.2,LOW
c414e1b6-d155-4926-9443-9400c43dc57d,EMP0868,Worker_0868,RFID000868,Production,WS-06,AFTERNOON,5,2026-10-05T15:41:41,HAPPY,OK,36.43,72.5,97.0,0.138,9.99,LOW
5a560f23-ea64-4984-9ba5-1cc09736267e,EMP0927,Worker_0927,RFID000927,Finishing,WS-05,AFTERNOON,5,2026-10-05T15:41:42,HAPPY,SAD,36.36,78.9,97.5,0.313,11.45,LOW
9efbe09d-c057-4c56-9b67-dcd288859531,EMP0880,Worker_0880,RFID000880,Finishing,WS-03,AFTERNOON,5,2026-10-05T15:41:51,OK,OK,36.27,80.4,96.7,0.394,39.41,MODERATE
215b78ff-8ca4-4abd-9d2a-83c309c7bf72,EMP0723,Worker_0723,RFID000723,Packaging,WS-04,AFTERNOON,5,2026-10-05T15:41:55,OK,SAD,36.42,76.0,97.1,0.142,41.32,MODERATE
ab386861-ebe2-4ad9-bb5f-20e8bc65e5eb,EMP0096,Worker_0096,RFID000096,Finishing,WS-02,AFTERNOON,5,2026-10-05T15:41:59,HAPPY,OK,36.4,80.2,98.4,0.273,11.79,LOW
7e099b7b-98d3-4c26-85e9-0b57798fb3a8,EMP0951,Worker_0951,RFID000951,Quality,WS-07,AFTERNOON,5,2026-10-05T15:42:00,OK,HAPPY,36.71,89.9,99.0,0.2,44.46,MODERATE
54063ae0-ecb5-4ff7-a18c-39ffe512d366,EMP0421,Worker_0421,RFID000421,Cutting,WS-09,AFTERNOON,5,2026-10-05T15:42:10,SAD,OK,36.33,92.1,97.6,0.585,84.6,HIGH
8f8a538c-1388-4ecb-83d6-85cda248f79c,EMP0579,Worker_0579,RFID000579,Production,WS-10,AFTERNOON,5,2026-10-05T15:42:30,OK,SAD,36.28,74.4,98.6,0.309,42.71,MODERATE
e1a5548a-1d73-4e2d-8e7a-1836210cfc51,EMP0063,Worker_0063,RFID000063,Assembly,WS-08,AFTERNOON,5,2026-10-05T15:42:32,SAD,HAPPY,36.65,78.1,97.3,0.661,78.78,HIGH
93d0201d-b019-40e6-abcf-4a04420b2120,EMP0892,Worker_0892,RFID000892,Assembly,WS-10,AFTERNOON,5,2026-10-05T15:42:38,HAPPY,HAPPY,36.7,66.0,97.6,0.188,11.79,LOW
dbafdea9-2bd1-4922-b365-45a51a0bbb4b,EMP0088,Worker_0088,RFID000088,Production,WS-08,AFTERNOON,5,2026-10-05T15:43:17,OK,HAPPY,36.26,87.2,97.2,0.416,42.25,MODERATE
dbb74b90-aac5-45c1-8ff2-ca58190fe2c3,EMP0012,Worker_0012,RFID000012,Cutting,WS-08,AFTERNOON,5,2026-10-05T15:43:28,OK,SAD,36.41,66.0,98.9,0.374,39.6,MODERATE
708b032f-89d2-4d71-99c2-df818be5dac7,EMP0663,Worker_0663,RFID000663,Cutting,WS-08,AFTERNOON,5,2026-10-05T15:43:31,OK,OK,36.54,71.4,97.6,0.273,38.35,MODERATE
e1b8103b-20b6-4a72-9746-2a08dd746b47,EMP0922,Worker_0922,RFID000922,Assembly,WS-09,AFTERNOON,5,2026-10-05T15:43:41,OK,HAPPY,36.28,78.3,97.6,0.44,37.98,MODERATE
19202543-6e9a-4f44-92a9-a7b0e72f898f,EMP0520,Worker_0520,RFID000520,Cutting,WS-02,AFTERNOON,5,2026-10-05T15:43:54,HAPPY,OK,36.33,73.0,96.7,0.43,9.13,LOW
1a661b36-412a-4655-a390-0024282af11c,EMP0370,Worker_0370,RFID000370,Stores,WS-10,AFTERNOON,5,2026-10-05T15:44:05,HAPPY,OK,36.72,68.8,99.1,0.309,14.8,LOW
76d5f40c-be81-48bb-a184-66eecacfee5c,EMP0293,Worker_0293,RFID000293,Stores,WS-10,AFTERNOON,5,2026-10-05T15:45:21,HAPPY,HAPPY,36.7,77.3,97.9,0.234,7.76,LOW
c1fcc4b4-e001-4346-aa3d-9ab3ab3f98a6,EMP0068,Worker_0068,RFID000068,Quality,WS-08,AFTERNOON,5,2026-10-05T15:45:25,SAD,SAD,36.89,84.7,98.7,0.489,80.95,HIGH
ebbd099f-acd8-4167-a336-23133909eaab,EMP0640,Worker_0640,RFID000640,Cutting,WS-07,AFTERNOON,5,2026-10-05T15:45:39,SAD,OK,36.59,76.4,97.6,0.62,82.77,HIGH
41ba92d8-0c76-4e7e-a483-447332020eaf,EMP0472,Worker_0472,RFID000472,Maintenance,WS-05,AFTERNOON,5,2026-10-05T15:45:44,HAPPY,HAPPY,36.59,75.0,97.7,0.178,9.36,LOW
c617b697-2c35-4d05-b160-f85739cbc337,EMP0129,Worker_0129,RFID000129,Stores,WS-06,AFTERNOON,5,2026-10-05T15:45:56,OK,HAPPY,36.5,78.6,97.8,0.364,39.88,MODERATE
50b2daf1-9b8e-4e30-8050-cdd383457ba3,EMP0263,Worker_0263,RFID000263,Quality,WS-05,AFTERNOON,5,2026-10-05T15:46:22,SAD,SAD,36.99,77.3,96.5,0.672,84.88,HIGH
100513c8-7967-4c8c-b6e9-751af351ff2f,EMP0618,Worker_0618,RFID000618,Finishing,WS-07,AFTERNOON,5,2026-10-05T15:46:58,HAPPY,HAPPY,36.53,70.1,97.1,0.295,5.26,LOW
0510dde8-996c-456d-8281-724ad1612cad,EMP0505,Worker_0505,RFID000505,Maintenance,WS-02,AFTERNOON,5,2026-10-05T15:47:44,SAD,HAPPY,36.6,85.5,96.7,0.552,85.52,HIGH
dfd5df1f-d0e8-4894-879b-8a69063da7eb,EMP0903,Worker_0903,RFID000903,Quality,WS-02,AFTERNOON,5,2026-10-05T15:47:54,HAPPY,OK,36.23,71.1,97.3,0.358,5.06,LOW
ac6d15e4-76af-4398-8289-7daab24d4233,EMP0706,Worker_0706,RFID000706,Maintenance,WS-10,AFTERNOON,5,2026-10-05T15:48:06,HAPPY,SAD,36.28,71.9,97.1,0.306,11.07,LOW
56614866-724a-4c85-8fb4-7adfa57ef792,EMP0780,Worker_0780,RFID000780,Assembly,WS-09,AFTERNOON,5,2026-10-05T15:48:14,HAPPY,SAD,36.42,77.2,97.1,0.187,5.72,LOW
10244166-8427-4e8b-b427-b589a304bc20,EMP0479,Worker_0479,RFID000479,Stores,WS-09,AFTERNOON,5,2026-10-05T15:48:28,OK,HAPPY,36.21,83.0,97.8,0.36,38.33,MODERATE
785e6052-5b2a-4fbe-8511-9b30c1682a25,EMP0699,Worker_0699,RFID000699,Maintenance,WS-04,AFTERNOON,5,2026-10-05T15:48:31,HAPPY,HAPPY,36.78,69.1,98.5,0.158,12.19,LOW
87ce7d57-975a-4f55-ad08-1f03c5770242,EMP0760,Worker_0760,RFID000760,Maintenance,WS-09,AFTERNOON,5,2026-10-05T15:48:44,OK,HAPPY,36.62,79.7,97.3,0.251,37.49,MODERATE
fbbca401-2a42-4520-8e83-ffd256f0ef58,EMP0500,Worker_0500,RFID000500,Finishing,WS-04,AFTERNOON,5,2026-10-05T15:48:59,HAPPY,HAPPY,36.67,76.8,97.4,0.073,12.86,LOW
d337d0b1-ee83-4488-a4b6-c4b735b4a7e6,EMP0829,Worker_0829,RFID000829,Quality,WS-03,AFTERNOON,5,2026-10-05T15:49:32,SAD,SAD,36.55,87.5,96.2,0.512,84.71,HIGH
f7566222-33ae-445e-b30d-cf2e53dadd9b,EMP0852,Worker_0852,RFID000852,Assembly,WS-02,AFTERNOON,5,2026-10-05T15:49:45,OK,SAD,36.32,74.2,98.0,0.21,35.12,MODERATE
d5e03537-e22f-4868-8573-fc8a1e5db13a,EMP0683,Worker_0683,RFID000683,Production,WS-09,AFTERNOON,5,2026-10-05T15:49:50,SAD,HAPPY,36.53,82.1,98.3,0.67,85.35,HIGH
8f9fc6f0-8672-4769-81db-e0d13e960c47,EMP0756,Worker_0756,RFID000756,Finishing,WS-08,AFTERNOON,5,2026-10-05T15:50:13,OK,OK,36.36,70.9,98.4,0.336,33.35,LOW
e6e08278-f320-4978-8412-21adf83527bf,EMP0185,Worker_0185,RFID000185,Production,WS-08,AFTERNOON,5,2026-10-05T15:51:09,SAD,OK,36.77,85.4,96.9,0.537,79.62,HIGH
ab866846-8921-4315-8c0d-f1ce5155b3ad,EMP0480,Worker_0480,RFID000480,Finishing,WS-03,AFTERNOON,5,2026-10-05T15:51:32,HAPPY,OK,36.62,80.6,97.6,0.38,14.42,LOW
245e9254-a152-4d8c-a020-2d6a1abf5c7b,EMP0056,Worker_0056,RFID000056,Packaging,WS-06,AFTERNOON,5,2026-10-05T15:51:34,HAPPY,HAPPY,36.64,75.4,99.1,0.212,7.83,LOW
1571c6ac-dda0-4ff6-bece-07d52a13f579,EMP0992,Worker_0992,RFID000992,Packaging,WS-02,AFTERNOON,5,2026-10-05T15:51:41,HAPPY,HAPPY,36.43,70.3,97.6,0.118,14.62,LOW
63d94f5d-34d8-4fe7-a95d-6c7526b65d80,EMP0252,Worker_0252,RFID000252,Quality,WS-07,AFTERNOON,5,2026-10-05T15:51:54,HAPPY,OK,36.59,84.9,98.0,0.198,5.39,LOW
1be634e9-9a41-4576-b859-6670d2978226,EMP0762,Worker_0762,RFID000762,Stores,WS-09,AFTERNOON,5,2026-10-05T15:51:57,SAD,OK,36.52,85.5,97.5,0.448,77.27,HIGH
284ff4b9-f0f3-4079-bda0-3168360865ae,EMP0303,Worker_0303,RFID000303,Maintenance,WS-07,AFTERNOON,5,2026-10-05T15:52:06,OK,SAD,36.53,79.9,97.0,0.296,37.14,MODERATE
5f840a9c-f55c-4fbc-ac39-fe0a5d2d1e19,EMP0635,Worker_0635,RFID000635,Quality,WS-09,AFTERNOON,5,2026-10-05T15:52:09,OK,OK,36.55,71.6,98.0,0.356,37.12,MODERATE
5d839ca2-ca38-45bc-9750-b6d82f1ffe97,EMP0926,Worker_0926,RFID000926,Production,WS-09,AFTERNOON,5,2026-10-05T15:52:36,HAPPY,OK,36.52,78.0,97.9,0.379,8.88,LOW
88601a2e-4a1d-4f0d-a885-ba5830302b4c,EMP0201,Worker_0201,RFID000201,Quality,WS-07,AFTERNOON,5,2026-10-05T15:52:38,HAPPY,OK,36.87,71.7,98.5,0.354,14.28,LOW
3117b8a9-0e80-4aeb-9869-cb420b554b25,EMP0064,Worker_0064,RFID000064,Packaging,WS-03,AFTERNOON,5,2026-10-05T15:52:41,HAPPY,OK,36.19,77.5,99.0,0.291,10.53,LOW
7854eedc-923f-4878-b69d-89bea72999b6,EMP0608,Worker_0608,RFID000608,Maintenance,WS-02,AFTERNOON,5,2026-10-05T15:52:41,HAPPY,HAPPY,36.6,78.5,97.9,0.297,5.31,LOW
8498a07f-6484-4a2e-b492-7512129b51d7,EMP0331,Worker_0331,RFID000331,Cutting,WS-03,AFTERNOON,5,2026-10-05T15:53:06,SAD,OK,36.75,83.9,97.0,0.559,82.26,HIGH
65a5bb40-ffbf-43f0-846b-520ab9f1385a,EMP0864,Worker_0864,RFID000864,Finishing,WS-06,AFTERNOON,5,2026-10-05T15:54:09,SAD,HAPPY,36.78,88.7,98.6,0.493,84.12,HIGH
725748f7-fec3-4077-be64-3331ba2fa494,EMP0202,Worker_0202,RFID000202,Cutting,WS-01,AFTERNOON,5,2026-10-05T15:54:23,OK,HAPPY,36.46,74.9,97.8,0.159,38.43,MODERATE
f3829f85-6446-4cdf-86a4-a90541898d97,EMP0582,Worker_0582,RFID000582,Maintenance,WS-03,AFTERNOON,5,2026-10-05T15:54:32,HAPPY,HAPPY,36.3,74.2,98.1,0.192,14.53,LOW
7a85c42f-2f8a-419d-a7c4-61d3c378550e,EMP0928,Worker_0928,RFID000928,Production,WS-09,AFTERNOON,5,2026-10-05T15:54:51,SAD,OK,36.57,81.6,97.2,0.684,84.22,HIGH
9126e8d6-d0ee-4f4f-84c4-2851db3f034f,EMP0686,Worker_0686,RFID000686,Cutting,WS-07,AFTERNOON,5,2026-10-05T15:55:01,OK,HAPPY,36.5,74.1,97.3,0.403,37.32,MODERATE
447f715d-4fd6-494f-9b67-2ed09ea230e4,EMP0327,Worker_0327,RFID000327,Stores,WS-06,AFTERNOON,5,2026-10-05T15:55:37,HAPPY,HAPPY,36.06,66.3,98.0,0.195,5.22,LOW
3a10218b-c8f1-4394-917a-919c758ac164,EMP0061,Worker_0061,RFID000061,Quality,WS-02,AFTERNOON,5,2026-10-05T15:55:55,SAD,SAD,36.89,85.2,97.2,0.504,84.83,HIGH
a11e1828-54f0-406c-bf93-8cf836957626,EMP0673,Worker_0673,RFID000673,Cutting,WS-01,AFTERNOON,5,2026-10-05T15:56:50,SAD,OK,36.89,94.2,98.0,0.438,84.83,HIGH
1159f930-8a73-4bc5-83ca-99f57854bc41,EMP0765,Worker_0765,RFID000765,Production,WS-02,AFTERNOON,5,2026-10-05T15:56:51,SAD,OK,36.38,89.9,97.2,0.49,75.86,HIGH
10205a61-e3e0-4e18-b960-6f349aaabb4c,EMP0703,Worker_0703,RFID000703,Stores,WS-02,AFTERNOON,5,2026-10-05T15:57:01,SAD,SAD,36.83,87.5,96.4,0.517,88.85,HIGH
8ed77466-67ec-4ede-b87c-eaba9465d93d,EMP0465,Worker_0465,RFID000465,Production,WS-03,AFTERNOON,5,2026-10-05T15:57:12,SAD,HAPPY,36.89,84.0,97.8,0.355,70.07,HIGH
906b5d41-ceae-434f-8316-d1635c6cb005,EMP0070,Worker_0070,RFID000070,Assembly,WS-03,AFTERNOON,5,2026-10-05T15:57:29,HAPPY,HAPPY,36.4,66.5,96.7,0.188,9.6,LOW
652d1a6a-5440-4859-b5b3-831715022dac,EMP0668,Worker_0668,RFID000668,Quality,WS-09,AFTERNOON,5,2026-10-05T15:58:00,HAPPY,SAD,36.54,76.5,97.4,0.27,8.28,LOW
17f6b981-5ddd-4890-9bab-006cc488487a,EMP0244,Worker_0244,RFID000244,Packaging,WS-03,AFTERNOON,5,2026-10-05T15:58:48,HAPPY,HAPPY,36.54,76.4,98.0,0.26,12.84,LOW
92426a75-9746-4373-88e9-17a55281f316,EMP0721,Worker_0721,RFID000721,Finishing,WS-05,AFTERNOON,5,2026-10-05T15:58:56,OK,SAD,36.37,75.4,97.2,0.239,40.75,MODERATE
8916fabb-f903-47d6-a806-9def091ac782,EMP0774,Worker_0774,RFID000774,Quality,WS-07,AFTERNOON,5,2026-10-05T15:59:18,HAPPY,OK,36.84,76.7,97.9,0.424,15.05,LOW
c845c69c-4584-431a-b116-d740fa362bab,EMP0798,Worker_0798,RFID000798,Assembly,WS-02,AFTERNOON,5,2026-10-05T15:59:21,HAPPY,SAD,36.18,84.7,98.9,0.33,5.27,LOW
3d947dd9-36e7-4e2d-a089-bc9caf80078f,EMP0231,Worker_0231,RFID000231,Assembly,WS-02,AFTERNOON,5,2026-10-05T15:59:26,OK,OK,36.81,69.9,98.5,0.357,38.27,MODERATE
bd094d0e-978e-4d83-a034-863092673c17,EMP0047,Worker_0047,RFID000047,Production,WS-06,AFTERNOON,5,2026-10-05T15:59:41,OK,OK,36.33,75.9,96.1,0.363,40.88,MODERATE
ec70d3e4-896a-46b1-aa51-c6f82ab705df,EMP0384,Worker_0384,RFID000384,Production,WS-05,AFTERNOON,5,2026-10-05T16:00:04,HAPPY,HAPPY,36.5,70.6,98.0,0.23,8.12,LOW
f9ba2562-f169-44fe-b616-e3c371fd964b,EMP0082,Worker_0082,RFID000082,Cutting,WS-07,AFTERNOON,5,2026-10-05T16:00:21,HAPPY,HAPPY,36.29,83.3,98.2,0.32,10.69,LOW
a7092bdc-4f65-4cac-a37c-417b44e97a68,EMP0897,Worker_0897,RFID000897,Cutting,WS-07,AFTERNOON,5,2026-10-05T16:00:21,HAPPY,HAPPY,36.21,67.3,96.6,0.46,11.07,LOW
b4951ab5-82d5-43dd-a5d6-e7114dc8cf32,EMP0757,Worker_0757,RFID000757,Cutting,WS-03,AFTERNOON,5,2026-10-05T16:00:39,OK,HAPPY,36.67,79.2,98.1,0.458,39.15,MODERATE
bfc98ef4-9115-454a-bb3f-244f6695824c,EMP0270,Worker_0270,RFID000270,Maintenance,WS-01,AFTERNOON,5,2026-10-05T16:00:41,HAPPY,HAPPY,36.52,67.0,96.4,0.456,12.47,LOW
2766abbb-a6b6-416b-8386-5a556a6e25bb,EMP0095,Worker_0095,RFID000095,Quality,WS-05,AFTERNOON,5,2026-10-05T16:01:00,OK,OK,36.44,71.7,97.8,0.414,39.26,MODERATE
45359ca8-9f81-424a-9d5e-cc6f0d628455,EMP0601,Worker_0601,RFID000601,Packaging,WS-09,AFTERNOON,5,2026-10-05T16:01:02,OK,OK,36.43,72.2,98.3,0.225,35.34,MODERATE
76ab5995-97c5-4248-9f56-55cb1ece6d2d,EMP0496,Worker_0496,RFID000496,Cutting,WS-08,AFTERNOON,5,2026-10-05T16:01:12,OK,OK,36.65,76.5,97.8,0.217,40.91,MODERATE
ab8710dc-43bd-44bf-92fc-701282b103a6,EMP0698,Worker_0698,RFID000698,Production,WS-05,AFTERNOON,5,2026-10-05T16:01:13,HAPPY,HAPPY,36.8,81.8,98.3,0.138,10.84,LOW
e5bf0077-b1be-4382-8378-9c5abfe5ffe7,EMP0516,Worker_0516,RFID000516,Production,WS-09,AFTERNOON,5,2026-10-05T16:01:39,SAD,OK,36.93,92.1,97.9,0.561,89.89,HIGH
9857cf9f-43a3-4746-b0da-520a4a2ed641,EMP0893,Worker_0893,RFID000893,Maintenance,WS-10,AFTERNOON,5,2026-10-05T16:01:47,HAPPY,OK,36.19,75.2,98.9,0.388,14.42,LOW
bf13310e-0dcc-4beb-bd72-465a757682f6,EMP0094,Worker_0094,RFID000094,Maintenance,WS-02,AFTERNOON,5,2026-10-05T16:02:09,OK,OK,36.54,87.0,96.8,0.32,44.02,MODERATE
c41ed289-b366-4d3e-9342-dfecede29682,EMP0662,Worker_0662,RFID000662,Quality,WS-03,AFTERNOON,5,2026-10-05T16:02:14,OK,OK,36.37,77.8,98.2,0.203,37.58,MODERATE
c589f594-fcca-4d7d-b709-d55df23face7,EMP0057,Worker_0057,RFID000057,Assembly,WS-05,AFTERNOON,5,2026-10-05T16:02:21,OK,HAPPY,36.62,78.4,97.3,0.31,41.24,MODERATE
7d7ef3e0-01c7-482a-9fe3-8e7a1764743b,EMP0425,Worker_0425,RFID000425,Packaging,WS-03,AFTERNOON,5,2026-10-05T16:02:39,SAD,HAPPY,36.88,82.8,97.8,0.633,82.95,HIGH
bdadb4e5-b21a-4a2f-84cc-0dbf2f5543d7,EMP0630,Worker_0630,RFID000630,Quality,WS-04,AFTERNOON,5,2026-10-05T16:02:56,HAPPY,HAPPY,36.87,78.9,98.1,0.148,14.44,LOW
3e735c9e-4ddd-43a7-836f-87a2431bd379,EMP0049,Worker_0049,RFID000049,Quality,WS-07,AFTERNOON,5,2026-10-05T16:03:05,HAPPY,OK,36.63,73.1,98.0,0.405,11.62,LOW
ddfd74c7-4d79-416e-ac67-1953ac597274,EMP0393,Worker_0393,RFID000393,Assembly,WS-01,AFTERNOON,5,2026-10-05T16:03:12,OK,OK,36.61,83.3,97.3,0.451,44.06,MODERATE
b9b42d5c-6eab-45ea-b281-bccb177ff225,EMP0857,Worker_0857,RFID000857,Finishing,WS-06,AFTERNOON,5,2026-10-05T16:03:12,HAPPY,HAPPY,36.72,82.2,97.2,0.311,11.7,LOW
94db54b8-3608-4434-b5ed-b10c9d53f630,EMP0118,Worker_0118,RFID000118,Quality,WS-02,AFTERNOON,5,2026-10-05T16:04:32,HAPPY,SAD,36.75,71.3,97.8,0.433,14.24,LOW
cef51b73-34b1-4c08-9e01-9fb907420a05,EMP0651,Worker_0651,RFID000651,Assembly,WS-04,AFTERNOON,5,2026-10-05T16:04:51,OK,HAPPY,36.5,79.3,97.4,0.245,39.95,MODERATE
d4dafa61-89e8-42a6-bb27-3472fd074e63,EMP0869,Worker_0869,RFID000869,Stores,WS-06,AFTERNOON,5,2026-10-05T16:04:54,SAD,SAD,36.79,79.9,97.6,0.406,82.95,HIGH
da8bc783-3598-4708-b398-ba472c27b436,EMP0696,Worker_0696,RFID000696,Production,WS-01,AFTERNOON,5,2026-10-05T16:05:02,HAPPY,SAD,36.38,68.9,97.1,0.219,5.66,LOW
6d835b4f-96cf-43a7-866e-ff6e8153b25a,EMP0130,Worker_0130,RFID000130,Quality,WS-02,AFTERNOON,5,2026-10-05T16:05:06,OK,HAPPY,36.46,87.4,97.7,0.333,44.18,MODERATE
07277ab2-be0b-4861-8e76-22a30d478156,EMP0176,Worker_0176,RFID000176,Cutting,WS-05,AFTERNOON,5,2026-10-05T16:05:12,OK,HAPPY,36.28,77.8,98.0,0.36,42.68,MODERATE
2dce2a1b-e9e7-4c20-b558-02d62a07d7f2,EMP0348,Worker_0348,RFID000348,Assembly,WS-03,AFTERNOON,5,2026-10-05T16:05:12,HAPPY,OK,36.58,75.4,98.1,0.192,6.5,LOW
c06bb80b-df6e-4061-aefa-7686e62754b4,EMP0691,Worker_0691,RFID000691,Maintenance,WS-09,AFTERNOON,5,2026-10-05T16:05:13,HAPPY,HAPPY,36.65,71.2,97.3,0.212,6.39,LOW
b81a7b4b-5874-4ff2-9c2d-c34d5963ebbd,EMP0223,Worker_0223,RFID000223,Stores,WS-06,AFTERNOON,5,2026-10-05T16:05:23,HAPPY,OK,36.61,72.2,97.7,0.273,8.37,LOW
8201ae40-7198-4b92-a78e-121c194973cd,EMP0404,Worker_0404,RFID000404,Packaging,WS-03,AFTERNOON,5,2026-10-05T16:06:09,OK,SAD,36.47,74.6,97.7,0.342,39.85,MODERATE
e8acbad0-34d3-4787-bf10-7581c68027a3,EMP0948,Worker_0948,RFID000948,Quality,WS-01,AFTERNOON,5,2026-10-05T16:06:14,HAPPY,OK,36.59,75.7,97.4,0.114,10.08,LOW
79a6e709-bafa-453a-8335-5095114779f8,EMP0977,Worker_0977,RFID000977,Maintenance,WS-08,AFTERNOON,5,2026-10-05T16:06:30,SAD,SAD,36.89,85.5,97.8,0.452,88.8,HIGH
8d27db93-0881-4c7f-bac9-91adee702dab,EMP0716,Worker_0716,RFID000716,Quality,WS-07,AFTERNOON,5,2026-10-05T16:06:44,OK,SAD,36.57,74.3,97.1,0.325,42.72,MODERATE
f92cc554-da90-4f89-b983-f0e12b4e65f6,EMP0377,Worker_0377,RFID000377,Assembly,WS-01,AFTERNOON,5,2026-10-05T16:06:57,OK,HAPPY,36.42,82.6,97.2,0.329,34.0,LOW
5cd53470-3d36-4e9b-9810-9053b5a5b224,EMP0319,Worker_0319,RFID000319,Maintenance,WS-01,AFTERNOON,5,2026-10-05T16:06:58,OK,OK,36.66,94.5,96.4,0.358,50.73,MODERATE
0795be68-9c1c-4ce3-b275-7bcba71c81d6,EMP0163,Worker_0163,RFID000163,Cutting,WS-01,AFTERNOON,5,2026-10-05T16:07:20,HAPPY,HAPPY,36.36,86.9,97.3,0.358,12.03,LOW
f9c6731e-33e8-4e15-9b6c-8e8f2e81619d,EMP0693,Worker_0693,RFID000693,Production,WS-02,AFTERNOON,5,2026-10-05T16:08:03,OK,SAD,36.39,72.3,98.2,0.379,41.41,MODERATE
f3c9809e-ec99-4804-a81b-38a66c1ad8b9,EMP0485,Worker_0485,RFID000485,Finishing,WS-03,AFTERNOON,5,2026-10-05T16:08:08,HAPPY,HAPPY,36.54,74.1,99.0,0.204,14.58,LOW
a851cb68-ebc6-43c3-b7bd-e443da41aeb2,EMP0989,Worker_0989,RFID000989,Cutting,WS-10,AFTERNOON,5,2026-10-05T16:08:08,OK,SAD,36.36,83.4,98.7,0.347,35.49,MODERATE
24a0b610-7996-48f4-9845-f60ad92e9177,EMP0195,Worker_0195,RFID000195,Quality,WS-10,AFTERNOON,5,2026-10-05T16:08:16,HAPPY,OK,36.3,72.7,99.4,0.365,6.17,LOW
694b419f-a2f8-465a-9dec-71921b5703c6,EMP0334,Worker_0334,RFID000334,Stores,WS-08,AFTERNOON,5,2026-10-05T16:08:19,HAPPY,HAPPY,36.7,74.8,98.9,0.452,9.42,LOW
0a39bb01-9369-4af9-b02f-7ce1c3109a28,EMP0374,Worker_0374,RFID000374,Finishing,WS-08,AFTERNOON,5,2026-10-05T16:08:24,HAPPY,HAPPY,36.81,65.0,98.3,0.321,11.36,LOW
d8d78e40-397e-4ba2-81a7-bc8935373d5b,EMP0629,Worker_0629,RFID000629,Finishing,WS-06,AFTERNOON,5,2026-10-05T16:08:52,OK,OK,36.72,83.4,97.2,0.366,39.82,MODERATE
f4c6f67f-7138-4f2a-b503-7707a62ee49c,EMP0305,Worker_0305,RFID000305,Stores,WS-07,AFTERNOON,5,2026-10-05T16:09:07,SAD,OK,36.87,79.3,98.0,0.249,75.04,HIGH
1d876441-0570-45ac-8590-f89b77ae429a,EMP0524,Worker_0524,RFID000524,Quality,WS-10,AFTERNOON,5,2026-10-05T16:09:30,HAPPY,HAPPY,36.52,71.0,97.7,0.274,12.29,LOW
6d0c169b-d988-439e-9d1a-000817cc6011,EMP0119,Worker_0119,RFID000119,Production,WS-05,AFTERNOON,5,2026-10-05T16:09:41,OK,OK,36.76,81.2,97.5,0.289,35.8,MODERATE
b7389af2-8638-400e-9c0c-25c02c7a0946,EMP0708,Worker_0708,RFID000708,Finishing,WS-08,AFTERNOON,5,2026-10-05T16:09:46,HAPPY,HAPPY,36.3,62.3,97.2,0.356,7.38,LOW
6b4cc495-5add-4d86-88ee-a47b43ec2133,EMP0235,Worker_0235,RFID000235,Assembly,WS-05,AFTERNOON,5,2026-10-05T16:09:47,OK,OK,36.67,78.3,97.2,0.359,36.62,MODERATE
65ed97c2-6c15-45a1-a810-ac9725dbd712,EMP0355,Worker_0355,RFID000355,Stores,WS-03,AFTERNOON,5,2026-10-05T16:10:11,SAD,HAPPY,36.51,87.7,97.4,0.549,75.93,HIGH
41a62602-5761-4134-861c-bb68ce0f449c,EMP0512,Worker_0512,RFID000512,Production,WS-01,AFTERNOON,5,2026-10-05T16:10:11,HAPPY,HAPPY,36.21,72.9,98.4,0.345,9.5,LOW
45132202-c49e-49b1-9549-270d498c0ee4,EMP0882,Worker_0882,RFID000882,Assembly,WS-10,AFTERNOON,5,2026-10-05T16:10:15,SAD,HAPPY,36.66,86.8,99.4,0.488,77.18,HIGH
2048c1d2-a95f-4452-8fbb-91385f411391,EMP0383,Worker_0383,RFID000383,Maintenance,WS-02,AFTERNOON,5,2026-10-05T16:10:26,OK,SAD,36.59,69.8,98.6,0.262,40.89,MODERATE
d6479a56-cf19-451e-8ae7-d0ea86ddfa76,EMP0777,Worker_0777,RFID000777,Stores,WS-01,AFTERNOON,5,2026-10-05T16:10:46,OK,SAD,36.79,86.6,97.2,0.212,46.77,MODERATE
59caf2f4-0e78-4f7b-9798-b8fec4b655e5,EMP0687,Worker_0687,RFID000687,Quality,WS-06,AFTERNOON,5,2026-10-05T16:11:08,OK,HAPPY,36.95,81.2,97.8,0.217,33.37,LOW
a983d935-2109-4036-8ad6-59f0baf27d41,EMP0026,Worker_0026,RFID000026,Finishing,WS-04,AFTERNOON,5,2026-10-05T16:11:28,OK,OK,36.71,84.8,97.2,0.176,34.9,LOW
2ab5e2db-4104-41d9-97e6-063ecc7abe94,EMP0006,Worker_0006,RFID000006,Cutting,WS-02,AFTERNOON,5,2026-10-05T16:11:34,SAD,OK,36.88,91.7,97.4,0.489,83.36,HIGH
f71b69e2-afb6-4ad8-8a4f-5a17a7d2df6e,EMP0955,Worker_0955,RFID000955,Maintenance,WS-05,AFTERNOON,5,2026-10-05T16:12:02,HAPPY,HAPPY,36.32,84.7,98.3,0.329,11.59,LOW
7ec9dc39-3735-4574-9d69-a258922991b4,EMP0307,Worker_0307,RFID000307,Stores,WS-05,AFTERNOON,5,2026-10-05T16:12:06,OK,HAPPY,36.58,79.6,98.6,0.261,36.12,MODERATE
620c67cc-52d1-4261-a837-c94e222f3b51,EMP0180,Worker_0180,RFID000180,Maintenance,WS-04,AFTERNOON,5,2026-10-05T16:12:29,OK,SAD,36.31,74.4,99.2,0.318,40.77,MODERATE
47b4faee-a4ea-4b91-b0c3-e80f69886eb4,EMP0010,Worker_0010,RFID000010,Packaging,WS-06,AFTERNOON,5,2026-10-05T16:12:41,OK,OK,36.77,80.0,97.6,0.172,40.8,MODERATE
69405e74-e295-4986-be39-54c08ae94367,EMP0603,Worker_0603,RFID000603,Production,WS-05,AFTERNOON,5,2026-10-05T16:12:42,HAPPY,OK,36.43,72.8,98.0,0.231,6.99,LOW
f2ab93d0-e5cd-4f53-a4ce-c111b64a37bc,EMP0770,Worker_0770,RFID000770,Assembly,WS-05,AFTERNOON,5,2026-10-05T16:12:43,SAD,HAPPY,36.33,94.9,97.7,0.391,83.04,HIGH
5ec07aaf-8418-4cdb-b28e-6b735608b41f,EMP0363,Worker_0363,RFID000363,Packaging,WS-04,AFTERNOON,5,2026-10-05T16:12:55,HAPPY,OK,36.44,74.7,97.0,0.306,9.3,LOW
a6ea9f6c-f49d-4e85-95bb-dc2fa5e4d1dc,EMP0084,Worker_0084,RFID000084,Stores,WS-02,AFTERNOON,5,2026-10-05T16:13:35,OK,HAPPY,36.37,83.6,97.9,0.399,39.75,MODERATE
c8875217-de7c-4f07-8e41-aec6e84c1e9d,EMP0242,Worker_0242,RFID000242,Finishing,WS-02,AFTERNOON,5,2026-10-05T16:13:38,OK,OK,36.37,73.4,96.9,0.298,38.2,MODERATE
1210dd5d-ee34-4583-ae57-a3bb65a75de7,EMP0677,Worker_0677,RFID000677,Cutting,WS-10,AFTERNOON,5,2026-10-05T16:13:38,HAPPY,HAPPY,36.67,79.3,98.5,0.291,13.32,LOW
a8f95c46-5a7b-41f2-ba42-586317ceeb8b,EMP0628,Worker_0628,RFID000628,Stores,WS-04,AFTERNOON,5,2026-10-05T16:13:43,HAPPY,HAPPY,36.52,72.5,98.4,0.268,9.91,LOW
8f1d3e2a-1a58-4d09-bfd2-417066b03c1c,EMP0471,Worker_0471,RFID000471,Finishing,WS-03,AFTERNOON,5,2026-10-05T16:13:59,OK,OK,36.58,77.3,97.4,0.327,42.41,MODERATE
ae47b970-a2cb-48cf-9573-96e4d665d359,EMP0813,Worker_0813,RFID000813,Production,WS-01,AFTERNOON,5,2026-10-05T16:14:04,OK,HAPPY,36.3,70.8,98.4,0.426,37.97,MODERATE
5acaf79e-b26f-420d-9ebd-f172fe488d36,EMP0218,Worker_0218,RFID000218,Assembly,WS-07,AFTERNOON,5,2026-10-05T16:14:22,OK,HAPPY,36.56,69.7,97.9,0.329,38.47,MODERATE
d019c1ff-69c1-44ca-9cd8-c617ff1aaf4a,EMP0288,Worker_0288,RFID000288,Production,WS-01,AFTERNOON,5,2026-10-05T16:14:28,OK,HAPPY,36.54,87.9,98.7,0.332,42.67,MODERATE
c385ae9b-3f0c-4eef-85c3-185af09920b5,EMP0017,Worker_0017,RFID000017,Maintenance,WS-09,AFTERNOON,5,2026-10-05T16:14:41,OK,OK,36.58,78.9,96.8,0.365,34.95,LOW
2e78e923-ecff-4c43-8082-47de322c3997,EMP0827,Worker_0827,RFID000827,Finishing,WS-08,AFTERNOON,5,2026-10-05T16:14:51,SAD,HAPPY,36.9,80.8,96.8,0.552,78.73,HIGH
0744eec6-96b3-4cda-b9fd-bb4955f4c7e0,EMP0935,Worker_0935,RFID000935,Quality,WS-04,AFTERNOON,5,2026-10-05T16:14:57,OK,SAD,36.65,72.6,98.9,0.301,33.74,LOW
75ff25a3-1c7a-4cae-970b-210daba8ebac,EMP0273,Worker_0273,RFID000273,Packaging,WS-03,AFTERNOON,5,2026-10-05T16:14:58,HAPPY,HAPPY,36.32,75.7,97.8,0.252,6.02,LOW
0b6e4637-2175-4f8a-905d-9e53c927748e,EMP0790,Worker_0790,RFID000790,Maintenance,WS-08,AFTERNOON,5,2026-10-05T16:15:30,OK,SAD,36.75,85.6,98.2,0.392,41.94,MODERATE
a60a77ba-f030-4a0b-9ae5-d94c7ab51580,EMP0460,Worker_0460,RFID000460,Cutting,WS-01,AFTERNOON,5,2026-10-05T16:16:09,OK,OK,36.88,73.3,98.8,0.164,42.96,MODERATE
90982262-50bd-4bee-b4d5-d3833f10830c,EMP0735,Worker_0735,RFID000735,Maintenance,WS-05,AFTERNOON,5,2026-10-05T16:16:09,HAPPY,OK,36.19,80.4,97.4,0.238,6.92,LOW
297143fb-738a-4930-a002-33c999a4866c,EMP0841,Worker_0841,RFID000841,Quality,WS-06,AFTERNOON,5,2026-10-05T16:16:09,HAPPY,OK,36.54,71.5,97.9,0.274,13.02,LOW
af94645f-b935-44b4-a13d-6ff7e3749149,EMP0418,Worker_0418,RFID000418,Stores,WS-02,AFTERNOON,5,2026-10-05T16:16:15,SAD,SAD,36.66,85.1,97.6,0.414,87.2,HIGH
588ec544-c96e-463b-94ef-40815b0c3e17,EMP0638,Worker_0638,RFID000638,Production,WS-08,AFTERNOON,5,2026-10-05T16:16:28,HAPPY,HAPPY,36.49,81.6,98.0,0.229,12.32,LOW
aaedc875-9640-4e11-90cd-642f736c1407,EMP0043,Worker_0043,RFID000043,Maintenance,WS-09,AFTERNOON,5,2026-10-05T16:17:06,HAPPY,HAPPY,36.83,77.9,99.0,0.16,8.73,LOW
3f0e1e7c-7929-4cbb-a99a-e204c41898a7,EMP0344,Worker_0344,RFID000344,Packaging,WS-08,AFTERNOON,5,2026-10-05T16:17:06,HAPPY,HAPPY,36.49,76.9,97.3,0.236,9.15,LOW
5b30ca5b-64e1-426c-9764-6babbcd20388,EMP0819,Worker_0819,RFID000819,Packaging,WS-01,AFTERNOON,5,2026-10-05T16:17:19,HAPPY,OK,36.45,76.4,97.4,0.211,12.96,LOW
da93b89d-beb7-4b10-afc1-1182650e3af4,EMP0847,Worker_0847,RFID000847,Assembly,WS-09,AFTERNOON,5,2026-10-05T16:17:21,HAPPY,HAPPY,36.31,76.3,99.9,0.248,10.36,LOW
e363aae9-5ecf-49af-984d-84d91b09e4a6,EMP0008,Worker_0008,RFID000008,Cutting,WS-05,AFTERNOON,5,2026-10-05T16:17:32,OK,OK,36.7,84.7,97.5,0.23,35.56,MODERATE
66d76b82-065c-4b72-91e6-79ea4695a816,EMP0845,Worker_0845,RFID000845,Packaging,WS-02,AFTERNOON,5,2026-10-05T16:17:48,SAD,SAD,36.55,93.8,98.9,0.384,84.2,HIGH
90b85f0d-476b-41c4-b74b-d30c28102b2c,EMP0616,Worker_0616,RFID000616,Finishing,WS-06,AFTERNOON,5,2026-10-05T16:17:57,OK,HAPPY,36.31,89.1,97.7,0.291,42.93,MODERATE
21269aea-4dab-4c90-987c-3b78560c3295,EMP0542,Worker_0542,RFID000542,Packaging,WS-04,AFTERNOON,5,2026-10-05T16:18:02,HAPPY,OK,36.47,77.5,97.7,0.366,6.71,LOW
76223a0b-e33d-4d7f-b1c7-03972a92c431,EMP0531,Worker_0531,RFID000531,Packaging,WS-05,AFTERNOON,5,2026-10-05T16:18:09,SAD,SAD,36.48,90.0,96.9,0.497,88.74,HIGH
575f1a56-80ca-4520-9b21-332bf7ae285a,EMP0481,Worker_0481,RFID000481,Stores,WS-02,AFTERNOON,5,2026-10-05T16:18:11,OK,OK,36.28,73.4,98.9,0.289,34.56,LOW
3fecef88-3f65-44da-8a1c-1c877cd7e45b,EMP0930,Worker_0930,RFID000930,Maintenance,WS-03,AFTERNOON,5,2026-10-05T16:18:37,HAPPY,HAPPY,36.62,70.5,97.1,0.085,6.56,LOW
dea73e60-6e1f-4531-a57c-135df97274bb,EMP0247,Worker_0247,RFID000247,Cutting,WS-06,AFTERNOON,5,2026-10-05T16:18:47,HAPPY,SAD,36.19,73.1,98.6,0.268,14.57,LOW
30c7786a-7045-4247-aa72-0c7123556e17,EMP0379,Worker_0379,RFID000379,Cutting,WS-02,AFTERNOON,5,2026-10-05T16:18:51,OK,HAPPY,36.33,85.4,97.1,0.442,43.46,MODERATE
413bd393-2c19-44e0-9dde-c1d08e8ffeb5,EMP0458,Worker_0458,RFID000458,Assembly,WS-10,AFTERNOON,5,2026-10-05T16:19:14,HAPPY,HAPPY,36.73,74.6,98.4,0.297,9.93,LOW
d9dd91b0-38ef-40b3-8dca-6056f0938aaa,EMP0075,Worker_0075,RFID000075,Finishing,WS-03,AFTERNOON,5,2026-10-05T16:19:35,OK,HAPPY,36.53,84.8,98.9,0.385,41.52,MODERATE
8636bb63-8466-48bf-b75f-08e48103dd0b,EMP0875,Worker_0875,RFID000875,Finishing,WS-04,AFTERNOON,5,2026-10-05T16:19:46,HAPPY,OK,36.11,66.4,98.1,0.315,5.9,LOW
92c38a65-cd4d-4dff-a5cc-97501d66ed75,EMP0256,Worker_0256,RFID000256,Quality,WS-04,AFTERNOON,5,2026-10-05T16:20:04,HAPPY,HAPPY,36.65,72.3,97.6,0.222,5.65,LOW
5f18ad20-48d0-4c95-9148-05f55c8c50fe,EMP0872,Worker_0872,RFID000872,Stores,WS-02,AFTERNOON,5,2026-10-05T16:20:07,HAPPY,HAPPY,36.54,77.5,98.0,0.13,7.01,LOW
520b0376-de33-4265-9c9b-79adaa483092,EMP0227,Worker_0227,RFID000227,Quality,WS-02,AFTERNOON,5,2026-10-05T16:20:27,HAPPY,SAD,36.81,79.2,98.9,0.184,8.05,LOW
2c6e97b9-714a-4d38-8c6c-23ff8afdda01,EMP0038,Worker_0038,RFID000038,Finishing,WS-06,AFTERNOON,5,2026-10-05T16:20:31,OK,SAD,36.86,85.3,97.0,0.324,45.55,MODERATE
c539c3f1-07cd-4161-84af-11931235d6ae,EMP0111,Worker_0111,RFID000111,Cutting,WS-09,AFTERNOON,5,2026-10-05T16:20:46,OK,OK,36.33,77.9,97.5,0.232,37.01,MODERATE
2268fb96-c9cc-4ef6-be48-7d8a1d848b3f,EMP0561,Worker_0561,RFID000561,Packaging,WS-06,AFTERNOON,5,2026-10-05T16:20:53,HAPPY,HAPPY,36.5,76.7,98.0,0.313,13.97,LOW
c1c4c2a4-f6e3-44c4-a23f-619b96007029,EMP0222,Worker_0222,RFID000222,Production,WS-03,AFTERNOON,5,2026-10-05T16:21:13,OK,HAPPY,36.74,79.2,98.0,0.199,37.78,MODERATE
15b0b6eb-0680-4a4d-9cd2-54a70d04c984,EMP0411,Worker_0411,RFID000411,Finishing,WS-08,AFTERNOON,5,2026-10-05T16:21:15,HAPPY,SAD,36.28,67.8,98.5,0.314,6.7,LOW
78090a18-89ea-4c43-a9ac-c2dc2a2ebe38,EMP0113,Worker_0113,RFID000113,Finishing,WS-01,AFTERNOON,5,2026-10-05T16:21:54,OK,OK,36.51,73.7,98.8,0.36,39.38,MODERATE
4d74a852-1a1b-49f6-80cb-decec4b32cda,EMP0666,Worker_0666,RFID000666,Maintenance,WS-09,AFTERNOON,5,2026-10-05T16:22:28,SAD,HAPPY,36.48,81.5,97.1,0.486,79.49,HIGH
3858df68-9e7a-4ae4-8acf-539d7417aba4,EMP0486,Worker_0486,RFID000486,Quality,WS-06,AFTERNOON,5,2026-10-05T16:22:33,HAPPY,OK,36.19,70.9,98.0,0.262,12.06,LOW
12dd19d6-89ed-43cd-b2cd-f1a0035113ee,EMP0709,Worker_0709,RFID000709,Maintenance,WS-07,AFTERNOON,5,2026-10-05T16:22:34,HAPPY,HAPPY,36.52,68.5,97.3,0.135,9.38,LOW
482d9270-67bf-4d2f-8611-9c09dadca08a,EMP0545,Worker_0545,RFID000545,Maintenance,WS-01,AFTERNOON,5,2026-10-05T16:22:37,HAPPY,HAPPY,36.7,78.9,97.8,0.292,7.53,LOW
fef5cb6c-2961-47cc-a209-961e46ddf1a0,EMP0594,Worker_0594,RFID000594,Packaging,WS-08,AFTERNOON,5,2026-10-05T16:22:39,SAD,SAD,36.86,94.8,97.2,0.502,91.64,HIGH
2af5b328-880f-488f-ab3e-494016008aa6,EMP0597,Worker_0597,RFID000597,Cutting,WS-10,AFTERNOON,5,2026-10-05T16:22:48,OK,OK,36.42,83.0,98.7,0.314,34.48,LOW
2f60b8f4-17b1-414a-b855-fcc2cbee945f,EMP0584,Worker_0584,RFID000584,Quality,WS-10,AFTERNOON,5,2026-10-05T16:23:29,HAPPY,OK,36.41,72.2,98.3,0.078,8.8,LOW
40a1bfde-e272-423d-a9ba-8670e944fdca,EMP0013,Worker_0013,RFID000013,Cutting,WS-10,AFTERNOON,5,2026-10-05T16:23:33,OK,HAPPY,36.41,72.9,99.2,0.358,35.57,MODERATE
e6b97c78-3aa7-4b65-ad6b-e5c7c6543549,EMP0704,Worker_0704,RFID000704,Production,WS-06,AFTERNOON,5,2026-10-05T16:23:43,OK,OK,36.43,83.5,97.4,0.328,34.92,LOW
6fc2580f-99fb-4681-95c5-b057ef3b6b07,EMP0335,Worker_0335,RFID000335,Stores,WS-10,AFTERNOON,5,2026-10-05T16:23:46,SAD,SAD,36.44,90.2,98.1,0.534,95.18,HIGH
76144afb-aa3e-4b0a-948e-550956a6e65d,EMP0105,Worker_0105,RFID000105,Production,WS-03,AFTERNOON,5,2026-10-05T16:23:50,HAPPY,OK,36.61,78.3,98.9,0.286,12.83,LOW
ca29162e-579e-4df8-bfab-3bdc271bc7ac,EMP0250,Worker_0250,RFID000250,Packaging,WS-10,AFTERNOON,5,2026-10-05T16:24:15,OK,OK,36.62,77.5,96.7,0.249,41.63,MODERATE
7be663ea-fe6c-4639-a8ba-7e6e15b49e4d,EMP0621,Worker_0621,RFID000621,Production,WS-03,AFTERNOON,5,2026-10-05T16:24:48,OK,OK,36.23,78.1,98.8,0.323,33.89,LOW
0c6bd906-576d-47b3-83e9-94caeadc9cde,EMP0973,Worker_0973,RFID000973,Production,WS-06,AFTERNOON,5,2026-10-05T16:25:08,OK,OK,36.63,87.8,99.0,0.333,42.21,MODERATE
ddfe5c05-2b1b-4d01-a6a7-4b424c77eac4,EMP0287,Worker_0287,RFID000287,Quality,WS-06,AFTERNOON,5,2026-10-05T16:25:40,SAD,SAD,36.92,90.4,97.0,0.346,92.3,HIGH
7f133768-1e54-4067-86f7-a7b493004e4f,EMP0206,Worker_0206,RFID000206,Maintenance,WS-02,AFTERNOON,5,2026-10-05T16:25:44,HAPPY,HAPPY,36.49,68.3,99.1,0.235,5.51,LOW
cdccec58-5db3-4c33-9ec4-8679d3b95010,EMP0814,Worker_0814,RFID000814,Finishing,WS-09,AFTERNOON,5,2026-10-05T16:26:00,HAPPY,HAPPY,36.65,67.7,99.7,0.132,5.31,LOW
ae9c5415-e045-410a-b7f2-33f1a0eeedd1,EMP0226,Worker_0226,RFID000226,Maintenance,WS-08,AFTERNOON,5,2026-10-05T16:26:14,HAPPY,HAPPY,36.58,65.9,99.2,0.373,10.1,LOW
91010c69-1114-4382-b286-1e041299f235,EMP0487,Worker_0487,RFID000487,Quality,WS-08,AFTERNOON,5,2026-10-05T16:26:43,OK,OK,36.72,87.1,96.4,0.326,41.1,MODERATE
7dee3423-cc59-4d10-8582-bf4161ac8091,EMP0260,Worker_0260,RFID000260,Maintenance,WS-10,AFTERNOON,5,2026-10-05T16:26:52,OK,HAPPY,36.82,78.1,97.5,0.227,33.22,LOW
a8bdb045-558f-4761-85ce-c646104bc6b6,EMP0783,Worker_0783,RFID000783,Maintenance,WS-01,AFTERNOON,5,2026-10-05T16:26:53,HAPPY,HAPPY,36.41,75.1,98.3,0.28,6.37,LOW
b846073f-8482-44ff-bc6e-24abdf27b6aa,EMP0198,Worker_0198,RFID000198,Stores,WS-10,AFTERNOON,5,2026-10-05T16:27:40,HAPPY,HAPPY,36.58,84.8,99.0,0.229,11.95,LOW
308e5875-8265-4609-82fe-d7b390905d1d,EMP0833,Worker_0833,RFID000833,Quality,WS-08,AFTERNOON,5,2026-10-05T16:27:47,HAPPY,HAPPY,36.71,73.2,98.8,0.128,13.56,LOW
330589f2-3517-4ad1-a3d4-fa68614a6e78,EMP0592,Worker_0592,RFID000592,Packaging,WS-07,AFTERNOON,5,2026-10-05T16:27:49,SAD,OK,36.71,91.1,96.2,0.512,86.09,HIGH
fb51168c-82c6-43be-a4fd-a8f16ff104ce,EMP0101,Worker_0101,RFID000101,Packaging,WS-04,AFTERNOON,5,2026-10-05T16:27:59,HAPPY,HAPPY,36.17,69.7,97.2,0.209,9.94,LOW
3b730df3-b792-4020-8a94-e6aa8c5f5cec,EMP0654,Worker_0654,RFID000654,Production,WS-01,AFTERNOON,5,2026-10-05T16:28:03,HAPPY,OK,36.35,73.4,98.7,0.131,7.91,LOW
c1053452-a855-4048-a86c-8ef30fd78cb6,EMP0397,Worker_0397,RFID000397,Maintenance,WS-02,AFTERNOON,5,2026-10-05T16:28:12,HAPPY,HAPPY,36.61,77.8,97.4,0.337,13.98,LOW
b68802f0-b667-49c0-80db-c81a5d7db422,EMP0245,Worker_0245,RFID000245,Cutting,WS-09,AFTERNOON,5,2026-10-05T16:28:26,OK,OK,36.47,75.1,98.1,0.216,35.35,MODERATE
bbb132de-1fed-4e90-b0be-65dfcc11c340,EMP0886,Worker_0886,RFID000886,Assembly,WS-07,AFTERNOON,5,2026-10-05T16:28:26,SAD,OK,36.37,87.0,97.1,0.534,79.61,HIGH
083329d5-b54e-4f59-8f8e-a022669438f7,EMP0894,Worker_0894,RFID000894,Assembly,WS-02,AFTERNOON,5,2026-10-05T16:28:33,OK,HAPPY,36.63,82.4,97.3,0.316,42.93,MODERATE
0913e177-427b-42bb-b894-9169d2e6b723,EMP0052,Worker_0052,RFID000052,Cutting,WS-06,AFTERNOON,5,2026-10-05T16:28:53,SAD,HAPPY,36.51,83.4,97.9,0.59,81.77,HIGH
26ce33fb-541d-4000-b360-ecde397e40af,EMP0522,Worker_0522,RFID000522,Finishing,WS-08,AFTERNOON,5,2026-10-05T16:29:59,OK,HAPPY,36.83,81.5,96.9,0.354,36.47,MODERATE
23046486-6c3f-49dd-81e1-daa34d694804,EMP0178,Worker_0178,RFID000178,Maintenance,WS-06,AFTERNOON,5,2026-10-05T16:30:09,OK,HAPPY,36.78,69.3,96.4,0.402,44.7,MODERATE
c631fcd8-b979-485c-9f37-539ad55f89ba,EMP0416,Worker_0416,RFID000416,Packaging,WS-03,AFTERNOON,5,2026-10-05T16:30:17,OK,HAPPY,36.44,75.2,98.3,0.314,42.77,MODERATE
95679e4b-afc6-492c-9b06-6e5bbf8e0d6d,EMP0786,Worker_0786,RFID000786,Quality,WS-08,AFTERNOON,5,2026-10-05T16:30:38,OK,HAPPY,36.44,78.2,98.1,0.239,34.15,LOW
ee06ac67-a292-4248-a218-2051a26a8991,EMP0373,Worker_0373,RFID000373,Production,WS-01,AFTERNOON,5,2026-10-05T16:30:41,HAPPY,SAD,36.8,69.3,98.2,0.13,7.87,LOW
baa8f0ee-550b-41ac-82a7-4a6359840ae2,EMP0203,Worker_0203,RFID000203,Stores,WS-02,AFTERNOON,5,2026-10-05T16:31:07,HAPPY,HAPPY,36.79,83.8,98.7,0.219,14.4,LOW
b4055644-d6c8-47c5-9c59-a66dd203a5ba,EMP0985,Worker_0985,RFID000985,Production,WS-02,AFTERNOON,5,2026-10-05T16:31:13,HAPPY,OK,36.32,79.2,98.1,0.296,5.22,LOW
740d1f78-47fe-4908-b04e-f0a2902003a2,EMP0427,Worker_0427,RFID000427,Quality,WS-03,AFTERNOON,5,2026-10-05T16:31:26,HAPPY,HAPPY,36.23,72.2,98.6,0.288,14.67,LOW
b8a41ae0-1194-4c7b-b14a-4d7f77ea278e,EMP0588,Worker_0588,RFID000588,Cutting,WS-03,AFTERNOON,5,2026-10-05T16:31:58,OK,HAPPY,36.83,75.8,99.9,0.152,35.42,MODERATE
b6525e38-f7b6-452f-af9e-14072902b4bd,EMP0810,Worker_0810,RFID000810,Cutting,WS-04,AFTERNOON,5,2026-10-05T16:32:00,OK,OK,36.58,73.4,96.6,0.4,34.69,LOW
4dafe27e-b7f0-499e-bd3a-98866f2085a9,EMP0027,Worker_0027,RFID000027,Cutting,WS-07,AFTERNOON,5,2026-10-05T16:32:06,OK,SAD,36.7,77.6,97.8,0.437,43.64,MODERATE
fafe2ba4-6f8b-4f72-99d6-218541625e9a,EMP0848,Worker_0848,RFID000848,Finishing,WS-10,AFTERNOON,5,2026-10-05T16:32:08,SAD,HAPPY,36.79,98.4,98.5,0.44,79.22,HIGH
174863b0-ee2c-4492-920a-0a9975826f5c,EMP0177,Worker_0177,RFID000177,Stores,WS-02,AFTERNOON,5,2026-10-05T16:32:28,OK,OK,36.25,75.3,97.6,0.274,38.74,MODERATE
c1e36376-a915-46bb-bcec-3d048c0a2e2a,EMP0504,Worker_0504,RFID000504,Production,WS-01,AFTERNOON,5,2026-10-05T16:32:30,OK,OK,36.54,87.2,97.0,0.272,37.33,MODERATE
604b7bd8-6ccc-4ff2-972b-d01a1c38113e,EMP0826,Worker_0826,RFID000826,Packaging,WS-08,AFTERNOON,5,2026-10-05T16:32:38,OK,OK,36.6,86.9,97.9,0.225,41.21,MODERATE
62a1bb24-733c-426e-b9ff-8b20a928af87,EMP0905,Worker_0905,RFID000905,Cutting,WS-06,AFTERNOON,5,2026-10-05T16:32:46,OK,HAPPY,36.52,72.8,97.3,0.301,37.4,MODERATE
c8287842-a163-43ef-ba4a-0ac374ae93bb,EMP0081,Worker_0081,RFID000081,Assembly,WS-03,AFTERNOON,5,2026-10-05T16:32:51,OK,OK,36.38,84.5,97.5,0.233,37.18,MODERATE
7bab39be-0dbf-42d9-83a4-b2d9079f7f2b,EMP0840,Worker_0840,RFID000840,Finishing,WS-08,AFTERNOON,5,2026-10-05T16:32:54,HAPPY,SAD,36.48,71.1,96.2,0.33,10.19,LOW
5314413c-7cbe-4623-95c0-5017e15e81c6,EMP0700,Worker_0700,RFID000700,Packaging,WS-07,AFTERNOON,5,2026-10-05T16:33:47,OK,OK,36.37,72.2,98.8,0.406,42.28,MODERATE
8a2e1967-7997-4c7c-9ea7-1f459236b073,EMP0336,Worker_0336,RFID000336,Maintenance,WS-08,AFTERNOON,5,2026-10-05T16:34:29,OK,SAD,36.67,90.0,97.5,0.251,41.74,MODERATE
df250b17-9aa7-448d-b8fa-c1d7d45c3a8d,EMP0891,Worker_0891,RFID000891,Production,WS-08,AFTERNOON,5,2026-10-05T16:34:37,HAPPY,HAPPY,36.4,70.3,97.5,0.326,11.07,LOW
440cbda7-d0a4-475c-afe2-60e3e941c2a2,EMP0282,Worker_0282,RFID000282,Assembly,WS-09,AFTERNOON,5,2026-10-05T16:34:50,SAD,OK,36.34,80.5,96.7,0.43,75.55,HIGH
c452f4b4-b542-4d09-900a-d427257d97cd,EMP0040,Worker_0040,RFID000040,Packaging,WS-06,AFTERNOON,5,2026-10-05T16:34:56,HAPPY,SAD,36.36,75.7,98.2,0.301,8.62,LOW
27349555-8bb1-4877-9fd8-1e0fa9636186,EMP0294,Worker_0294,RFID000294,Packaging,WS-07,AFTERNOON,5,2026-10-05T16:34:59,OK,SAD,36.24,79.2,98.9,0.471,44.8,MODERATE
081fbac1-c157-4955-af94-b4c5e5d602c4,EMP0211,Worker_0211,RFID000211,Stores,WS-04,AFTERNOON,5,2026-10-05T16:35:07,HAPPY,HAPPY,36.59,77.3,99.2,0.233,14.26,LOW
85c79b77-6c23-4dae-98ff-27c11ab5c0a1,EMP0446,Worker_0446,RFID000446,Production,WS-06,AFTERNOON,5,2026-10-05T16:35:21,SAD,HAPPY,36.36,78.1,98.1,0.559,85.72,HIGH
a8e3b361-02b8-48a2-b5c6-6498cae559bd,EMP0398,Worker_0398,RFID000398,Production,WS-04,AFTERNOON,5,2026-10-05T16:35:44,HAPPY,HAPPY,36.53,64.7,99.8,0.156,10.53,LOW
0628d73c-7b89-45b7-8faf-64661c4b0f12,EMP0884,Worker_0884,RFID000884,Production,WS-03,AFTERNOON,5,2026-10-05T16:35:48,OK,HAPPY,36.51,86.1,97.9,0.271,45.0,MODERATE
83bcf097-ed71-4be9-9985-0564afecab93,EMP0154,Worker_0154,RFID000154,Finishing,WS-08,AFTERNOON,5,2026-10-05T16:35:50,OK,HAPPY,36.59,90.1,97.5,0.315,49.23,MODERATE
cf14a1e6-98e6-4da3-b6dc-d501bc82ab91,EMP0054,Worker_0054,RFID000054,Assembly,WS-10,AFTERNOON,5,2026-10-05T16:35:53,HAPPY,SAD,36.59,76.3,98.3,0.27,7.89,LOW
32cfe95a-8132-48ba-bdb6-69691345b458,EMP0533,Worker_0533,RFID000533,Packaging,WS-09,AFTERNOON,5,2026-10-05T16:35:53,OK,OK,36.55,77.8,98.4,0.317,42.09,MODERATE
4a848de6-799c-46d1-b31d-b805196b60fa,EMP0313,Worker_0313,RFID000313,Production,WS-09,AFTERNOON,5,2026-10-05T16:36:39,HAPPY,OK,36.53,76.5,98.6,0.253,9.05,LOW
d03da03b-a298-4155-9d6f-5422fe77a8c9,EMP0526,Worker_0526,RFID000526,Cutting,WS-06,AFTERNOON,5,2026-10-05T16:36:49,OK,OK,36.55,88.8,97.8,0.32,46.13,MODERATE
1f2a80e5-ec56-4108-9c7e-c8e10ce3ace1,EMP0902,Worker_0902,RFID000902,Assembly,WS-02,AFTERNOON,5,2026-10-05T16:37:03,OK,SAD,36.38,78.0,97.1,0.251,35.67,MODERATE
ac972464-2259-4c75-a133-97dff50419fc,EMP0789,Worker_0789,RFID000789,Stores,WS-01,AFTERNOON,5,2026-10-05T16:37:18,HAPPY,HAPPY,36.62,74.4,96.9,0.131,14.85,LOW
cc465f5b-8f4a-42c8-a59d-58cdf4a6236f,EMP0787,Worker_0787,RFID000787,Production,WS-06,AFTERNOON,5,2026-10-05T16:37:26,OK,HAPPY,36.69,91.9,97.4,0.355,46.0,MODERATE
432a7270-4fc9-46ad-8256-a82f371cd663,EMP0030,Worker_0030,RFID000030,Assembly,WS-01,AFTERNOON,5,2026-10-05T16:37:44,HAPPY,HAPPY,36.48,73.1,96.8,0.185,7.05,LOW
3435996e-2408-407d-adca-cb48d6307517,EMP0553,Worker_0553,RFID000553,Maintenance,WS-10,AFTERNOON,5,2026-10-05T16:37:44,OK,OK,36.87,67.9,97.9,0.234,39.57,MODERATE
f2451c90-1a56-450c-a3da-ae72b9ca3357,EMP0969,Worker_0969,RFID000969,Maintenance,WS-10,AFTERNOON,5,2026-10-05T16:38:07,SAD,OK,36.75,92.0,98.5,0.567,85.79,HIGH
043ed92b-cda0-42d2-b11a-70be14dc60fa,EMP0146,Worker_0146,RFID000146,Quality,WS-07,AFTERNOON,5,2026-10-05T16:38:10,HAPPY,OK,36.71,75.8,98.2,0.48,10.34,LOW
ba1f93e8-d18a-4014-9481-7ebe7068daeb,EMP0071,Worker_0071,RFID000071,Stores,WS-09,AFTERNOON,5,2026-10-05T16:38:14,SAD,HAPPY,36.48,83.4,97.6,0.424,80.09,HIGH
b1fdb168-6890-4e0a-903d-1bf17254adfc,EMP0940,Worker_0940,RFID000940,Stores,WS-05,AFTERNOON,5,2026-10-05T16:38:24,OK,OK,36.82,67.8,98.3,0.446,46.29,MODERATE
5fc4bffb-1429-4286-b8b3-e06c491da77e,EMP0863,Worker_0863,RFID000863,Maintenance,WS-08,AFTERNOON,5,2026-10-05T16:38:25,HAPPY,HAPPY,36.57,79.7,98.5,0.342,9.53,LOW
0a3ea4d9-2a40-4ec3-9df2-a6488a95339a,EMP0549,Worker_0549,RFID000549,Assembly,WS-03,AFTERNOON,5,2026-10-05T16:38:37,OK,OK,36.53,74.2,96.9,0.189,41.88,MODERATE
4c646052-65e0-43e8-bcfb-7a1d85c18380,EMP0653,Worker_0653,RFID000653,Assembly,WS-04,AFTERNOON,5,2026-10-05T16:38:45,OK,OK,36.36,68.7,98.2,0.421,43.16,MODERATE
684aa343-701b-445b-b803-e2de2c76c958,EMP0793,Worker_0793,RFID000793,Cutting,WS-10,AFTERNOON,5,2026-10-05T16:39:46,HAPPY,HAPPY,36.61,85.0,97.9,0.252,10.52,LOW
aebecc8a-50ac-4fc1-a633-7981fe606f77,EMP0453,Worker_0453,RFID000453,Quality,WS-02,AFTERNOON,5,2026-10-05T16:39:50,HAPPY,OK,36.38,77.0,99.3,0.216,6.71,LOW
a8d95ccb-f0c9-47ea-96cd-d76a64ed1cff,EMP0135,Worker_0135,RFID000135,Cutting,WS-05,AFTERNOON,5,2026-10-05T16:40:18,OK,OK,36.7,76.0,98.6,0.471,37.04,MODERATE
ee4d91e6-9b25-43b1-b73a-9b77ca2cee34,EMP0692,Worker_0692,RFID000692,Production,WS-05,AFTERNOON,5,2026-10-05T16:40:18,HAPPY,HAPPY,36.34,70.2,98.3,0.336,10.4,LOW
dbede9bf-103d-4ec7-86eb-4d91b3891a06,EMP0844,Worker_0844,RFID000844,Assembly,WS-07,AFTERNOON,5,2026-10-05T16:40:27,OK,HAPPY,36.39,84.2,96.4,0.259,36.6,MODERATE
ea9bd95e-4a01-43ad-9ffc-9a73fa52826f,EMP0258,Worker_0258,RFID000258,Production,WS-03,AFTERNOON,5,2026-10-05T16:40:38,HAPPY,HAPPY,36.5,76.6,99.2,0.237,11.45,LOW
78b7f4bb-a480-4f16-a51d-ffc6963a9053,EMP0281,Worker_0281,RFID000281,Quality,WS-03,AFTERNOON,5,2026-10-05T16:40:53,OK,OK,36.63,76.4,97.4,0.132,33.88,LOW
7662673a-26b7-462c-9dbc-8f33a069d71c,EMP0475,Worker_0475,RFID000475,Maintenance,WS-05,AFTERNOON,5,2026-10-05T16:41:03,OK,OK,36.69,75.2,98.2,0.219,41.05,MODERATE
f64bba2b-390c-4d39-a389-4c3c67889f96,EMP0996,Worker_0996,RFID000996,Finishing,WS-04,AFTERNOON,5,2026-10-05T16:41:03,HAPPY,HAPPY,36.48,78.1,98.3,0.209,13.81,LOW
4619653f-90ad-4bea-ba7d-e8d5959ab606,EMP0216,Worker_0216,RFID000216,Stores,WS-05,AFTERNOON,5,2026-10-05T16:41:56,SAD,OK,36.5,82.7,98.2,0.445,79.02,HIGH
38376c7b-828b-4563-938e-fe26e5977a75,EMP0877,Worker_0877,RFID000877,Packaging,WS-01,AFTERNOON,5,2026-10-05T16:42:34,OK,HAPPY,36.45,70.7,98.9,0.265,38.15,MODERATE
63054f15-6ccc-4aa4-a101-7f220eb92e46,EMP0954,Worker_0954,RFID000954,Cutting,WS-08,AFTERNOON,5,2026-10-05T16:42:52,OK,OK,36.49,82.0,98.2,0.266,37.47,MODERATE
359b8172-643c-4912-b083-53842749478c,EMP0221,Worker_0221,RFID000221,Production,WS-02,AFTERNOON,5,2026-10-05T16:43:22,HAPPY,HAPPY,36.51,77.4,97.3,0.29,5.76,LOW
af73c562-9339-48ca-a0fc-9b0a3f4c0208,EMP0237,Worker_0237,RFID000237,Stores,WS-10,AFTERNOON,5,2026-10-05T16:43:54,SAD,OK,36.99,79.9,96.7,0.639,76.77,HIGH
3ac7fcf7-1baa-4f36-8c0d-ae84e4b1413f,EMP0712,Worker_0712,RFID000712,Production,WS-09,AFTERNOON,5,2026-10-05T16:44:01,OK,OK,36.63,76.0,98.5,0.429,46.55,MODERATE
3f28b7e5-915b-4eaf-8416-b93b3f0c5c54,EMP0925,Worker_0925,RFID000925,Stores,WS-04,AFTERNOON,5,2026-10-05T16:44:04,OK,OK,36.36,78.4,97.3,0.361,39.2,MODERATE
7126d558-2f30-4414-b999-8dcbe388313d,EMP0821,Worker_0821,RFID000821,Cutting,WS-03,AFTERNOON,5,2026-10-05T16:44:15,HAPPY,HAPPY,36.42,62.2,98.0,0.149,14.38,LOW
c2cd353d-773d-4d58-a6e7-5b96bc137d26,EMP0720,Worker_0720,RFID000720,Quality,WS-03,AFTERNOON,5,2026-10-05T16:44:18,HAPPY,HAPPY,36.21,78.0,98.0,0.174,5.26,LOW
4dabfd73-ee81-4001-8003-76fd61a5017c,EMP0511,Worker_0511,RFID000511,Finishing,WS-06,AFTERNOON,5,2026-10-05T16:44:21,SAD,HAPPY,36.68,96.4,97.0,0.581,91.32,HIGH
34e26f89-481c-4a3f-a3ed-7fd14bf1352f,EMP0911,Worker_0911,RFID000911,Finishing,WS-08,AFTERNOON,5,2026-10-05T16:44:22,HAPPY,SAD,36.46,70.2,98.7,0.395,8.64,LOW
2c817ff7-ec55-4a9b-a5a6-30c1718d5ce3,EMP0386,Worker_0386,RFID000386,Production,WS-06,AFTERNOON,5,2026-10-05T16:44:25,SAD,OK,36.59,91.6,99.2,0.587,89.55,HIGH
0081af2f-6e7c-4271-b395-07dfd4f294ab,EMP0623,Worker_0623,RFID000623,Production,WS-04,AFTERNOON,5,2026-10-05T16:44:35,SAD,HAPPY,36.81,96.3,98.1,0.486,80.87,HIGH
d8e78709-a286-4cb9-8ec8-05d1d8f2ed85,EMP0865,Worker_0865,RFID000865,Maintenance,WS-01,AFTERNOON,5,2026-10-05T16:44:37,OK,HAPPY,36.71,74.8,97.6,0.297,42.48,MODERATE
1f0a5515-61d8-42a0-8609-181c92e07ebf,EMP0435,Worker_0435,RFID000435,Quality,WS-01,AFTERNOON,5,2026-10-05T16:44:44,SAD,OK,37.05,94.5,97.4,0.656,87.07,HIGH
72735d73-4d5d-419e-b705-ad6121bfc27a,EMP0034,Worker_0034,RFID000034,Stores,WS-01,AFTERNOON,5,2026-10-05T16:44:56,OK,HAPPY,36.67,66.3,98.1,0.382,38.21,MODERATE
fc219255-8363-43c4-bc64-29826d675b8f,EMP0750,Worker_0750,RFID000750,Production,WS-10,AFTERNOON,5,2026-10-05T16:45:16,OK,HAPPY,36.49,79.0,97.9,0.318,40.94,MODERATE
e78c3dbe-2425-4203-ad8c-427becea7748,EMP0476,Worker_0476,RFID000476,Packaging,WS-01,AFTERNOON,5,2026-10-05T16:45:20,OK,HAPPY,36.71,83.1,98.3,0.343,42.6,MODERATE
13f1dcc5-4043-4150-b8dd-de4696e46c39,EMP0179,Worker_0179,RFID000179,Packaging,WS-06,AFTERNOON,5,2026-10-05T16:45:24,HAPPY,OK,36.75,80.8,98.7,0.096,12.34,LOW
e78eeef9-a818-46c2-ad21-31d9b6c2dc83,EMP0424,Worker_0424,RFID000424,Packaging,WS-01,AFTERNOON,5,2026-10-05T16:45:29,OK,SAD,36.49,85.2,97.3,0.484,47.61,MODERATE
d2502431-2b1c-47a2-95db-3c72b60ab1a0,EMP0759,Worker_0759,RFID000759,Quality,WS-09,AFTERNOON,5,2026-10-05T16:45:35,HAPPY,HAPPY,36.53,64.4,98.5,0.2,11.28,LOW
29cf1ac2-22da-4a1f-bc3a-f3c577302fbe,EMP0454,Worker_0454,RFID000454,Packaging,WS-03,AFTERNOON,5,2026-10-05T16:45:39,HAPPY,OK,36.31,63.6,98.8,0.158,13.66,LOW
a74cc50b-29e4-414c-8862-3471f91ecba9,EMP0748,Worker_0748,RFID000748,Maintenance,WS-01,AFTERNOON,5,2026-10-05T16:45:44,HAPPY,HAPPY,36.38,79.3,99.3,0.237,12.84,LOW
98d9f4dc-ec04-430c-b2d5-194a4bde7036,EMP0354,Worker_0354,RFID000354,Maintenance,WS-10,AFTERNOON,5,2026-10-05T16:46:00,HAPPY,OK,36.54,76.9,98.2,0.266,12.34,LOW
116329d1-dc70-4f40-8aec-812b40a1de53,EMP0726,Worker_0726,RFID000726,Assembly,WS-01,AFTERNOON,5,2026-10-05T16:46:00,OK,OK,36.94,74.6,97.3,0.285,38.79,MODERATE
750e0931-d4e9-4827-b041-96751dba33b5,EMP0577,Worker_0577,RFID000577,Assembly,WS-04,AFTERNOON,5,2026-10-05T16:46:42,OK,OK,36.52,80.1,97.7,0.363,40.99,MODERATE
e35d4104-4786-48ce-80b7-47ea6c91154e,EMP0192,Worker_0192,RFID000192,Quality,WS-09,AFTERNOON,5,2026-10-05T16:46:43,OK,SAD,36.64,65.3,97.6,0.228,42.62,MODERATE
73f0b88b-b962-407a-b892-39b9378307e7,EMP0631,Worker_0631,RFID000631,Assembly,WS-02,AFTERNOON,5,2026-10-05T16:46:43,OK,HAPPY,36.72,70.6,97.2,0.222,33.55,LOW
901f44ed-39a0-41fd-9893-c4a10f6f07a2,EMP0652,Worker_0652,RFID000652,Packaging,WS-01,AFTERNOON,5,2026-10-05T16:47:03,OK,HAPPY,36.71,86.6,98.4,0.362,37.2,MODERATE
200f0a88-4f8f-45c6-8401-1f52612250a8,EMP0825,Worker_0825,RFID000825,Packaging,WS-04,AFTERNOON,5,2026-10-05T16:47:05,HAPPY,OK,36.33,71.8,98.3,0.233,13.11,LOW
de08fdfe-dd66-48b3-8f7f-29bbf1bbf364,EMP0936,Worker_0936,RFID000936,Maintenance,WS-08,AFTERNOON,5,2026-10-05T16:47:05,HAPPY,HAPPY,36.39,77.5,96.9,0.246,5.98,LOW
1272dde1-31ae-436e-b1ed-4c8f29d477ad,EMP0705,Worker_0705,RFID000705,Maintenance,WS-03,AFTERNOON,5,2026-10-05T16:47:13,HAPPY,OK,36.28,80.0,97.3,0.335,14.05,LOW
37217359-1d5b-49a0-934a-7942c2ea3c22,EMP0506,Worker_0506,RFID000506,Cutting,WS-08,AFTERNOON,5,2026-10-05T16:47:17,SAD,OK,36.7,94.6,98.2,0.324,83.04,HIGH
313dbb50-c134-45ad-8204-e8a3b2c4e389,EMP0910,Worker_0910,RFID000910,Production,WS-01,AFTERNOON,5,2026-10-05T16:47:21,OK,SAD,36.65,86.8,97.8,0.391,43.73,MODERATE
1f551ec2-77b7-4a4c-ad44-ad0e36cd2446,EMP0306,Worker_0306,RFID000306,Cutting,WS-05,AFTERNOON,5,2026-10-05T16:47:32,SAD,OK,36.55,78.4,96.6,0.607,79.65,HIGH
abe5e588-f32d-411b-ac58-c54301783b2a,EMP0949,Worker_0949,RFID000949,Quality,WS-10,AFTERNOON,5,2026-10-05T16:47:43,HAPPY,OK,36.74,80.0,97.2,0.228,14.66,LOW
7510012f-a671-4421-bf89-18d819ddbf26,EMP0241,Worker_0241,RFID000241,Stores,WS-06,AFTERNOON,5,2026-10-05T16:47:50,HAPPY,HAPPY,36.23,86.4,97.2,0.236,14.31,LOW
2fbc0967-cf26-4c7c-97aa-aa986e6b40a1,EMP0632,Worker_0632,RFID000632,Assembly,WS-02,AFTERNOON,5,2026-10-05T16:48:04,HAPPY,HAPPY,36.25,71.7,98.7,0.333,11.21,LOW
224e8104-c817-47db-93ae-46dcb4b5302f,EMP0558,Worker_0558,RFID000558,Quality,WS-03,AFTERNOON,5,2026-10-05T16:48:34,HAPPY,OK,36.68,72.6,98.5,0.136,13.45,LOW
48d42a5c-06e2-44ed-9f6d-bce84cf6546a,EMP0991,Worker_0991,RFID000991,Packaging,WS-01,AFTERNOON,5,2026-10-05T16:48:48,OK,OK,36.69,68.6,98.2,0.258,37.31,MODERATE
3d2e7ebf-6907-4b93-9c16-949ab3dc0652,EMP0671,Worker_0671,RFID000671,Stores,WS-06,AFTERNOON,5,2026-10-05T16:48:52,OK,OK,36.58,77.6,98.3,0.244,40.11,MODERATE
743b854c-3fa1-4cf8-855e-27104edf5091,EMP0539,Worker_0539,RFID000539,Production,WS-03,AFTERNOON,5,2026-10-05T16:49:00,SAD,HAPPY,36.92,100.0,97.9,0.626,90.87,HIGH
5118f973-a7e6-4488-9e1c-de2ff3d813a9,EMP0546,Worker_0546,RFID000546,Production,WS-05,AFTERNOON,5,2026-10-05T16:49:22,OK,OK,36.49,88.1,97.5,0.469,45.72,MODERATE
8ba88c8d-92cf-4c7a-925c-d266377233cc,EMP0426,Worker_0426,RFID000426,Production,WS-04,AFTERNOON,5,2026-10-05T16:49:35,SAD,OK,36.92,94.2,97.0,0.624,84.32,HIGH
d24749e9-6b18-43d2-8146-d4d6e5673fe8,EMP0442,Worker_0442,RFID000442,Assembly,WS-02,AFTERNOON,5,2026-10-05T16:50:02,OK,HAPPY,36.72,70.7,97.8,0.276,38.65,MODERATE
8e92afca-636f-4e85-a215-775bbdd83f02,EMP0469,Worker_0469,RFID000469,Cutting,WS-01,AFTERNOON,5,2026-10-05T16:50:03,SAD,HAPPY,36.66,80.7,98.8,0.628,78.87,HIGH
b67149bd-beb3-4b1e-812c-a1f339a153f9,EMP0543,Worker_0543,RFID000543,Finishing,WS-09,AFTERNOON,5,2026-10-05T16:50:08,OK,OK,36.82,90.3,97.2,0.243,46.97,MODERATE
37d8ad2c-f286-4d5e-8f2a-23f399c39cda,EMP0831,Worker_0831,RFID000831,Assembly,WS-04,AFTERNOON,5,2026-10-05T16:50:09,HAPPY,SAD,36.74,76.7,98.4,0.204,8.16,LOW
b3efec5c-7111-4dca-aff4-08cedd7685bb,EMP0340,Worker_0340,RFID000340,Cutting,WS-02,AFTERNOON,5,2026-10-05T16:50:48,HAPPY,OK,36.6,75.1,98.5,0.28,6.19,LOW
c18be7b0-eb20-4ecd-89f8-4f397bc1a9f6,EMP0867,Worker_0867,RFID000867,Finishing,WS-02,AFTERNOON,5,2026-10-05T16:51:03,OK,OK,36.47,84.1,97.9,0.347,36.96,MODERATE
056ca94f-8144-474c-8395-1dc7d586fc8e,EMP0069,Worker_0069,RFID000069,Finishing,WS-04,AFTERNOON,5,2026-10-05T16:51:09,HAPPY,OK,36.18,72.5,97.6,0.171,8.93,LOW
8da5e75f-150e-4cc7-a3cd-bc19b6b77369,EMP0239,Worker_0239,RFID000239,Maintenance,WS-05,AFTERNOON,5,2026-10-05T16:51:09,OK,SAD,36.59,79.1,98.3,0.249,38.15,MODERATE
5cb43648-2aff-4584-8396-5ec070382cf4,EMP0023,Worker_0023,RFID000023,Stores,WS-08,AFTERNOON,5,2026-10-05T16:51:45,HAPPY,OK,36.41,77.5,98.6,0.119,13.85,LOW
7e411f2f-f964-4898-b41a-4ac0b3e48cac,EMP0548,Worker_0548,RFID000548,Packaging,WS-09,AFTERNOON,5,2026-10-05T16:52:00,OK,OK,36.75,91.9,98.6,0.376,47.67,MODERATE
1c6ce384-395c-4199-94ea-7f1f567ce886,EMP0713,Worker_0713,RFID000713,Cutting,WS-01,AFTERNOON,5,2026-10-05T16:52:25,HAPPY,OK,36.42,76.8,98.0,0.184,9.5,LOW
7568d1e9-a987-4346-9cee-fe34f22ad6e4,EMP0449,Worker_0449,RFID000449,Cutting,WS-06,AFTERNOON,5,2026-10-05T16:53:19,SAD,OK,36.37,86.4,97.7,0.495,83.42,HIGH
8a80e227-315a-44f7-bd63-12b8798d0f81,EMP0498,Worker_0498,RFID000498,Cutting,WS-02,AFTERNOON,5,2026-10-05T16:53:22,SAD,OK,36.91,84.1,97.9,0.466,80.94,HIGH
80700d15-618c-426e-a54d-64e75a9e26df,EMP0104,Worker_0104,RFID000104,Packaging,WS-07,AFTERNOON,5,2026-10-05T16:53:51,OK,HAPPY,36.38,69.2,97.8,0.155,33.29,LOW
63e5d280-4ace-4e54-983e-e2183d73a420,EMP0131,Worker_0131,RFID000131,Packaging,WS-08,AFTERNOON,5,2026-10-05T16:53:52,OK,SAD,36.57,78.6,98.8,0.484,41.29,MODERATE
24b0e804-d9d4-4bcd-8fb6-d3e0511bb2ca,EMP0102,Worker_0102,RFID000102,Cutting,WS-08,AFTERNOON,5,2026-10-05T16:54:17,HAPPY,OK,36.47,77.4,97.3,0.127,8.48,LOW
408e1a9d-d178-40ad-b16a-d3d8f31b5a45,EMP0978,Worker_0978,RFID000978,Stores,WS-02,AFTERNOON,5,2026-10-05T16:54:19,OK,OK,36.47,88.6,98.2,0.428,46.46,MODERATE
26b4bcd8-748f-469a-92e9-665c27d93193,EMP0360,Worker_0360,RFID000360,Finishing,WS-09,AFTERNOON,5,2026-10-05T16:54:55,OK,OK,36.61,77.3,96.7,0.36,41.92,MODERATE
cc896ab6-82c6-4d91-afc8-3f5a19ea07a4,EMP0701,Worker_0701,RFID000701,Quality,WS-04,AFTERNOON,5,2026-10-05T16:55:03,OK,OK,36.68,79.1,97.9,0.261,34.9,LOW
9187e7e3-8d1a-4376-b9e4-cbb3a0865c6a,EMP0611,Worker_0611,RFID000611,Packaging,WS-10,AFTERNOON,5,2026-10-05T16:55:05,OK,OK,36.86,79.7,97.1,0.193,42.42,MODERATE
274cc39e-e976-4bea-b084-32cb5b903ac9,EMP0559,Worker_0559,RFID000559,Production,WS-09,AFTERNOON,5,2026-10-05T16:55:32,HAPPY,HAPPY,36.56,71.2,97.7,0.107,11.79,LOW
b1bb0a3a-915d-4734-b240-d809bc19a550,EMP0918,Worker_0918,RFID000918,Assembly,WS-06,AFTERNOON,5,2026-10-05T16:56:00,OK,HAPPY,36.67,70.8,96.1,0.342,36.49,MODERATE
7bcf722e-330a-4418-aece-a2d3321fa868,EMP0264,Worker_0264,RFID000264,Finishing,WS-04,AFTERNOON,5,2026-10-05T16:56:05,OK,OK,36.69,72.0,98.7,0.367,35.69,MODERATE
1d595947-3bf3-4af5-80d6-08a42b5f15e1,EMP0459,Worker_0459,RFID000459,Maintenance,WS-07,AFTERNOON,5,2026-10-05T16:56:33,HAPPY,HAPPY,36.5,75.9,98.3,0.203,10.2,LOW
7b5041c9-d227-4f3b-b97f-18b231bba7f4,EMP0186,Worker_0186,RFID000186,Production,WS-08,AFTERNOON,5,2026-10-05T16:56:38,OK,SAD,36.89,71.7,97.7,0.324,40.17,MODERATE
94173978-3cbb-45d3-aef2-e524656e3da2,EMP0604,Worker_0604,RFID000604,Assembly,WS-09,AFTERNOON,5,2026-10-05T16:56:42,OK,OK,36.76,85.3,98.6,0.256,40.28,MODERATE
0454417c-250d-4f79-9af6-157b34504e3f,EMP0998,Worker_0998,RFID000998,Quality,WS-05,AFTERNOON,5,2026-10-05T16:56:52,OK,OK,36.51,80.0,98.2,0.211,37.0,MODERATE
f3012e21-5a66-42d2-ae16-c3944e9bea22,EMP0994,Worker_0994,RFID000994,Cutting,WS-01,AFTERNOON,5,2026-10-05T16:57:14,HAPPY,HAPPY,36.24,78.5,98.6,0.204,7.36,LOW
31136b38-7e5a-4397-ace9-5d2e12f889d1,EMP0916,Worker_0916,RFID000916,Production,WS-06,AFTERNOON,5,2026-10-05T16:57:26,OK,HAPPY,36.29,78.2,99.2,0.346,33.61,LOW
44a95159-0e82-4936-8e47-b6b391c872d7,EMP0983,Worker_0983,RFID000983,Maintenance,WS-10,AFTERNOON,5,2026-10-05T16:57:26,HAPPY,HAPPY,36.35,67.2,98.1,0.115,9.35,LOW
d15f914c-bab8-439b-b2b9-4bb6c4ced0ec,EMP0147,Worker_0147,RFID000147,Stores,WS-04,AFTERNOON,5,2026-10-05T16:58:01,OK,SAD,36.85,80.1,98.8,0.245,41.62,MODERATE
24b352ad-b8eb-448d-9569-2814a63f60a8,EMP0980,Worker_0980,RFID000980,Production,WS-09,AFTERNOON,5,2026-10-05T16:58:06,HAPPY,OK,36.43,78.5,97.9,0.264,13.25,LOW
2e6bd218-17d4-4a5e-931b-ef1a42b0b16d,EMP0595,Worker_0595,RFID000595,Production,WS-03,AFTERNOON,5,2026-10-05T16:58:07,HAPPY,HAPPY,36.5,78.1,99.0,0.301,6.53,LOW
9df25c0a-18f0-4e1a-acb3-dae611566133,EMP0667,Worker_0667,RFID000667,Assembly,WS-02,AFTERNOON,5,2026-10-05T16:58:22,HAPPY,HAPPY,36.61,77.1,97.6,0.232,7.05,LOW
0c1ff49b-e56f-489b-8483-053cb9777e2e,EMP0578,Worker_0578,RFID000578,Quality,WS-07,AFTERNOON,5,2026-10-05T16:58:24,OK,OK,36.28,72.3,98.7,0.188,38.5,MODERATE
81f7fe31-70a2-4381-9b73-ecfba7f3ba81,EMP0609,Worker_0609,RFID000609,Stores,WS-06,AFTERNOON,5,2026-10-05T16:58:40,HAPPY,OK,36.52,69.2,97.7,0.297,11.38,LOW
b7886d19-3890-404d-b4de-0e93f8b4b09f,EMP0248,Worker_0248,RFID000248,Cutting,WS-09,AFTERNOON,5,2026-10-05T16:58:41,OK,SAD,36.51,73.5,98.3,0.376,39.39,MODERATE
9598e8ba-575a-436e-a592-d68606861314,EMP0183,Worker_0183,RFID000183,Production,WS-06,AFTERNOON,5,2026-10-05T16:58:48,OK,OK,36.47,76.0,97.7,0.252,40.37,MODERATE
c15b76a1-344a-46e8-9f5b-ddbd5126230c,EMP0944,Worker_0944,RFID000944,Finishing,WS-06,AFTERNOON,5,2026-10-05T16:58:49,OK,OK,36.74,87.2,97.7,0.204,46.27,MODERATE
710b75f4-4b0b-4424-b663-1c5d9218ad47,EMP0139,Worker_0139,RFID000139,Stores,WS-09,AFTERNOON,5,2026-10-05T16:58:56,OK,OK,36.55,80.3,97.3,0.452,42.34,MODERATE
083cdd9d-306e-4425-80bf-d5bc11fe6fdc,EMP0650,Worker_0650,RFID000650,Assembly,WS-05,AFTERNOON,5,2026-10-05T16:59:10,HAPPY,HAPPY,36.43,77.0,97.8,0.14,14.98,LOW
59176600-e345-47be-a597-b85b9787baa0,EMP0959,Worker_0959,RFID000959,Assembly,WS-09,AFTERNOON,5,2026-10-05T16:59:58,OK,HAPPY,36.47,76.0,96.6,0.444,44.02,MODERATE
